Farm_ID,Date,Crop,Disease,Growth_Stage,Weather_Condition,Severity,Treatment_Applied,Treatment_Type,Dosage,Cost_Per_Acre,Outcome,Analyst_Notes
1252e585,9/21/2025,Tomato,Early Blight,Harvest Ready,Dry/Sunny,Moderate,Bacillus subtilis,Organic,2.0 pts/acre,35,Partial Control,Bacillus subtilis used during Harvest Ready stage under Dry/Sunny conditions for Moderate Early Blight. Outcome: Partial Control. Recommended.
5705d189,2/27/2025,Potato,Early Blight,Harvest Ready,Humid,Moderate,Chlorothalonil (Bravo),Chemical,2.0 pts/acre,20,Success,Chlorothalonil (Bravo) used during Harvest Ready stage under Humid conditions for Moderate Early Blight. Outcome: Success. Recommended.
83f23b35,3/24/2025,Grape,Black Rot,Fruiting,Humid,High,Captan,Chemical,3.0 pts/acre,25,Partial Control,Captan used during Fruiting stage under Humid conditions for High Black Rot. Outcome: Partial Control. Recommended.
47e0154e,3/21/2025,Grape,Leaf Blight,Seedling,Dry/Sunny,Low,Mancozeb,Chemical,2.0 pts/acre,17,Success,Mancozeb used during Seedling stage under Dry/Sunny conditions for Low Leaf Blight. Outcome: Success. Recommended.
c606c12c,12/9/2025,Tomato,Early Blight,Harvest Ready,Dry/Sunny,Critical,Mancozeb (Dithane),Chemical,3.0 pts/acre,19,Failure,Mancozeb (Dithane) used during Harvest Ready stage under Dry/Sunny conditions for Critical Early Blight. Outcome: Failure. unsafe due to PHI (5 days).
fc07a056,2/28/2025,Tomato,Bacterial Spot,Flowering,Hot,High,Bacteriophages,Organic,3.0 pts/acre,55,Partial Control,Bacteriophages used during Flowering stage under Hot conditions for High Bacterial Spot. Outcome: Partial Control. Recommended.
9f9e1679,5/8/2025,Grape,Black Rot,Seedling,Rainy,Critical,Lime Sulfur,Organic,3.0 pts/acre,13,Failure,Lime Sulfur used during Seedling stage under Rainy conditions for Critical Black Rot. Outcome: Failure. Recommended.
0d3b1f12,6/29/2025,Apple,Black Rot,Flowering,Cold,Moderate,Thiophanate-methyl,Chemical,2.0 pts/acre,32,Success,Thiophanate-methyl used during Flowering stage under Cold conditions for Moderate Black Rot. Outcome: Success. Recommended.
d00f611c,4/12/2025,Apple,Black Rot,Flowering,Hot,Low,Lime Sulfur,Organic,2.0 pts/acre,13,Partial Control,Lime Sulfur used during Flowering stage under Hot conditions for Low Black Rot. Outcome: Partial Control. Recommended.
58f692ef,8/23/2025,Apple,Apple Scab,Fruiting,Cold,Critical,Captan,Chemical,3.0 pts/acre,23,Success,Captan used during Fruiting stage under Cold conditions for Critical Apple Scab. Outcome: Success. Recommended.
936cb51b,5/11/2025,Potato,Late Blight,Harvest Ready,Hot,High,Fixed Copper,Organic,3.0 pts/acre,12,Partial Control,Fixed Copper used during Harvest Ready stage under Hot conditions for High Late Blight. Outcome: Partial Control. Recommended.
029016d5,3/7/2025,Apple,Cedar Apple Rust,Vegetative,Dry/Sunny,Critical,Propiconazole,Chemical,3.0 pts/acre,30,Success,Propiconazole used during Vegetative stage under Dry/Sunny conditions for Critical Cedar Apple Rust. Outcome: Success. Recommended.
b8ebfb66,3/9/2025,Apple,Apple Scab,Flowering,Rainy,High,Sulfur,Organic,3.0 pts/acre,9,Failure,Sulfur used during Flowering stage under Rainy conditions for High Apple Scab. Outcome: Failure. Recommended.
4c33f1de,11/8/2025,Potato,Early Blight,Seedling,Humid,Moderate,Chlorothalonil (Bravo),Chemical,2.0 pts/acre,24,Success,Chlorothalonil (Bravo) used during Seedling stage under Humid conditions for Moderate Early Blight. Outcome: Success. Recommended.
733e1f85,8/15/2025,Potato,Late Blight,Flowering,Dry/Sunny,Moderate,Ridomil Gold,Chemical,2.0 pts/acre,57,Success,Ridomil Gold used during Flowering stage under Dry/Sunny conditions for Moderate Late Blight. Outcome: Success. Recommended.
4d31255a,12/8/2025,Grape,Leaf Blight,Vegetative,Hot,High,Mancozeb,Chemical,3.0 pts/acre,18,Partial Control,Mancozeb used during Vegetative stage under Hot conditions for High Leaf Blight. Outcome: Partial Control. Recommended.
79c86d61,2/3/2026,Potato,Late Blight,Vegetative,Rainy,Critical,Propamocarb,Chemical,3.0 pts/acre,44,Partial Control,Propamocarb used during Vegetative stage under Rainy conditions for Critical Late Blight. Outcome: Partial Control. Recommended.
3403aed3,12/17/2025,Tomato,Bacterial Spot,Harvest Ready,Rainy,Moderate,Bacteriophages,Organic,2.0 pts/acre,49,Partial Control,Bacteriophages used during Harvest Ready stage under Rainy conditions for Moderate Bacterial Spot. Outcome: Partial Control. Recommended.
ea8ead90,5/22/2025,Tomato,Late Blight,Vegetative,Rainy,Low,Fixed Copper,Organic,2.0 pts/acre,11,Partial Control,Fixed Copper used during Vegetative stage under Rainy conditions for Low Late Blight. Outcome: Partial Control. Recommended.
4d1a4878,2/8/2026,Potato,Early Blight,Vegetative,Humid,Low,Azoxystrobin (Quadris),Chemical,2.0 pts/acre,48,Success,Azoxystrobin (Quadris) used during Vegetative stage under Humid conditions for Low Early Blight. Outcome: Success. Recommended.
7bb21415,2/12/2026,Grape,Esca (Black Measles),Seedling,Cold,Critical,Pruning & Sanitation,Mechanical,3.0 pts/acre,100,Partial Control,Pruning & Sanitation used during Seedling stage under Cold conditions for Critical Esca (Black Measles). Outcome: Partial Control. Recommended.
1be46f55,2/28/2025,Apple,Black Rot,Fruiting,Rainy,Critical,Lime Sulfur,Organic,3.0 pts/acre,12,Failure,Lime Sulfur used during Fruiting stage under Rainy conditions for Critical Black Rot. Outcome: Failure. Recommended.
ca46e932,6/28/2025,Potato,Late Blight,Flowering,Humid,Critical,Fixed Copper,Organic,3.0 pts/acre,14,Failure,Fixed Copper used during Flowering stage under Humid conditions for Critical Late Blight. Outcome: Failure. Recommended.
f3574fbf,1/28/2026,Tomato,Early Blight,Seedling,Rainy,Critical,Bacillus subtilis,Organic,3.0 pts/acre,35,Failure,Bacillus subtilis used during Seedling stage under Rainy conditions for Critical Early Blight. Outcome: Failure. Recommended.
d7071efa,5/11/2025,Tomato,Bacterial Spot,Seedling,Hot,High,Agri-Mycin,Chemical,3.0 pts/acre,34,Partial Control,Agri-Mycin used during Seedling stage under Hot conditions for High Bacterial Spot. Outcome: Partial Control. Recommended.
45a2ebe2,2/8/2026,Grape,Esca (Black Measles),Flowering,Rainy,Critical,Trichoderma species,Organic,3.0 pts/acre,36,Failure,Trichoderma species used during Flowering stage under Rainy conditions for Critical Esca (Black Measles). Outcome: Failure. Recommended.
29da544e,8/7/2025,Grape,Esca (Black Measles),Flowering,Hot,Moderate,Trichoderma species,Organic,2.0 pts/acre,44,Partial Control,Trichoderma species used during Flowering stage under Hot conditions for Moderate Esca (Black Measles). Outcome: Partial Control. Recommended.
9.76E+10,1/8/2026,Tomato,Late Blight,Fruiting,Cold,Moderate,Propamocarb,Chemical,2.0 pts/acre,39,Success,Propamocarb used during Fruiting stage under Cold conditions for Moderate Late Blight. Outcome: Success. Recommended.
930a952c,5/29/2025,Apple,Apple Scab,Fruiting,Hot,Low,Myclobutanil,Chemical,2.0 pts/acre,36,Success,Myclobutanil used during Fruiting stage under Hot conditions for Low Apple Scab. Outcome: Success. Recommended.
fb69e630,3/31/2025,Tomato,Bacterial Spot,Vegetative,Rainy,High,Copper + Mancozeb,Chemical,3.0 pts/acre,30,Partial Control,Copper + Mancozeb used during Vegetative stage under Rainy conditions for High Bacterial Spot. Outcome: Partial Control. Recommended.
71465737,1/6/2026,Potato,Late Blight,Fruiting,Hot,High,Propamocarb,Chemical,3.0 pts/acre,44,Success,Propamocarb used during Fruiting stage under Hot conditions for High Late Blight. Outcome: Success. Recommended.
91d41e1b,12/22/2025,Tomato,Late Blight,Flowering,Humid,Critical,Fixed Copper,Organic,3.0 pts/acre,20,Failure,Fixed Copper used during Flowering stage under Humid conditions for Critical Late Blight. Outcome: Failure. Recommended.
2f5a6de5,6/18/2025,Potato,Early Blight,Vegetative,Hot,Critical,Bacillus subtilis,Organic,3.0 pts/acre,32,Failure,Bacillus subtilis used during Vegetative stage under Hot conditions for Critical Early Blight. Outcome: Failure. Recommended.
e6554a48,1/21/2026,Potato,Early Blight,Vegetative,Humid,Critical,Mancozeb (Dithane),Chemical,3.0 pts/acre,19,Success,Mancozeb (Dithane) used during Vegetative stage under Humid conditions for Critical Early Blight. Outcome: Success. Recommended.
54d449ba,3/13/2025,Apple,Black Rot,Seedling,Dry/Sunny,Low,Thiophanate-methyl,Chemical,2.0 pts/acre,34,Success,Thiophanate-methyl used during Seedling stage under Dry/Sunny conditions for Low Black Rot. Outcome: Success. Recommended.
32f1e65a,7/17/2025,Apple,Cedar Apple Rust,Vegetative,Humid,Moderate,Propiconazole,Chemical,2.0 pts/acre,34,Success,Propiconazole used during Vegetative stage under Humid conditions for Moderate Cedar Apple Rust. Outcome: Success. Recommended.
48e724a7,7/10/2025,Potato,Early Blight,Harvest Ready,Humid,Critical,Azoxystrobin (Quadris),Chemical,3.0 pts/acre,48,Success,Azoxystrobin (Quadris) used during Harvest Ready stage under Humid conditions for Critical Early Blight. Outcome: Success. Recommended.
54883c9f,10/29/2025,Tomato,Early Blight,Harvest Ready,Cold,Moderate,Copper Hydroxide,Organic,2.0 pts/acre,20,Partial Control,Copper Hydroxide used during Harvest Ready stage under Cold conditions for Moderate Early Blight. Outcome: Partial Control. Recommended.
27e2fce0,1/14/2026,Potato,Early Blight,Vegetative,Hot,High,Azoxystrobin (Quadris),Chemical,3.0 pts/acre,46,Success,Azoxystrobin (Quadris) used during Vegetative stage under Hot conditions for High Early Blight. Outcome: Success. Recommended.
d97d436e,3/2/2025,Grape,Esca (Black Measles),Flowering,Dry/Sunny,Low,Pruning & Sanitation,Mechanical,2.0 pts/acre,95,Partial Control,Pruning & Sanitation used during Flowering stage under Dry/Sunny conditions for Low Esca (Black Measles). Outcome: Partial Control. Recommended.
190ece19,1/2/2026,Potato,Early Blight,Vegetative,Rainy,Low,Copper Hydroxide,Organic,2.0 pts/acre,14,Failure,Copper Hydroxide used during Vegetative stage under Rainy conditions for Low Early Blight. Outcome: Failure. Recommended.
746386cf,7/11/2025,Grape,Esca (Black Measles),Fruiting,Cold,Critical,Trichoderma species,Organic,3.0 pts/acre,43,Failure,Trichoderma species used during Fruiting stage under Cold conditions for Critical Esca (Black Measles). Outcome: Failure. Recommended.
92598dde,11/29/2025,Apple,Cedar Apple Rust,Fruiting,Rainy,High,Myclobutanil,Chemical,3.0 pts/acre,43,Partial Control,Myclobutanil used during Fruiting stage under Rainy conditions for High Cedar Apple Rust. Outcome: Partial Control. Recommended.
1d5a0ccd,9/24/2025,Apple,Black Rot,Vegetative,Rainy,Low,Thiophanate-methyl,Chemical,2.0 pts/acre,36,Partial Control,Thiophanate-methyl used during Vegetative stage under Rainy conditions for Low Black Rot. Outcome: Partial Control. Recommended.
caa73bf4,8/30/2025,Potato,Early Blight,Vegetative,Humid,Critical,Copper Hydroxide,Organic,3.0 pts/acre,10,Failure,Copper Hydroxide used during Vegetative stage under Humid conditions for Critical Early Blight. Outcome: Failure. Recommended.
b371ed30,10/15/2025,Potato,Late Blight,Vegetative,Rainy,High,Ridomil Gold,Chemical,3.0 pts/acre,57,Partial Control,Ridomil Gold used during Vegetative stage under Rainy conditions for High Late Blight. Outcome: Partial Control. Recommended.
3f637c63,3/6/2025,Grape,Leaf Blight,Seedling,Rainy,Critical,Copper Oxychloride,Chemical,3.0 pts/acre,18,Partial Control,Copper Oxychloride used during Seedling stage under Rainy conditions for Critical Leaf Blight. Outcome: Partial Control. Recommended.
9d9c27d4,12/10/2025,Apple,Apple Scab,Flowering,Humid,Moderate,Sulfur,Organic,2.0 pts/acre,11,Partial Control,Sulfur used during Flowering stage under Humid conditions for Moderate Apple Scab. Outcome: Partial Control. Recommended.
e8f8d939,3/19/2025,Tomato,Late Blight,Vegetative,Dry/Sunny,Low,Fixed Copper,Organic,2.0 pts/acre,16,Partial Control,Fixed Copper used during Vegetative stage under Dry/Sunny conditions for Low Late Blight. Outcome: Partial Control. Recommended.
b564dd01,10/27/2025,Apple,Black Rot,Flowering,Humid,Low,Thiophanate-methyl,Chemical,2.0 pts/acre,37,Success,Thiophanate-methyl used during Flowering stage under Humid conditions for Low Black Rot. Outcome: Success. Recommended.
e46d61ab,4/29/2025,Potato,Early Blight,Fruiting,Cold,High,Azoxystrobin (Quadris),Chemical,3.0 pts/acre,43,Success,Azoxystrobin (Quadris) used during Fruiting stage under Cold conditions for High Early Blight. Outcome: Success. Recommended.
eebe374b,4/13/2025,Tomato,Early Blight,Fruiting,Rainy,High,Bacillus subtilis,Organic,3.0 pts/acre,30,Failure,Bacillus subtilis used during Fruiting stage under Rainy conditions for High Early Blight. Outcome: Failure. Recommended.
a45ce013,3/14/2025,Potato,Late Blight,Vegetative,Hot,Critical,Fixed Copper,Organic,3.0 pts/acre,10,Failure,Fixed Copper used during Vegetative stage under Hot conditions for Critical Late Blight. Outcome: Failure. Recommended.
9b0806ad,5/15/2025,Apple,Cedar Apple Rust,Harvest Ready,Rainy,High,Myclobutanil,Chemical,3.0 pts/acre,43,Failure,Myclobutanil used during Harvest Ready stage under Rainy conditions for High Cedar Apple Rust. Outcome: Failure. unsafe due to PHI (14 days).
a1b8773d,5/20/2025,Tomato,Bacterial Spot,Flowering,Hot,Critical,Bacteriophages,Organic,3.0 pts/acre,45,Failure,Bacteriophages used during Flowering stage under Hot conditions for Critical Bacterial Spot. Outcome: Failure. Recommended.
f2ff243a,11/1/2025,Tomato,Early Blight,Fruiting,Rainy,Critical,Azoxystrobin (Quadris),Chemical,3.0 pts/acre,41,Success,Azoxystrobin (Quadris) used during Fruiting stage under Rainy conditions for Critical Early Blight. Outcome: Success. Recommended.
803ad9af,5/21/2025,Tomato,Early Blight,Harvest Ready,Cold,High,Mancozeb (Dithane),Chemical,3.0 pts/acre,21,Failure,Mancozeb (Dithane) used during Harvest Ready stage under Cold conditions for High Early Blight. Outcome: Failure. unsafe due to PHI (5 days).
b0b61633,11/4/2025,Potato,Late Blight,Seedling,Rainy,High,Fixed Copper,Organic,3.0 pts/acre,10,Failure,Fixed Copper used during Seedling stage under Rainy conditions for High Late Blight. Outcome: Failure. Recommended.
853e09c5,7/21/2025,Apple,Cedar Apple Rust,Vegetative,Rainy,High,Propiconazole,Chemical,3.0 pts/acre,34,Partial Control,Propiconazole used during Vegetative stage under Rainy conditions for High Cedar Apple Rust. Outcome: Partial Control. Recommended.
d931991d,10/1/2025,Grape,Black Rot,Vegetative,Rainy,Moderate,Captan,Chemical,2.0 pts/acre,18,Partial Control,Captan used during Vegetative stage under Rainy conditions for Moderate Black Rot. Outcome: Partial Control. Recommended.
1b6343d5,9/7/2025,Grape,Black Rot,Fruiting,Hot,Moderate,Thiophanate-methyl,Chemical,2.0 pts/acre,37,Success,Thiophanate-methyl used during Fruiting stage under Hot conditions for Moderate Black Rot. Outcome: Success. Recommended.
349668c3,4/8/2025,Tomato,Early Blight,Seedling,Dry/Sunny,Critical,Azoxystrobin (Quadris),Chemical,3.0 pts/acre,42,Success,Azoxystrobin (Quadris) used during Seedling stage under Dry/Sunny conditions for Critical Early Blight. Outcome: Success. Recommended.
688a6519,9/22/2025,Grape,Leaf Blight,Vegetative,Hot,Low,Mancozeb,Chemical,2.0 pts/acre,24,Success,Mancozeb used during Vegetative stage under Hot conditions for Low Leaf Blight. Outcome: Success. Recommended.
6f3a9995,9/13/2025,Potato,Early Blight,Flowering,Dry/Sunny,Low,Chlorothalonil (Bravo),Chemical,2.0 pts/acre,21,Success,Chlorothalonil (Bravo) used during Flowering stage under Dry/Sunny conditions for Low Early Blight. Outcome: Success. Recommended.
44d6ee54,8/26/2025,Tomato,Bacterial Spot,Harvest Ready,Hot,High,Bacteriophages,Organic,3.0 pts/acre,51,Partial Control,Bacteriophages used during Harvest Ready stage under Hot conditions for High Bacterial Spot. Outcome: Partial Control. Recommended.
7a1d5182,10/28/2025,Grape,Black Rot,Fruiting,Rainy,Critical,Captan,Chemical,3.0 pts/acre,17,Partial Control,Captan used during Fruiting stage under Rainy conditions for Critical Black Rot. Outcome: Partial Control. Recommended.
81d8988d,5/14/2025,Tomato,Early Blight,Vegetative,Dry/Sunny,Critical,Azoxystrobin (Quadris),Chemical,3.0 pts/acre,45,Success,Azoxystrobin (Quadris) used during Vegetative stage under Dry/Sunny conditions for Critical Early Blight. Outcome: Success. Recommended.
7b4262e4,10/23/2025,Tomato,Late Blight,Fruiting,Humid,High,Fixed Copper,Organic,3.0 pts/acre,17,Partial Control,Fixed Copper used during Fruiting stage under Humid conditions for High Late Blight. Outcome: Partial Control. Recommended.
b1efc409,9/26/2025,Potato,Early Blight,Seedling,Hot,Moderate,Azoxystrobin (Quadris),Chemical,2.0 pts/acre,40,Success,Azoxystrobin (Quadris) used during Seedling stage under Hot conditions for Moderate Early Blight. Outcome: Success. Recommended.
be07a5b2,6/6/2025,Potato,Late Blight,Flowering,Rainy,Low,Fixed Copper,Organic,2.0 pts/acre,20,Partial Control,Fixed Copper used during Flowering stage under Rainy conditions for Low Late Blight. Outcome: Partial Control. Recommended.
96ac046b,5/7/2025,Potato,Late Blight,Flowering,Dry/Sunny,High,Fixed Copper,Organic,3.0 pts/acre,14,Partial Control,Fixed Copper used during Flowering stage under Dry/Sunny conditions for High Late Blight. Outcome: Partial Control. Recommended.
ba3369bc,4/26/2025,Apple,Apple Scab,Vegetative,Dry/Sunny,Low,Sulfur,Organic,2.0 pts/acre,10,Partial Control,Sulfur used during Vegetative stage under Dry/Sunny conditions for Low Apple Scab. Outcome: Partial Control. Recommended.
1f1bdbac,12/27/2025,Grape,Black Rot,Vegetative,Dry/Sunny,Critical,Lime Sulfur,Organic,3.0 pts/acre,17,Failure,Lime Sulfur used during Vegetative stage under Dry/Sunny conditions for Critical Black Rot. Outcome: Failure. Recommended.
21926113,11/11/2025,Tomato,Early Blight,Harvest Ready,Dry/Sunny,Critical,Copper Hydroxide,Organic,3.0 pts/acre,18,Failure,Copper Hydroxide used during Harvest Ready stage under Dry/Sunny conditions for Critical Early Blight. Outcome: Failure. Recommended.
80d68feb,11/5/2025,Potato,Late Blight,Fruiting,Hot,Moderate,Fixed Copper,Organic,2.0 pts/acre,13,Partial Control,Fixed Copper used during Fruiting stage under Hot conditions for Moderate Late Blight. Outcome: Partial Control. Recommended.
4b775bb2,4/11/2025,Tomato,Early Blight,Vegetative,Rainy,Critical,Bacillus subtilis,Organic,3.0 pts/acre,29,Failure,Bacillus subtilis used during Vegetative stage under Rainy conditions for Critical Early Blight. Outcome: Failure. Recommended.
8482d066,5/6/2025,Grape,Black Rot,Vegetative,Hot,Low,Thiophanate-methyl,Chemical,2.0 pts/acre,36,Success,Thiophanate-methyl used during Vegetative stage under Hot conditions for Low Black Rot. Outcome: Success. Recommended.
ebe8e85c,9/1/2025,Grape,Black Rot,Fruiting,Dry/Sunny,High,Captan,Chemical,3.0 pts/acre,27,Partial Control,Captan used during Fruiting stage under Dry/Sunny conditions for High Black Rot. Outcome: Partial Control. Recommended.
c030dd23,9/1/2025,Potato,Early Blight,Flowering,Humid,High,Mancozeb (Dithane),Chemical,3.0 pts/acre,16,Partial Control,Mancozeb (Dithane) used during Flowering stage under Humid conditions for High Early Blight. Outcome: Partial Control. Recommended.
df1e2383,12/26/2025,Apple,Black Rot,Harvest Ready,Dry/Sunny,Moderate,Captan,Chemical,2.0 pts/acre,23,Success,Captan used during Harvest Ready stage under Dry/Sunny conditions for Moderate Black Rot. Outcome: Success. Recommended.
7615150b,2/3/2026,Potato,Early Blight,Vegetative,Dry/Sunny,Moderate,Bacillus subtilis,Organic,2.0 pts/acre,35,Partial Control,Bacillus subtilis used during Vegetative stage under Dry/Sunny conditions for Moderate Early Blight. Outcome: Partial Control. Recommended.
a0ea7c7f,1/24/2026,Tomato,Late Blight,Harvest Ready,Dry/Sunny,High,Propamocarb,Chemical,3.0 pts/acre,39,Failure,Propamocarb used during Harvest Ready stage under Dry/Sunny conditions for High Late Blight. Outcome: Failure. unsafe due to PHI (5 days).
5623d780,4/28/2025,Potato,Early Blight,Harvest Ready,Hot,Moderate,Chlorothalonil (Bravo),Chemical,2.0 pts/acre,22,Success,Chlorothalonil (Bravo) used during Harvest Ready stage under Hot conditions for Moderate Early Blight. Outcome: Success. Recommended.
dcb060e3,12/14/2025,Grape,Leaf Blight,Seedling,Humid,High,Copper Oxychloride,Chemical,3.0 pts/acre,22,Partial Control,Copper Oxychloride used during Seedling stage under Humid conditions for High Leaf Blight. Outcome: Partial Control. Recommended.
aa83f35e,1/11/2026,Grape,Esca (Black Measles),Flowering,Cold,High,Pruning & Sanitation,Mechanical,3.0 pts/acre,101,Partial Control,Pruning & Sanitation used during Flowering stage under Cold conditions for High Esca (Black Measles). Outcome: Partial Control. Recommended.
f63fef75,7/29/2025,Grape,Black Rot,Seedling,Dry/Sunny,Moderate,Lime Sulfur,Organic,2.0 pts/acre,17,Partial Control,Lime Sulfur used during Seedling stage under Dry/Sunny conditions for Moderate Black Rot. Outcome: Partial Control. Recommended.
4a21f3f6,2/28/2025,Apple,Black Rot,Flowering,Humid,Moderate,Captan,Chemical,2.0 pts/acre,18,Success,Captan used during Flowering stage under Humid conditions for Moderate Black Rot. Outcome: Success. Recommended.
002901dc,10/18/2025,Apple,Apple Scab,Vegetative,Hot,Moderate,Myclobutanil,Chemical,2.0 pts/acre,43,Success,Myclobutanil used during Vegetative stage under Hot conditions for Moderate Apple Scab. Outcome: Success. Recommended.
fddc2aab,11/21/2025,Tomato,Bacterial Spot,Vegetative,Dry/Sunny,Critical,Copper + Mancozeb,Chemical,3.0 pts/acre,24,Success,Copper + Mancozeb used during Vegetative stage under Dry/Sunny conditions for Critical Bacterial Spot. Outcome: Success. Recommended.
f3de8f07,5/26/2025,Potato,Early Blight,Harvest Ready,Rainy,High,Azoxystrobin (Quadris),Chemical,3.0 pts/acre,45,Partial Control,Azoxystrobin (Quadris) used during Harvest Ready stage under Rainy conditions for High Early Blight. Outcome: Partial Control. Recommended.
67a44185,3/15/2025,Apple,Black Rot,Flowering,Humid,Low,Thiophanate-methyl,Chemical,2.0 pts/acre,36,Success,Thiophanate-methyl used during Flowering stage under Humid conditions for Low Black Rot. Outcome: Success. Recommended.
689755f1,10/13/2025,Potato,Late Blight,Seedling,Cold,Critical,Ridomil Gold,Chemical,3.0 pts/acre,50,Success,Ridomil Gold used during Seedling stage under Cold conditions for Critical Late Blight. Outcome: Success. Recommended.
e9482f57,8/11/2025,Tomato,Early Blight,Fruiting,Cold,High,Mancozeb (Dithane),Chemical,3.0 pts/acre,16,Partial Control,Mancozeb (Dithane) used during Fruiting stage under Cold conditions for High Early Blight. Outcome: Partial Control. Recommended.
7cd83bab,2/18/2025,Apple,Apple Scab,Flowering,Cold,Critical,Captan,Chemical,3.0 pts/acre,17,Success,Captan used during Flowering stage under Cold conditions for Critical Apple Scab. Outcome: Success. Recommended.
3c6ff48c,9/18/2025,Apple,Apple Scab,Fruiting,Hot,Moderate,Captan,Chemical,2.0 pts/acre,18,Success,Captan used during Fruiting stage under Hot conditions for Moderate Apple Scab. Outcome: Success. Recommended.
58bd96df,7/28/2025,Potato,Late Blight,Fruiting,Humid,Low,Propamocarb,Chemical,2.0 pts/acre,41,Success,Propamocarb used during Fruiting stage under Humid conditions for Low Late Blight. Outcome: Success. Recommended.
5a05d6d8,7/20/2025,Tomato,Bacterial Spot,Harvest Ready,Rainy,Critical,Copper + Mancozeb,Chemical,3.0 pts/acre,22,Failure,Copper + Mancozeb used during Harvest Ready stage under Rainy conditions for Critical Bacterial Spot. Outcome: Failure. unsafe due to PHI (5 days).
4046c850,12/18/2025,Apple,Black Rot,Harvest Ready,Dry/Sunny,Critical,Lime Sulfur,Organic,3.0 pts/acre,15,Failure,Lime Sulfur used during Harvest Ready stage under Dry/Sunny conditions for Critical Black Rot. Outcome: Failure. Recommended.
3b94057e,4/23/2025,Potato,Late Blight,Flowering,Rainy,Critical,Ridomil Gold,Chemical,3.0 pts/acre,50,Success,Ridomil Gold used during Flowering stage under Rainy conditions for Critical Late Blight. Outcome: Success. Recommended.
22d1485e,10/26/2025,Grape,Black Rot,Vegetative,Hot,Low,Thiophanate-methyl,Chemical,2.0 pts/acre,30,Success,Thiophanate-methyl used during Vegetative stage under Hot conditions for Low Black Rot. Outcome: Success. Recommended.
0992001c,8/20/2025,Tomato,Late Blight,Seedling,Cold,Low,Propamocarb,Chemical,2.0 pts/acre,38,Success,Propamocarb used during Seedling stage under Cold conditions for Low Late Blight. Outcome: Success. Recommended.
e8f453ba,6/29/2025,Apple,Cedar Apple Rust,Vegetative,Hot,Moderate,Myclobutanil,Chemical,2.0 pts/acre,37,Success,Myclobutanil used during Vegetative stage under Hot conditions for Moderate Cedar Apple Rust. Outcome: Success. Recommended.
e6b787e2,2/12/2026,Potato,Late Blight,Flowering,Rainy,Moderate,Ridomil Gold,Chemical,2.0 pts/acre,53,Success,Ridomil Gold used during Flowering stage under Rainy conditions for Moderate Late Blight. Outcome: Success. Recommended.
a5d828ec,8/4/2025,Tomato,Bacterial Spot,Fruiting,Hot,Moderate,Bacteriophages,Organic,2.0 pts/acre,52,Partial Control,Bacteriophages used during Fruiting stage under Hot conditions for Moderate Bacterial Spot. Outcome: Partial Control. Recommended.
90439c62,2/4/2026,Tomato,Bacterial Spot,Vegetative,Humid,Low,Bacteriophages,Organic,2.0 pts/acre,50,Partial Control,Bacteriophages used during Vegetative stage under Humid conditions for Low Bacterial Spot. Outcome: Partial Control. Recommended.
33062a8e,6/13/2025,Grape,Leaf Blight,Harvest Ready,Humid,Low,Mancozeb,Chemical,2.0 pts/acre,23,Failure,Mancozeb used during Harvest Ready stage under Humid conditions for Low Leaf Blight. Outcome: Failure. unsafe due to PHI (66 days).
280cf446,4/14/2025,Grape,Esca (Black Measles),Flowering,Dry/Sunny,Critical,Trichoderma species,Organic,3.0 pts/acre,37,Failure,Trichoderma species used during Flowering stage under Dry/Sunny conditions for Critical Esca (Black Measles). Outcome: Failure. Recommended.
6afe7372,8/23/2025,Apple,Black Rot,Seedling,Hot,Moderate,Captan,Chemical,2.0 pts/acre,19,Success,Captan used during Seedling stage under Hot conditions for Moderate Black Rot. Outcome: Success. Recommended.
4530c290,10/20/2025,Tomato,Early Blight,Harvest Ready,Dry/Sunny,High,Mancozeb (Dithane),Chemical,3.0 pts/acre,20,Failure,Mancozeb (Dithane) used during Harvest Ready stage under Dry/Sunny conditions for High Early Blight. Outcome: Failure. unsafe due to PHI (5 days).
57142ace,9/7/2025,Grape,Esca (Black Measles),Flowering,Dry/Sunny,Moderate,Pruning & Sanitation,Mechanical,2.0 pts/acre,97,Partial Control,Pruning & Sanitation used during Flowering stage under Dry/Sunny conditions for Moderate Esca (Black Measles). Outcome: Partial Control. Recommended.
78445b79,8/7/2025,Grape,Leaf Blight,Seedling,Hot,Critical,Copper Oxychloride,Chemical,3.0 pts/acre,17,Partial Control,Copper Oxychloride used during Seedling stage under Hot conditions for Critical Leaf Blight. Outcome: Partial Control. Recommended.
b0a1fa87,4/19/2025,Grape,Esca (Black Measles),Harvest Ready,Cold,Low,Pruning & Sanitation,Mechanical,2.0 pts/acre,98,Partial Control,Pruning & Sanitation used during Harvest Ready stage under Cold conditions for Low Esca (Black Measles). Outcome: Partial Control. Recommended.
7c46a42a,6/24/2025,Apple,Black Rot,Harvest Ready,Hot,Critical,Captan,Chemical,3.0 pts/acre,23,Success,Captan used during Harvest Ready stage under Hot conditions for Critical Black Rot. Outcome: Success. Recommended.
9eff0831,4/19/2025,Apple,Cedar Apple Rust,Vegetative,Rainy,Low,Propiconazole,Chemical,2.0 pts/acre,29,Success,Propiconazole used during Vegetative stage under Rainy conditions for Low Cedar Apple Rust. Outcome: Success. Recommended.
f5ee23a5,5/12/2025,Potato,Late Blight,Seedling,Humid,Low,Ridomil Gold,Chemical,2.0 pts/acre,58,Success,Ridomil Gold used during Seedling stage under Humid conditions for Low Late Blight. Outcome: Success. Recommended.
944f9e1f,9/28/2025,Tomato,Bacterial Spot,Flowering,Dry/Sunny,Critical,Bacteriophages,Organic,3.0 pts/acre,47,Failure,Bacteriophages used during Flowering stage under Dry/Sunny conditions for Critical Bacterial Spot. Outcome: Failure. Recommended.
63590e0d,5/22/2025,Potato,Late Blight,Flowering,Rainy,Low,Ridomil Gold,Chemical,2.0 pts/acre,58,Success,Ridomil Gold used during Flowering stage under Rainy conditions for Low Late Blight. Outcome: Success. Recommended.
a7f49cc9,4/27/2025,Grape,Black Rot,Fruiting,Humid,High,Lime Sulfur,Organic,3.0 pts/acre,10,Failure,Lime Sulfur used during Fruiting stage under Humid conditions for High Black Rot. Outcome: Failure. Recommended.
680dc15b,3/6/2025,Apple,Apple Scab,Seedling,Hot,Low,Captan,Chemical,2.0 pts/acre,20,Success,Captan used during Seedling stage under Hot conditions for Low Apple Scab. Outcome: Success. Recommended.
f49f8de1,12/21/2025,Potato,Early Blight,Flowering,Hot,High,Chlorothalonil (Bravo),Chemical,3.0 pts/acre,29,Success,Chlorothalonil (Bravo) used during Flowering stage under Hot conditions for High Early Blight. Outcome: Success. Recommended.
e785a946,8/1/2025,Apple,Cedar Apple Rust,Flowering,Dry/Sunny,Moderate,Propiconazole,Chemical,2.0 pts/acre,28,Success,Propiconazole used during Flowering stage under Dry/Sunny conditions for Moderate Cedar Apple Rust. Outcome: Success. Recommended.
9a8e1646,12/15/2025,Apple,Cedar Apple Rust,Vegetative,Rainy,Critical,Myclobutanil,Chemical,3.0 pts/acre,33,Success,Myclobutanil used during Vegetative stage under Rainy conditions for Critical Cedar Apple Rust. Outcome: Success. Recommended.
d18e8961,5/9/2025,Tomato,Early Blight,Vegetative,Hot,Low,Mancozeb (Dithane),Chemical,2.0 pts/acre,20,Success,Mancozeb (Dithane) used during Vegetative stage under Hot conditions for Low Early Blight. Outcome: Success. Recommended.
00c11c5e,5/31/2025,Grape,Esca (Black Measles),Flowering,Rainy,High,Pruning & Sanitation,Mechanical,3.0 pts/acre,103,Partial Control,Pruning & Sanitation used during Flowering stage under Rainy conditions for High Esca (Black Measles). Outcome: Partial Control. Recommended.
114dabcf,8/31/2025,Tomato,Early Blight,Seedling,Dry/Sunny,High,Azoxystrobin (Quadris),Chemical,3.0 pts/acre,50,Success,Azoxystrobin (Quadris) used during Seedling stage under Dry/Sunny conditions for High Early Blight. Outcome: Success. Recommended.
a59f7dc6,8/29/2025,Grape,Esca (Black Measles),Vegetative,Dry/Sunny,High,Trichoderma species,Organic,3.0 pts/acre,38,Failure,Trichoderma species used during Vegetative stage under Dry/Sunny conditions for High Esca (Black Measles). Outcome: Failure. Recommended.
30e4bfb6,10/10/2025,Potato,Early Blight,Fruiting,Cold,Low,Azoxystrobin (Quadris),Chemical,2.0 pts/acre,48,Success,Azoxystrobin (Quadris) used during Fruiting stage under Cold conditions for Low Early Blight. Outcome: Success. Recommended.
82192e3f,1/12/2026,Grape,Leaf Blight,Seedling,Dry/Sunny,High,Mancozeb,Chemical,3.0 pts/acre,20,Partial Control,Mancozeb used during Seedling stage under Dry/Sunny conditions for High Leaf Blight. Outcome: Partial Control. Recommended.
35907127,1/23/2026,Apple,Black Rot,Vegetative,Cold,Low,Captan,Chemical,2.0 pts/acre,24,Success,Captan used during Vegetative stage under Cold conditions for Low Black Rot. Outcome: Success. Recommended.
a08c2e1c,9/18/2025,Apple,Apple Scab,Seedling,Dry/Sunny,Moderate,Myclobutanil,Chemical,2.0 pts/acre,33,Success,Myclobutanil used during Seedling stage under Dry/Sunny conditions for Moderate Apple Scab. Outcome: Success. Recommended.
086a19a1,7/20/2025,Grape,Leaf Blight,Flowering,Hot,Low,Copper Oxychloride,Chemical,2.0 pts/acre,17,Partial Control,Copper Oxychloride used during Flowering stage under Hot conditions for Low Leaf Blight. Outcome: Partial Control. Recommended.
a7a33d55,9/28/2025,Tomato,Bacterial Spot,Seedling,Cold,Low,Bacteriophages,Organic,2.0 pts/acre,53,Partial Control,Bacteriophages used during Seedling stage under Cold conditions for Low Bacterial Spot. Outcome: Partial Control. Recommended.
2b4a2c1a,9/3/2025,Apple,Apple Scab,Seedling,Hot,Moderate,Myclobutanil,Chemical,2.0 pts/acre,43,Success,Myclobutanil used during Seedling stage under Hot conditions for Moderate Apple Scab. Outcome: Success. Recommended.
506cc07b,6/17/2025,Potato,Late Blight,Seedling,Hot,Moderate,Propamocarb,Chemical,2.0 pts/acre,41,Success,Propamocarb used during Seedling stage under Hot conditions for Moderate Late Blight. Outcome: Success. Recommended.
a0a93472,1/27/2026,Potato,Late Blight,Harvest Ready,Hot,Moderate,Propamocarb,Chemical,2.0 pts/acre,36,Failure,Propamocarb used during Harvest Ready stage under Hot conditions for Moderate Late Blight. Outcome: Failure. unsafe due to PHI (5 days).
02da1399,5/10/2025,Tomato,Late Blight,Flowering,Humid,Low,Fixed Copper,Organic,2.0 pts/acre,15,Partial Control,Fixed Copper used during Flowering stage under Humid conditions for Low Late Blight. Outcome: Partial Control. Recommended.
8cd4d682,8/24/2025,Grape,Leaf Blight,Vegetative,Dry/Sunny,Critical,Mancozeb,Chemical,3.0 pts/acre,19,Success,Mancozeb used during Vegetative stage under Dry/Sunny conditions for Critical Leaf Blight. Outcome: Success. Recommended.
37b37536,9/29/2025,Tomato,Late Blight,Flowering,Dry/Sunny,Low,Propamocarb,Chemical,2.0 pts/acre,38,Success,Propamocarb used during Flowering stage under Dry/Sunny conditions for Low Late Blight. Outcome: Success. Recommended.
81367fe8,5/15/2025,Grape,Leaf Blight,Vegetative,Rainy,High,Mancozeb,Chemical,3.0 pts/acre,20,Partial Control,Mancozeb used during Vegetative stage under Rainy conditions for High Leaf Blight. Outcome: Partial Control. Recommended.
065066ee,12/31/2025,Tomato,Late Blight,Flowering,Hot,Low,Propamocarb,Chemical,2.0 pts/acre,37,Success,Propamocarb used during Flowering stage under Hot conditions for Low Late Blight. Outcome: Success. Recommended.
444070fd,10/16/2025,Tomato,Late Blight,Fruiting,Dry/Sunny,Low,Fixed Copper,Organic,2.0 pts/acre,14,Partial Control,Fixed Copper used during Fruiting stage under Dry/Sunny conditions for Low Late Blight. Outcome: Partial Control. Recommended.
2bb46e12,12/26/2025,Potato,Early Blight,Harvest Ready,Humid,High,Mancozeb (Dithane),Chemical,3.0 pts/acre,22,Failure,Mancozeb (Dithane) used during Harvest Ready stage under Humid conditions for High Early Blight. Outcome: Failure. unsafe due to PHI (5 days).
d6fe2ca2,9/23/2025,Potato,Late Blight,Seedling,Cold,High,Ridomil Gold,Chemical,3.0 pts/acre,58,Success,Ridomil Gold used during Seedling stage under Cold conditions for High Late Blight. Outcome: Success. Recommended.
bed77e91,10/4/2025,Potato,Early Blight,Flowering,Hot,High,Mancozeb (Dithane),Chemical,3.0 pts/acre,24,Partial Control,Mancozeb (Dithane) used during Flowering stage under Hot conditions for High Early Blight. Outcome: Partial Control. Recommended.
decfcdee,9/20/2025,Apple,Black Rot,Vegetative,Dry/Sunny,Low,Thiophanate-methyl,Chemical,2.0 pts/acre,34,Success,Thiophanate-methyl used during Vegetative stage under Dry/Sunny conditions for Low Black Rot. Outcome: Success. Recommended.
ba8e5c50,6/22/2025,Potato,Late Blight,Vegetative,Hot,High,Propamocarb,Chemical,3.0 pts/acre,45,Success,Propamocarb used during Vegetative stage under Hot conditions for High Late Blight. Outcome: Success. Recommended.
aa55aa56,10/13/2025,Tomato,Late Blight,Fruiting,Dry/Sunny,Moderate,Ridomil Gold,Chemical,2.0 pts/acre,53,Success,Ridomil Gold used during Fruiting stage under Dry/Sunny conditions for Moderate Late Blight. Outcome: Success. Recommended.
c36e9fe6,12/17/2025,Tomato,Early Blight,Flowering,Hot,Critical,Bacillus subtilis,Organic,3.0 pts/acre,32,Failure,Bacillus subtilis used during Flowering stage under Hot conditions for Critical Early Blight. Outcome: Failure. Recommended.
e7b7574f,2/22/2025,Apple,Apple Scab,Seedling,Hot,High,Myclobutanil,Chemical,3.0 pts/acre,37,Success,Myclobutanil used during Seedling stage under Hot conditions for High Apple Scab. Outcome: Success. Recommended.
f3719869,1/21/2026,Potato,Late Blight,Seedling,Dry/Sunny,Critical,Propamocarb,Chemical,3.0 pts/acre,35,Success,Propamocarb used during Seedling stage under Dry/Sunny conditions for Critical Late Blight. Outcome: Success. Recommended.
9e95896d,9/18/2025,Apple,Cedar Apple Rust,Fruiting,Cold,Critical,Propiconazole,Chemical,3.0 pts/acre,33,Success,Propiconazole used during Fruiting stage under Cold conditions for Critical Cedar Apple Rust. Outcome: Success. Recommended.
5f4798ad,11/15/2025,Apple,Black Rot,Harvest Ready,Humid,High,Thiophanate-methyl,Chemical,3.0 pts/acre,27,Success,Thiophanate-methyl used during Harvest Ready stage under Humid conditions for High Black Rot. Outcome: Success. Recommended.
d942f346,8/30/2025,Potato,Early Blight,Harvest Ready,Cold,High,Azoxystrobin (Quadris),Chemical,3.0 pts/acre,49,Success,Azoxystrobin (Quadris) used during Harvest Ready stage under Cold conditions for High Early Blight. Outcome: Success. Recommended.
0c61afa3,1/3/2026,Grape,Black Rot,Seedling,Rainy,Low,Captan,Chemical,2.0 pts/acre,22,Partial Control,Captan used during Seedling stage under Rainy conditions for Low Black Rot. Outcome: Partial Control. Recommended.
dd69e906,5/23/2025,Apple,Apple Scab,Fruiting,Dry/Sunny,Moderate,Captan,Chemical,2.0 pts/acre,23,Success,Captan used during Fruiting stage under Dry/Sunny conditions for Moderate Apple Scab. Outcome: Success. Recommended.
be8f2661,4/12/2025,Apple,Cedar Apple Rust,Harvest Ready,Rainy,Moderate,Propiconazole,Chemical,2.0 pts/acre,30,Failure,Propiconazole used during Harvest Ready stage under Rainy conditions for Moderate Cedar Apple Rust. Outcome: Failure. unsafe due to PHI (14 days).
9554ed7f,4/13/2025,Potato,Early Blight,Flowering,Cold,High,Chlorothalonil (Bravo),Chemical,3.0 pts/acre,23,Success,Chlorothalonil (Bravo) used during Flowering stage under Cold conditions for High Early Blight. Outcome: Success. Recommended.
8b466d06,3/28/2025,Potato,Early Blight,Seedling,Hot,High,Mancozeb (Dithane),Chemical,3.0 pts/acre,15,Partial Control,Mancozeb (Dithane) used during Seedling stage under Hot conditions for High Early Blight. Outcome: Partial Control. Recommended.
4b89449f,9/20/2025,Grape,Esca (Black Measles),Flowering,Rainy,High,Trichoderma species,Organic,3.0 pts/acre,44,Failure,Trichoderma species used during Flowering stage under Rainy conditions for High Esca (Black Measles). Outcome: Failure. Recommended.
0a6da60c,1/2/2026,Grape,Esca (Black Measles),Vegetative,Cold,Critical,Trichoderma species,Organic,3.0 pts/acre,36,Failure,Trichoderma species used during Vegetative stage under Cold conditions for Critical Esca (Black Measles). Outcome: Failure. Recommended.
57965785,5/12/2025,Potato,Late Blight,Flowering,Hot,Critical,Fixed Copper,Organic,3.0 pts/acre,20,Failure,Fixed Copper used during Flowering stage under Hot conditions for Critical Late Blight. Outcome: Failure. Recommended.
f9fb8962,5/16/2025,Tomato,Bacterial Spot,Seedling,Cold,Moderate,Agri-Mycin,Chemical,2.0 pts/acre,32,Partial Control,Agri-Mycin used during Seedling stage under Cold conditions for Moderate Bacterial Spot. Outcome: Partial Control. Recommended.
5cc47739,5/29/2025,Tomato,Early Blight,Flowering,Cold,Moderate,Chlorothalonil (Bravo),Chemical,2.0 pts/acre,29,Success,Chlorothalonil (Bravo) used during Flowering stage under Cold conditions for Moderate Early Blight. Outcome: Success. Recommended.
59fa8d38,2/25/2025,Tomato,Bacterial Spot,Vegetative,Dry/Sunny,Low,Copper + Mancozeb,Chemical,2.0 pts/acre,30,Success,Copper + Mancozeb used during Vegetative stage under Dry/Sunny conditions for Low Bacterial Spot. Outcome: Success. Recommended.
0bdbd078,3/19/2025,Tomato,Bacterial Spot,Flowering,Rainy,High,Agri-Mycin,Chemical,3.0 pts/acre,34,Partial Control,Agri-Mycin used during Flowering stage under Rainy conditions for High Bacterial Spot. Outcome: Partial Control. Recommended.
ced67b4b,5/3/2025,Apple,Apple Scab,Harvest Ready,Cold,Moderate,Myclobutanil,Chemical,2.0 pts/acre,38,Failure,Myclobutanil used during Harvest Ready stage under Cold conditions for Moderate Apple Scab. Outcome: Failure. unsafe due to PHI (14 days).
8ad93570,6/1/2025,Grape,Black Rot,Flowering,Rainy,Low,Captan,Chemical,2.0 pts/acre,21,Partial Control,Captan used during Flowering stage under Rainy conditions for Low Black Rot. Outcome: Partial Control. Recommended.
647e34e2,11/14/2025,Tomato,Late Blight,Vegetative,Cold,Critical,Fixed Copper,Organic,3.0 pts/acre,17,Failure,Fixed Copper used during Vegetative stage under Cold conditions for Critical Late Blight. Outcome: Failure. Recommended.
064b44c6,12/14/2025,Apple,Apple Scab,Fruiting,Hot,High,Sulfur,Organic,3.0 pts/acre,13,Partial Control,Sulfur used during Fruiting stage under Hot conditions for High Apple Scab. Outcome: Partial Control. Recommended.
25a61fa3,9/24/2025,Potato,Late Blight,Fruiting,Rainy,High,Ridomil Gold,Chemical,3.0 pts/acre,56,Partial Control,Ridomil Gold used during Fruiting stage under Rainy conditions for High Late Blight. Outcome: Partial Control. Recommended.
c3bb4aab,4/29/2025,Apple,Apple Scab,Vegetative,Hot,Low,Sulfur,Organic,2.0 pts/acre,13,Partial Control,Sulfur used during Vegetative stage under Hot conditions for Low Apple Scab. Outcome: Partial Control. Recommended.
6551f272,3/13/2025,Apple,Apple Scab,Seedling,Dry/Sunny,High,Sulfur,Organic,3.0 pts/acre,6,Partial Control,Sulfur used during Seedling stage under Dry/Sunny conditions for High Apple Scab. Outcome: Partial Control. Recommended.
3b04802c,9/19/2025,Apple,Black Rot,Vegetative,Cold,High,Lime Sulfur,Organic,3.0 pts/acre,16,Failure,Lime Sulfur used during Vegetative stage under Cold conditions for High Black Rot. Outcome: Failure. Recommended.
76df643d,8/26/2025,Tomato,Early Blight,Vegetative,Cold,High,Bacillus subtilis,Organic,3.0 pts/acre,33,Partial Control,Bacillus subtilis used during Vegetative stage under Cold conditions for High Early Blight. Outcome: Partial Control. Recommended.
578e5896,7/27/2025,Apple,Apple Scab,Vegetative,Rainy,High,Captan,Chemical,3.0 pts/acre,26,Partial Control,Captan used during Vegetative stage under Rainy conditions for High Apple Scab. Outcome: Partial Control. Recommended.
3285aa58,9/2/2025,Potato,Late Blight,Harvest Ready,Dry/Sunny,Critical,Propamocarb,Chemical,3.0 pts/acre,44,Failure,Propamocarb used during Harvest Ready stage under Dry/Sunny conditions for Critical Late Blight. Outcome: Failure. unsafe due to PHI (5 days).
94f7a3d5,2/18/2025,Apple,Cedar Apple Rust,Flowering,Hot,Low,Propiconazole,Chemical,2.0 pts/acre,26,Success,Propiconazole used during Flowering stage under Hot conditions for Low Cedar Apple Rust. Outcome: Success. Recommended.
27c10eba,8/14/2025,Potato,Early Blight,Fruiting,Humid,Low,Copper Hydroxide,Organic,2.0 pts/acre,10,Partial Control,Copper Hydroxide used during Fruiting stage under Humid conditions for Low Early Blight. Outcome: Partial Control. Recommended.
607a263e,4/14/2025,Potato,Early Blight,Vegetative,Humid,High,Chlorothalonil (Bravo),Chemical,3.0 pts/acre,22,Success,Chlorothalonil (Bravo) used during Vegetative stage under Humid conditions for High Early Blight. Outcome: Success. Recommended.
c86d7369,2/7/2026,Potato,Early Blight,Fruiting,Humid,Low,Mancozeb (Dithane),Chemical,2.0 pts/acre,18,Success,Mancozeb (Dithane) used during Fruiting stage under Humid conditions for Low Early Blight. Outcome: Success. Recommended.
93d1c358,9/6/2025,Potato,Early Blight,Fruiting,Rainy,Critical,Chlorothalonil (Bravo),Chemical,3.0 pts/acre,24,Partial Control,Chlorothalonil (Bravo) used during Fruiting stage under Rainy conditions for Critical Early Blight. Outcome: Partial Control. Recommended.
53596847,6/2/2025,Potato,Late Blight,Seedling,Hot,Low,Fixed Copper,Organic,2.0 pts/acre,18,Partial Control,Fixed Copper used during Seedling stage under Hot conditions for Low Late Blight. Outcome: Partial Control. Recommended.
f999067c,2/23/2025,Apple,Black Rot,Flowering,Dry/Sunny,Critical,Lime Sulfur,Organic,3.0 pts/acre,11,Failure,Lime Sulfur used during Flowering stage under Dry/Sunny conditions for Critical Black Rot. Outcome: Failure. Recommended.
4079c26d,11/24/2025,Apple,Black Rot,Harvest Ready,Dry/Sunny,Critical,Lime Sulfur,Organic,3.0 pts/acre,9,Failure,Lime Sulfur used during Harvest Ready stage under Dry/Sunny conditions for Critical Black Rot. Outcome: Failure. Recommended.
5dfc57d7,12/12/2025,Grape,Esca (Black Measles),Fruiting,Rainy,Critical,Trichoderma species,Organic,3.0 pts/acre,38,Failure,Trichoderma species used during Fruiting stage under Rainy conditions for Critical Esca (Black Measles). Outcome: Failure. Recommended.
a90090e6,3/20/2025,Tomato,Late Blight,Vegetative,Hot,Critical,Fixed Copper,Organic,3.0 pts/acre,20,Failure,Fixed Copper used during Vegetative stage under Hot conditions for Critical Late Blight. Outcome: Failure. Recommended.
524ae561,8/5/2025,Tomato,Early Blight,Harvest Ready,Humid,High,Mancozeb (Dithane),Chemical,3.0 pts/acre,20,Failure,Mancozeb (Dithane) used during Harvest Ready stage under Humid conditions for High Early Blight. Outcome: Failure. unsafe due to PHI (5 days).
80385eee,11/25/2025,Apple,Cedar Apple Rust,Harvest Ready,Humid,High,Myclobutanil,Chemical,3.0 pts/acre,36,Failure,Myclobutanil used during Harvest Ready stage under Humid conditions for High Cedar Apple Rust. Outcome: Failure. unsafe due to PHI (14 days).
20af75ee,3/2/2025,Grape,Black Rot,Harvest Ready,Cold,High,Captan,Chemical,3.0 pts/acre,21,Partial Control,Captan used during Harvest Ready stage under Cold conditions for High Black Rot. Outcome: Partial Control. Recommended.
8096ef61,2/7/2026,Grape,Esca (Black Measles),Fruiting,Hot,Moderate,Pruning & Sanitation,Mechanical,2.0 pts/acre,102,Partial Control,Pruning & Sanitation used during Fruiting stage under Hot conditions for Moderate Esca (Black Measles). Outcome: Partial Control. Recommended.
2e7cdeda,9/11/2025,Apple,Cedar Apple Rust,Fruiting,Humid,Moderate,Propiconazole,Chemical,2.0 pts/acre,31,Success,Propiconazole used during Fruiting stage under Humid conditions for Moderate Cedar Apple Rust. Outcome: Success. Recommended.
bdb83cde,4/13/2025,Apple,Apple Scab,Seedling,Hot,Low,Sulfur,Organic,2.0 pts/acre,7,Partial Control,Sulfur used during Seedling stage under Hot conditions for Low Apple Scab. Outcome: Partial Control. Recommended.
1cb53e12,12/19/2025,Potato,Early Blight,Fruiting,Hot,High,Bacillus subtilis,Organic,3.0 pts/acre,27,Partial Control,Bacillus subtilis used during Fruiting stage under Hot conditions for High Early Blight. Outcome: Partial Control. Recommended.
6e0e379e,10/4/2025,Apple,Cedar Apple Rust,Seedling,Hot,Moderate,Myclobutanil,Chemical,2.0 pts/acre,34,Success,Myclobutanil used during Seedling stage under Hot conditions for Moderate Cedar Apple Rust. Outcome: Success. Recommended.
e32a0439,3/18/2025,Grape,Black Rot,Flowering,Dry/Sunny,Low,Lime Sulfur,Organic,2.0 pts/acre,15,Partial Control,Lime Sulfur used during Flowering stage under Dry/Sunny conditions for Low Black Rot. Outcome: Partial Control. Recommended.
f774ba3b,10/5/2025,Grape,Black Rot,Vegetative,Cold,High,Thiophanate-methyl,Chemical,3.0 pts/acre,27,Success,Thiophanate-methyl used during Vegetative stage under Cold conditions for High Black Rot. Outcome: Success. Recommended.
81fbfb41,3/21/2025,Tomato,Early Blight,Fruiting,Hot,High,Azoxystrobin (Quadris),Chemical,3.0 pts/acre,50,Success,Azoxystrobin (Quadris) used during Fruiting stage under Hot conditions for High Early Blight. Outcome: Success. Recommended.
f7de37d5,10/18/2025,Potato,Late Blight,Harvest Ready,Hot,Low,Ridomil Gold,Chemical,2.0 pts/acre,53,Failure,Ridomil Gold used during Harvest Ready stage under Hot conditions for Low Late Blight. Outcome: Failure. unsafe due to PHI (5 days).
e3e2a330,3/14/2025,Apple,Apple Scab,Seedling,Hot,Low,Sulfur,Organic,2.0 pts/acre,15,Partial Control,Sulfur used during Seedling stage under Hot conditions for Low Apple Scab. Outcome: Partial Control. Recommended.
fd8d2031,5/12/2025,Tomato,Late Blight,Fruiting,Humid,Critical,Ridomil Gold,Chemical,3.0 pts/acre,54,Success,Ridomil Gold used during Fruiting stage under Humid conditions for Critical Late Blight. Outcome: Success. Recommended.
dacbcb93,5/6/2025,Potato,Early Blight,Vegetative,Humid,Low,Mancozeb (Dithane),Chemical,2.0 pts/acre,23,Success,Mancozeb (Dithane) used during Vegetative stage under Humid conditions for Low Early Blight. Outcome: Success. Recommended.
2d132f25,9/14/2025,Tomato,Bacterial Spot,Flowering,Rainy,Critical,Copper + Mancozeb,Chemical,3.0 pts/acre,20,Partial Control,Copper + Mancozeb used during Flowering stage under Rainy conditions for Critical Bacterial Spot. Outcome: Partial Control. Recommended.
145cee76,6/27/2025,Potato,Late Blight,Fruiting,Hot,Low,Propamocarb,Chemical,2.0 pts/acre,37,Success,Propamocarb used during Fruiting stage under Hot conditions for Low Late Blight. Outcome: Success. Recommended.
34ce7adf,7/8/2025,Tomato,Early Blight,Fruiting,Dry/Sunny,Moderate,Mancozeb (Dithane),Chemical,2.0 pts/acre,16,Success,Mancozeb (Dithane) used during Fruiting stage under Dry/Sunny conditions for Moderate Early Blight. Outcome: Success. Recommended.
95af267b,3/17/2025,Grape,Black Rot,Seedling,Dry/Sunny,High,Captan,Chemical,3.0 pts/acre,23,Partial Control,Captan used during Seedling stage under Dry/Sunny conditions for High Black Rot. Outcome: Partial Control. Recommended.
eec2cc86,8/14/2025,Tomato,Late Blight,Harvest Ready,Hot,Critical,Fixed Copper,Organic,3.0 pts/acre,16,Failure,Fixed Copper used during Harvest Ready stage under Hot conditions for Critical Late Blight. Outcome: Failure. Recommended.
9d38fc64,9/27/2025,Apple,Cedar Apple Rust,Flowering,Rainy,Critical,Myclobutanil,Chemical,3.0 pts/acre,40,Success,Myclobutanil used during Flowering stage under Rainy conditions for Critical Cedar Apple Rust. Outcome: Success. Recommended.
d3efcce2,3/24/2025,Apple,Cedar Apple Rust,Seedling,Humid,High,Myclobutanil,Chemical,3.0 pts/acre,36,Success,Myclobutanil used during Seedling stage under Humid conditions for High Cedar Apple Rust. Outcome: Success. Recommended.
6943b565,7/8/2025,Tomato,Bacterial Spot,Flowering,Rainy,High,Bacteriophages,Organic,3.0 pts/acre,47,Partial Control,Bacteriophages used during Flowering stage under Rainy conditions for High Bacterial Spot. Outcome: Partial Control. Recommended.
efbddff0,1/23/2026,Tomato,Bacterial Spot,Flowering,Rainy,Moderate,Bacteriophages,Organic,2.0 pts/acre,52,Partial Control,Bacteriophages used during Flowering stage under Rainy conditions for Moderate Bacterial Spot. Outcome: Partial Control. Recommended.
375117f6,4/29/2025,Grape,Leaf Blight,Harvest Ready,Rainy,Moderate,Mancozeb,Chemical,2.0 pts/acre,24,Failure,Mancozeb used during Harvest Ready stage under Rainy conditions for Moderate Leaf Blight. Outcome: Failure. unsafe due to PHI (66 days).
ed443401,11/26/2025,Potato,Early Blight,Harvest Ready,Cold,High,Chlorothalonil (Bravo),Chemical,3.0 pts/acre,25,Success,Chlorothalonil (Bravo) used during Harvest Ready stage under Cold conditions for High Early Blight. Outcome: Success. Recommended.
b6f8df7c,11/14/2025,Grape,Black Rot,Flowering,Humid,Moderate,Thiophanate-methyl,Chemical,2.0 pts/acre,28,Success,Thiophanate-methyl used during Flowering stage under Humid conditions for Moderate Black Rot. Outcome: Success. Recommended.
5fe039bd,12/2/2025,Tomato,Early Blight,Vegetative,Cold,Critical,Mancozeb (Dithane),Chemical,3.0 pts/acre,16,Success,Mancozeb (Dithane) used during Vegetative stage under Cold conditions for Critical Early Blight. Outcome: Success. Recommended.
cd55b260,11/30/2025,Apple,Black Rot,Fruiting,Cold,Moderate,Thiophanate-methyl,Chemical,2.0 pts/acre,27,Success,Thiophanate-methyl used during Fruiting stage under Cold conditions for Moderate Black Rot. Outcome: Success. Recommended.
f3f4a898,4/12/2025,Potato,Late Blight,Flowering,Hot,Moderate,Ridomil Gold,Chemical,2.0 pts/acre,57,Success,Ridomil Gold used during Flowering stage under Hot conditions for Moderate Late Blight. Outcome: Success. Recommended.
0590f5aa,5/29/2025,Apple,Apple Scab,Vegetative,Humid,Critical,Captan,Chemical,3.0 pts/acre,23,Success,Captan used during Vegetative stage under Humid conditions for Critical Apple Scab. Outcome: Success. Recommended.
2f9ed8c0,11/1/2025,Grape,Black Rot,Seedling,Dry/Sunny,Low,Thiophanate-methyl,Chemical,2.0 pts/acre,37,Success,Thiophanate-methyl used during Seedling stage under Dry/Sunny conditions for Low Black Rot. Outcome: Success. Recommended.
0c31a221,4/8/2025,Apple,Black Rot,Vegetative,Dry/Sunny,Moderate,Thiophanate-methyl,Chemical,2.0 pts/acre,36,Success,Thiophanate-methyl used during Vegetative stage under Dry/Sunny conditions for Moderate Black Rot. Outcome: Success. Recommended.
36d82d09,8/9/2025,Potato,Late Blight,Seedling,Rainy,Critical,Propamocarb,Chemical,3.0 pts/acre,39,Partial Control,Propamocarb used during Seedling stage under Rainy conditions for Critical Late Blight. Outcome: Partial Control. Recommended.
ecf6613a,8/9/2025,Grape,Esca (Black Measles),Seedling,Dry/Sunny,Moderate,Trichoderma species,Organic,2.0 pts/acre,37,Partial Control,Trichoderma species used during Seedling stage under Dry/Sunny conditions for Moderate Esca (Black Measles). Outcome: Partial Control. Recommended.
46b6d4f5,6/26/2025,Grape,Esca (Black Measles),Harvest Ready,Hot,Low,Trichoderma species,Organic,2.0 pts/acre,38,Partial Control,Trichoderma species used during Harvest Ready stage under Hot conditions for Low Esca (Black Measles). Outcome: Partial Control. Recommended.
197d69a0,11/16/2025,Apple,Apple Scab,Vegetative,Hot,Moderate,Captan,Chemical,2.0 pts/acre,22,Success,Captan used during Vegetative stage under Hot conditions for Moderate Apple Scab. Outcome: Success. Recommended.
9b913af9,7/5/2025,Grape,Black Rot,Harvest Ready,Dry/Sunny,Moderate,Captan,Chemical,2.0 pts/acre,20,Success,Captan used during Harvest Ready stage under Dry/Sunny conditions for Moderate Black Rot. Outcome: Success. Recommended.
7fb45495,1/28/2026,Tomato,Late Blight,Vegetative,Dry/Sunny,Moderate,Fixed Copper,Organic,2.0 pts/acre,12,Partial Control,Fixed Copper used during Vegetative stage under Dry/Sunny conditions for Moderate Late Blight. Outcome: Partial Control. Recommended.
83b071c5,6/1/2025,Tomato,Late Blight,Flowering,Hot,High,Fixed Copper,Organic,3.0 pts/acre,15,Partial Control,Fixed Copper used during Flowering stage under Hot conditions for High Late Blight. Outcome: Partial Control. Recommended.
6f7b1ca5,3/6/2025,Potato,Late Blight,Harvest Ready,Humid,Moderate,Fixed Copper,Organic,2.0 pts/acre,14,Partial Control,Fixed Copper used during Harvest Ready stage under Humid conditions for Moderate Late Blight. Outcome: Partial Control. Recommended.
ddc947dd,3/24/2025,Potato,Early Blight,Fruiting,Dry/Sunny,Low,Copper Hydroxide,Organic,2.0 pts/acre,16,Partial Control,Copper Hydroxide used during Fruiting stage under Dry/Sunny conditions for Low Early Blight. Outcome: Partial Control. Recommended.
e7142a2c,1/1/2026,Tomato,Bacterial Spot,Flowering,Dry/Sunny,Moderate,Agri-Mycin,Chemical,2.0 pts/acre,37,Partial Control,Agri-Mycin used during Flowering stage under Dry/Sunny conditions for Moderate Bacterial Spot. Outcome: Partial Control. Recommended.
b8b147e6,5/19/2025,Grape,Leaf Blight,Fruiting,Humid,High,Mancozeb,Chemical,3.0 pts/acre,20,Partial Control,Mancozeb used during Fruiting stage under Humid conditions for High Leaf Blight. Outcome: Partial Control. Recommended.
5.88E+78,9/21/2025,Apple,Black Rot,Fruiting,Humid,Critical,Captan,Chemical,3.0 pts/acre,23,Success,Captan used during Fruiting stage under Humid conditions for Critical Black Rot. Outcome: Success. Recommended.
b5f91725,8/10/2025,Tomato,Early Blight,Seedling,Dry/Sunny,Moderate,Bacillus subtilis,Organic,2.0 pts/acre,28,Partial Control,Bacillus subtilis used during Seedling stage under Dry/Sunny conditions for Moderate Early Blight. Outcome: Partial Control. Recommended.
8e0e2f50,3/19/2025,Grape,Esca (Black Measles),Seedling,Dry/Sunny,Critical,Trichoderma species,Organic,3.0 pts/acre,41,Failure,Trichoderma species used during Seedling stage under Dry/Sunny conditions for Critical Esca (Black Measles). Outcome: Failure. Recommended.
dfa5db5f,9/26/2025,Tomato,Early Blight,Harvest Ready,Hot,High,Azoxystrobin (Quadris),Chemical,3.0 pts/acre,48,Success,Azoxystrobin (Quadris) used during Harvest Ready stage under Hot conditions for High Early Blight. Outcome: Success. Recommended.
b9d7132c,3/27/2025,Tomato,Early Blight,Flowering,Rainy,Moderate,Copper Hydroxide,Organic,2.0 pts/acre,16,Failure,Copper Hydroxide used during Flowering stage under Rainy conditions for Moderate Early Blight. Outcome: Failure. Recommended.
aeef2550,9/3/2025,Tomato,Bacterial Spot,Flowering,Humid,Critical,Bacteriophages,Organic,3.0 pts/acre,45,Failure,Bacteriophages used during Flowering stage under Humid conditions for Critical Bacterial Spot. Outcome: Failure. Recommended.
b48c9f20,1/18/2026,Tomato,Late Blight,Vegetative,Humid,High,Fixed Copper,Organic,3.0 pts/acre,16,Partial Control,Fixed Copper used during Vegetative stage under Humid conditions for High Late Blight. Outcome: Partial Control. Recommended.
3f772851,7/7/2025,Potato,Late Blight,Harvest Ready,Hot,Low,Fixed Copper,Organic,2.0 pts/acre,12,Partial Control,Fixed Copper used during Harvest Ready stage under Hot conditions for Low Late Blight. Outcome: Partial Control. Recommended.
4a06e4e3,10/12/2025,Potato,Late Blight,Fruiting,Rainy,Low,Propamocarb,Chemical,2.0 pts/acre,35,Partial Control,Propamocarb used during Fruiting stage under Rainy conditions for Low Late Blight. Outcome: Partial Control. Recommended.
a2e6f64c,4/1/2025,Apple,Apple Scab,Fruiting,Rainy,Critical,Myclobutanil,Chemical,3.0 pts/acre,35,Success,Myclobutanil used during Fruiting stage under Rainy conditions for Critical Apple Scab. Outcome: Success. Recommended.
d1903161,10/13/2025,Grape,Leaf Blight,Harvest Ready,Cold,High,Copper Oxychloride,Chemical,3.0 pts/acre,16,Partial Control,Copper Oxychloride used during Harvest Ready stage under Cold conditions for High Leaf Blight. Outcome: Partial Control. Recommended.
dc6a83a4,12/17/2025,Apple,Apple Scab,Seedling,Cold,High,Captan,Chemical,3.0 pts/acre,25,Partial Control,Captan used during Seedling stage under Cold conditions for High Apple Scab. Outcome: Partial Control. Recommended.
dfe99147,6/28/2025,Apple,Apple Scab,Flowering,Rainy,High,Sulfur,Organic,3.0 pts/acre,8,Failure,Sulfur used during Flowering stage under Rainy conditions for High Apple Scab. Outcome: Failure. Recommended.
bd86122a,8/1/2025,Potato,Late Blight,Vegetative,Cold,High,Ridomil Gold,Chemical,3.0 pts/acre,57,Success,Ridomil Gold used during Vegetative stage under Cold conditions for High Late Blight. Outcome: Success. Recommended.
46bab6f6,8/2/2025,Grape,Leaf Blight,Fruiting,Hot,High,Mancozeb,Chemical,3.0 pts/acre,19,Partial Control,Mancozeb used during Fruiting stage under Hot conditions for High Leaf Blight. Outcome: Partial Control. Recommended.
7744101d,12/10/2025,Grape,Esca (Black Measles),Harvest Ready,Dry/Sunny,Moderate,Trichoderma species,Organic,2.0 pts/acre,42,Partial Control,Trichoderma species used during Harvest Ready stage under Dry/Sunny conditions for Moderate Esca (Black Measles). Outcome: Partial Control. Recommended.
5405fb3f,7/25/2025,Grape,Black Rot,Seedling,Rainy,Critical,Thiophanate-methyl,Chemical,3.0 pts/acre,30,Partial Control,Thiophanate-methyl used during Seedling stage under Rainy conditions for Critical Black Rot. Outcome: Partial Control. Recommended.
c95a598c,4/22/2025,Grape,Black Rot,Seedling,Cold,Critical,Lime Sulfur,Organic,3.0 pts/acre,10,Failure,Lime Sulfur used during Seedling stage under Cold conditions for Critical Black Rot. Outcome: Failure. Recommended.
d65a8052,6/1/2025,Apple,Cedar Apple Rust,Flowering,Dry/Sunny,Moderate,Myclobutanil,Chemical,2.0 pts/acre,41,Success,Myclobutanil used during Flowering stage under Dry/Sunny conditions for Moderate Cedar Apple Rust. Outcome: Success. Recommended.
6d7a1bb4,11/11/2025,Potato,Late Blight,Flowering,Dry/Sunny,Low,Fixed Copper,Organic,2.0 pts/acre,16,Partial Control,Fixed Copper used during Flowering stage under Dry/Sunny conditions for Low Late Blight. Outcome: Partial Control. Recommended.
9b699ada,3/16/2025,Tomato,Late Blight,Harvest Ready,Rainy,High,Ridomil Gold,Chemical,3.0 pts/acre,59,Failure,Ridomil Gold used during Harvest Ready stage under Rainy conditions for High Late Blight. Outcome: Failure. unsafe due to PHI (5 days).
d4658845,6/21/2025,Potato,Late Blight,Fruiting,Dry/Sunny,Moderate,Fixed Copper,Organic,2.0 pts/acre,14,Partial Control,Fixed Copper used during Fruiting stage under Dry/Sunny conditions for Moderate Late Blight. Outcome: Partial Control. Recommended.
2217c515,11/24/2025,Potato,Late Blight,Vegetative,Rainy,Critical,Propamocarb,Chemical,3.0 pts/acre,43,Partial Control,Propamocarb used during Vegetative stage under Rainy conditions for Critical Late Blight. Outcome: Partial Control. Recommended.
8341d721,9/14/2025,Tomato,Early Blight,Seedling,Rainy,Low,Chlorothalonil (Bravo),Chemical,2.0 pts/acre,20,Partial Control,Chlorothalonil (Bravo) used during Seedling stage under Rainy conditions for Low Early Blight. Outcome: Partial Control. Recommended.
b953e72f,6/4/2025,Tomato,Early Blight,Vegetative,Hot,Low,Bacillus subtilis,Organic,2.0 pts/acre,31,Partial Control,Bacillus subtilis used during Vegetative stage under Hot conditions for Low Early Blight. Outcome: Partial Control. Recommended.
4e750ec7,9/11/2025,Potato,Early Blight,Flowering,Hot,Low,Copper Hydroxide,Organic,2.0 pts/acre,16,Partial Control,Copper Hydroxide used during Flowering stage under Hot conditions for Low Early Blight. Outcome: Partial Control. Recommended.
18f4044b,12/31/2025,Tomato,Late Blight,Seedling,Rainy,High,Ridomil Gold,Chemical,3.0 pts/acre,52,Partial Control,Ridomil Gold used during Seedling stage under Rainy conditions for High Late Blight. Outcome: Partial Control. Recommended.
3e60c28e,2/2/2026,Grape,Black Rot,Flowering,Dry/Sunny,Critical,Lime Sulfur,Organic,3.0 pts/acre,16,Failure,Lime Sulfur used during Flowering stage under Dry/Sunny conditions for Critical Black Rot. Outcome: Failure. Recommended.
402f3f1b,5/5/2025,Tomato,Late Blight,Harvest Ready,Humid,Moderate,Propamocarb,Chemical,2.0 pts/acre,45,Failure,Propamocarb used during Harvest Ready stage under Humid conditions for Moderate Late Blight. Outcome: Failure. unsafe due to PHI (5 days).
df98fb85,1/26/2026,Potato,Early Blight,Fruiting,Rainy,Moderate,Bacillus subtilis,Organic,2.0 pts/acre,30,Failure,Bacillus subtilis used during Fruiting stage under Rainy conditions for Moderate Early Blight. Outcome: Failure. Recommended.
6a143f0f,2/22/2025,Tomato,Early Blight,Fruiting,Humid,High,Azoxystrobin (Quadris),Chemical,3.0 pts/acre,46,Success,Azoxystrobin (Quadris) used during Fruiting stage under Humid conditions for High Early Blight. Outcome: Success. Recommended.
dd84c0d1,9/7/2025,Apple,Cedar Apple Rust,Flowering,Rainy,Low,Propiconazole,Chemical,2.0 pts/acre,35,Success,Propiconazole used during Flowering stage under Rainy conditions for Low Cedar Apple Rust. Outcome: Success. Recommended.
243b50e7,5/13/2025,Apple,Apple Scab,Flowering,Humid,Critical,Sulfur,Organic,3.0 pts/acre,11,Failure,Sulfur used during Flowering stage under Humid conditions for Critical Apple Scab. Outcome: Failure. Recommended.
08a94663,1/24/2026,Grape,Leaf Blight,Seedling,Humid,High,Copper Oxychloride,Chemical,3.0 pts/acre,17,Partial Control,Copper Oxychloride used during Seedling stage under Humid conditions for High Leaf Blight. Outcome: Partial Control. Recommended.
b2d8aa45,11/8/2025,Grape,Leaf Blight,Harvest Ready,Dry/Sunny,Critical,Mancozeb,Chemical,3.0 pts/acre,20,Failure,Mancozeb used during Harvest Ready stage under Dry/Sunny conditions for Critical Leaf Blight. Outcome: Failure. unsafe due to PHI (66 days).
c3a9432a,1/21/2026,Tomato,Bacterial Spot,Seedling,Dry/Sunny,Moderate,Bacteriophages,Organic,2.0 pts/acre,54,Partial Control,Bacteriophages used during Seedling stage under Dry/Sunny conditions for Moderate Bacterial Spot. Outcome: Partial Control. Recommended.
549d31fe,9/30/2025,Apple,Apple Scab,Seedling,Hot,Critical,Captan,Chemical,3.0 pts/acre,22,Success,Captan used during Seedling stage under Hot conditions for Critical Apple Scab. Outcome: Success. Recommended.
f19f7dfb,10/16/2025,Grape,Leaf Blight,Seedling,Cold,Moderate,Copper Oxychloride,Chemical,2.0 pts/acre,15,Partial Control,Copper Oxychloride used during Seedling stage under Cold conditions for Moderate Leaf Blight. Outcome: Partial Control. Recommended.
b671ba7a,11/9/2025,Apple,Cedar Apple Rust,Fruiting,Cold,Critical,Myclobutanil,Chemical,3.0 pts/acre,40,Success,Myclobutanil used during Fruiting stage under Cold conditions for Critical Cedar Apple Rust. Outcome: Success. Recommended.
8796382d,6/16/2025,Grape,Esca (Black Measles),Seedling,Hot,Low,Pruning & Sanitation,Mechanical,2.0 pts/acre,102,Partial Control,Pruning & Sanitation used during Seedling stage under Hot conditions for Low Esca (Black Measles). Outcome: Partial Control. Recommended.
0bc926fc,12/23/2025,Tomato,Late Blight,Seedling,Rainy,Moderate,Propamocarb,Chemical,2.0 pts/acre,44,Partial Control,Propamocarb used during Seedling stage under Rainy conditions for Moderate Late Blight. Outcome: Partial Control. Recommended.
9502eda9,4/2/2025,Grape,Black Rot,Harvest Ready,Dry/Sunny,Moderate,Captan,Chemical,2.0 pts/acre,27,Success,Captan used during Harvest Ready stage under Dry/Sunny conditions for Moderate Black Rot. Outcome: Success. Recommended.
19dfa1bd,10/11/2025,Apple,Apple Scab,Vegetative,Humid,High,Sulfur,Organic,3.0 pts/acre,9,Partial Control,Sulfur used during Vegetative stage under Humid conditions for High Apple Scab. Outcome: Partial Control. Recommended.
7d921835,4/2/2025,Grape,Esca (Black Measles),Seedling,Rainy,Low,Trichoderma species,Organic,2.0 pts/acre,39,Failure,Trichoderma species used during Seedling stage under Rainy conditions for Low Esca (Black Measles). Outcome: Failure. Recommended.
903b63f6,8/12/2025,Potato,Late Blight,Flowering,Hot,Moderate,Propamocarb,Chemical,2.0 pts/acre,40,Success,Propamocarb used during Flowering stage under Hot conditions for Moderate Late Blight. Outcome: Success. Recommended.
e46437f1,11/14/2025,Potato,Early Blight,Flowering,Hot,Low,Bacillus subtilis,Organic,2.0 pts/acre,32,Partial Control,Bacillus subtilis used during Flowering stage under Hot conditions for Low Early Blight. Outcome: Partial Control. Recommended.
5138f705,6/4/2025,Grape,Esca (Black Measles),Seedling,Humid,High,Trichoderma species,Organic,3.0 pts/acre,42,Failure,Trichoderma species used during Seedling stage under Humid conditions for High Esca (Black Measles). Outcome: Failure. Recommended.
aef698b2,3/25/2025,Grape,Esca (Black Measles),Fruiting,Dry/Sunny,Moderate,Trichoderma species,Organic,2.0 pts/acre,39,Partial Control,Trichoderma species used during Fruiting stage under Dry/Sunny conditions for Moderate Esca (Black Measles). Outcome: Partial Control. Recommended.
6c89a541,6/9/2025,Grape,Black Rot,Vegetative,Humid,Low,Thiophanate-methyl,Chemical,2.0 pts/acre,36,Success,Thiophanate-methyl used during Vegetative stage under Humid conditions for Low Black Rot. Outcome: Success. Recommended.
aa4086fa,10/23/2025,Tomato,Bacterial Spot,Fruiting,Rainy,High,Bacteriophages,Organic,3.0 pts/acre,50,Partial Control,Bacteriophages used during Fruiting stage under Rainy conditions for High Bacterial Spot. Outcome: Partial Control. Recommended.
9384a62d,2/8/2026,Tomato,Late Blight,Flowering,Cold,Critical,Propamocarb,Chemical,3.0 pts/acre,42,Success,Propamocarb used during Flowering stage under Cold conditions for Critical Late Blight. Outcome: Success. Recommended.
03c32de3,6/27/2025,Apple,Black Rot,Flowering,Rainy,High,Thiophanate-methyl,Chemical,3.0 pts/acre,28,Partial Control,Thiophanate-methyl used during Flowering stage under Rainy conditions for High Black Rot. Outcome: Partial Control. Recommended.
74f15249,9/26/2025,Tomato,Bacterial Spot,Fruiting,Rainy,High,Agri-Mycin,Chemical,3.0 pts/acre,35,Partial Control,Agri-Mycin used during Fruiting stage under Rainy conditions for High Bacterial Spot. Outcome: Partial Control. Recommended.
4660bbe7,9/9/2025,Tomato,Bacterial Spot,Seedling,Dry/Sunny,Critical,Bacteriophages,Organic,3.0 pts/acre,52,Failure,Bacteriophages used during Seedling stage under Dry/Sunny conditions for Critical Bacterial Spot. Outcome: Failure. Recommended.
d347061e,10/3/2025,Tomato,Early Blight,Vegetative,Cold,High,Copper Hydroxide,Organic,3.0 pts/acre,15,Partial Control,Copper Hydroxide used during Vegetative stage under Cold conditions for High Early Blight. Outcome: Partial Control. Recommended.
2f26ba3d,12/29/2025,Potato,Early Blight,Harvest Ready,Humid,High,Bacillus subtilis,Organic,3.0 pts/acre,30,Partial Control,Bacillus subtilis used during Harvest Ready stage under Humid conditions for High Early Blight. Outcome: Partial Control. Recommended.
94bd0afe,10/4/2025,Apple,Black Rot,Fruiting,Hot,Low,Thiophanate-methyl,Chemical,2.0 pts/acre,29,Success,Thiophanate-methyl used during Fruiting stage under Hot conditions for Low Black Rot. Outcome: Success. Recommended.
1f17a896,5/11/2025,Apple,Apple Scab,Harvest Ready,Cold,Low,Captan,Chemical,2.0 pts/acre,24,Success,Captan used during Harvest Ready stage under Cold conditions for Low Apple Scab. Outcome: Success. Recommended.
2b60516d,1/18/2026,Apple,Black Rot,Flowering,Dry/Sunny,Moderate,Captan,Chemical,2.0 pts/acre,25,Success,Captan used during Flowering stage under Dry/Sunny conditions for Moderate Black Rot. Outcome: Success. Recommended.
d25ae484,2/27/2025,Tomato,Early Blight,Vegetative,Cold,High,Mancozeb (Dithane),Chemical,3.0 pts/acre,18,Partial Control,Mancozeb (Dithane) used during Vegetative stage under Cold conditions for High Early Blight. Outcome: Partial Control. Recommended.
726f8219,12/25/2025,Tomato,Late Blight,Flowering,Hot,High,Fixed Copper,Organic,3.0 pts/acre,10,Partial Control,Fixed Copper used during Flowering stage under Hot conditions for High Late Blight. Outcome: Partial Control. Recommended.
6e0ea76a,4/8/2025,Apple,Cedar Apple Rust,Fruiting,Hot,High,Propiconazole,Chemical,3.0 pts/acre,26,Success,Propiconazole used during Fruiting stage under Hot conditions for High Cedar Apple Rust. Outcome: Success. Recommended.
650f0bba,12/27/2025,Tomato,Bacterial Spot,Flowering,Hot,Moderate,Copper + Mancozeb,Chemical,2.0 pts/acre,21,Success,Copper + Mancozeb used during Flowering stage under Hot conditions for Moderate Bacterial Spot. Outcome: Success. Recommended.
a84e2ed2,12/19/2025,Apple,Cedar Apple Rust,Seedling,Humid,Critical,Propiconazole,Chemical,3.0 pts/acre,25,Success,Propiconazole used during Seedling stage under Humid conditions for Critical Cedar Apple Rust. Outcome: Success. Recommended.
69974b6a,10/4/2025,Potato,Early Blight,Flowering,Cold,Critical,Copper Hydroxide,Organic,3.0 pts/acre,19,Failure,Copper Hydroxide used during Flowering stage under Cold conditions for Critical Early Blight. Outcome: Failure. Recommended.
a340a14d,6/17/2025,Potato,Early Blight,Harvest Ready,Rainy,Moderate,Bacillus subtilis,Organic,2.0 pts/acre,35,Failure,Bacillus subtilis used during Harvest Ready stage under Rainy conditions for Moderate Early Blight. Outcome: Failure. Recommended.
4290b4bd,7/2/2025,Apple,Cedar Apple Rust,Fruiting,Hot,High,Propiconazole,Chemical,3.0 pts/acre,30,Success,Propiconazole used during Fruiting stage under Hot conditions for High Cedar Apple Rust. Outcome: Success. Recommended.
853add1f,4/30/2025,Tomato,Late Blight,Seedling,Cold,High,Ridomil Gold,Chemical,3.0 pts/acre,57,Success,Ridomil Gold used during Seedling stage under Cold conditions for High Late Blight. Outcome: Success. Recommended.
e136abb3,3/8/2025,Apple,Apple Scab,Harvest Ready,Hot,Critical,Myclobutanil,Chemical,3.0 pts/acre,42,Failure,Myclobutanil used during Harvest Ready stage under Hot conditions for Critical Apple Scab. Outcome: Failure. unsafe due to PHI (14 days).
64c9ba28,5/28/2025,Potato,Late Blight,Harvest Ready,Humid,Low,Propamocarb,Chemical,2.0 pts/acre,38,Failure,Propamocarb used during Harvest Ready stage under Humid conditions for Low Late Blight. Outcome: Failure. unsafe due to PHI (5 days).
0832d461,6/25/2025,Apple,Black Rot,Vegetative,Humid,Critical,Captan,Chemical,3.0 pts/acre,26,Success,Captan used during Vegetative stage under Humid conditions for Critical Black Rot. Outcome: Success. Recommended.
f23d114d,2/2/2026,Potato,Early Blight,Seedling,Cold,Low,Chlorothalonil (Bravo),Chemical,2.0 pts/acre,26,Success,Chlorothalonil (Bravo) used during Seedling stage under Cold conditions for Low Early Blight. Outcome: Success. Recommended.
25ed176a,12/16/2025,Potato,Early Blight,Vegetative,Humid,Critical,Bacillus subtilis,Organic,3.0 pts/acre,26,Failure,Bacillus subtilis used during Vegetative stage under Humid conditions for Critical Early Blight. Outcome: Failure. Recommended.
299217c1,1/19/2026,Grape,Esca (Black Measles),Fruiting,Dry/Sunny,High,Pruning & Sanitation,Mechanical,3.0 pts/acre,96,Partial Control,Pruning & Sanitation used during Fruiting stage under Dry/Sunny conditions for High Esca (Black Measles). Outcome: Partial Control. Recommended.
81f42224,12/8/2025,Potato,Late Blight,Fruiting,Humid,Moderate,Propamocarb,Chemical,2.0 pts/acre,37,Success,Propamocarb used during Fruiting stage under Humid conditions for Moderate Late Blight. Outcome: Success. Recommended.
5550d5e1,8/11/2025,Apple,Apple Scab,Flowering,Rainy,Low,Myclobutanil,Chemical,2.0 pts/acre,40,Success,Myclobutanil used during Flowering stage under Rainy conditions for Low Apple Scab. Outcome: Success. Recommended.
26b87ff2,4/25/2025,Potato,Late Blight,Fruiting,Dry/Sunny,Low,Ridomil Gold,Chemical,2.0 pts/acre,54,Success,Ridomil Gold used during Fruiting stage under Dry/Sunny conditions for Low Late Blight. Outcome: Success. Recommended.
ad4bb321,8/28/2025,Grape,Leaf Blight,Seedling,Cold,High,Mancozeb,Chemical,3.0 pts/acre,25,Partial Control,Mancozeb used during Seedling stage under Cold conditions for High Leaf Blight. Outcome: Partial Control. Recommended.
599008be,3/6/2025,Grape,Leaf Blight,Vegetative,Humid,Moderate,Mancozeb,Chemical,2.0 pts/acre,24,Success,Mancozeb used during Vegetative stage under Humid conditions for Moderate Leaf Blight. Outcome: Success. Recommended.
7007b696,9/10/2025,Tomato,Late Blight,Flowering,Humid,Moderate,Propamocarb,Chemical,2.0 pts/acre,37,Success,Propamocarb used during Flowering stage under Humid conditions for Moderate Late Blight. Outcome: Success. Recommended.
f4d43142,12/20/2025,Tomato,Late Blight,Fruiting,Rainy,High,Propamocarb,Chemical,3.0 pts/acre,43,Partial Control,Propamocarb used during Fruiting stage under Rainy conditions for High Late Blight. Outcome: Partial Control. Recommended.
253dce99,7/2/2025,Grape,Esca (Black Measles),Fruiting,Cold,Critical,Pruning & Sanitation,Mechanical,3.0 pts/acre,101,Partial Control,Pruning & Sanitation used during Fruiting stage under Cold conditions for Critical Esca (Black Measles). Outcome: Partial Control. Recommended.
7f246d20,9/17/2025,Tomato,Late Blight,Flowering,Hot,High,Propamocarb,Chemical,3.0 pts/acre,41,Success,Propamocarb used during Flowering stage under Hot conditions for High Late Blight. Outcome: Success. Recommended.
83475fe6,1/3/2026,Apple,Black Rot,Fruiting,Cold,Low,Thiophanate-methyl,Chemical,2.0 pts/acre,27,Success,Thiophanate-methyl used during Fruiting stage under Cold conditions for Low Black Rot. Outcome: Success. Recommended.
6ec271a4,5/3/2025,Potato,Late Blight,Harvest Ready,Cold,Moderate,Fixed Copper,Organic,2.0 pts/acre,16,Partial Control,Fixed Copper used during Harvest Ready stage under Cold conditions for Moderate Late Blight. Outcome: Partial Control. Recommended.
e20444bd,1/28/2026,Tomato,Bacterial Spot,Harvest Ready,Dry/Sunny,Critical,Agri-Mycin,Chemical,3.0 pts/acre,30,Partial Control,Agri-Mycin used during Harvest Ready stage under Dry/Sunny conditions for Critical Bacterial Spot. Outcome: Partial Control. Recommended.
7e220d83,6/18/2025,Potato,Late Blight,Fruiting,Humid,Moderate,Ridomil Gold,Chemical,2.0 pts/acre,55,Success,Ridomil Gold used during Fruiting stage under Humid conditions for Moderate Late Blight. Outcome: Success. Recommended.
0b96a46f,7/12/2025,Apple,Cedar Apple Rust,Flowering,Rainy,High,Propiconazole,Chemical,3.0 pts/acre,26,Partial Control,Propiconazole used during Flowering stage under Rainy conditions for High Cedar Apple Rust. Outcome: Partial Control. Recommended.
c72b7668,12/24/2025,Potato,Early Blight,Flowering,Dry/Sunny,Low,Bacillus subtilis,Organic,2.0 pts/acre,32,Partial Control,Bacillus subtilis used during Flowering stage under Dry/Sunny conditions for Low Early Blight. Outcome: Partial Control. Recommended.
02c1b1d5,5/8/2025,Grape,Leaf Blight,Harvest Ready,Humid,Low,Mancozeb,Chemical,2.0 pts/acre,24,Failure,Mancozeb used during Harvest Ready stage under Humid conditions for Low Leaf Blight. Outcome: Failure. unsafe due to PHI (66 days).
5bc19a8c,4/10/2025,Potato,Early Blight,Seedling,Rainy,Critical,Azoxystrobin (Quadris),Chemical,3.0 pts/acre,48,Success,Azoxystrobin (Quadris) used during Seedling stage under Rainy conditions for Critical Early Blight. Outcome: Success. Recommended.
df8cba9f,3/13/2025,Grape,Leaf Blight,Seedling,Rainy,Low,Mancozeb,Chemical,2.0 pts/acre,20,Partial Control,Mancozeb used during Seedling stage under Rainy conditions for Low Leaf Blight. Outcome: Partial Control. Recommended.
adab64b6,8/24/2025,Grape,Esca (Black Measles),Seedling,Rainy,Moderate,Pruning & Sanitation,Mechanical,2.0 pts/acre,103,Partial Control,Pruning & Sanitation used during Seedling stage under Rainy conditions for Moderate Esca (Black Measles). Outcome: Partial Control. Recommended.
0a509b6d,4/29/2025,Potato,Late Blight,Harvest Ready,Rainy,High,Ridomil Gold,Chemical,3.0 pts/acre,58,Failure,Ridomil Gold used during Harvest Ready stage under Rainy conditions for High Late Blight. Outcome: Failure. unsafe due to PHI (5 days).
7d75f751,1/15/2026,Tomato,Bacterial Spot,Harvest Ready,Humid,Moderate,Copper + Mancozeb,Chemical,2.0 pts/acre,30,Failure,Copper + Mancozeb used during Harvest Ready stage under Humid conditions for Moderate Bacterial Spot. Outcome: Failure. unsafe due to PHI (5 days).
9d1f2352,12/20/2025,Apple,Black Rot,Flowering,Cold,Critical,Thiophanate-methyl,Chemical,3.0 pts/acre,29,Success,Thiophanate-methyl used during Flowering stage under Cold conditions for Critical Black Rot. Outcome: Success. Recommended.
bfe57ece,12/22/2025,Tomato,Late Blight,Vegetative,Cold,Moderate,Fixed Copper,Organic,2.0 pts/acre,11,Partial Control,Fixed Copper used during Vegetative stage under Cold conditions for Moderate Late Blight. Outcome: Partial Control. Recommended.
a60de6dc,7/1/2025,Tomato,Late Blight,Vegetative,Hot,Moderate,Propamocarb,Chemical,2.0 pts/acre,41,Success,Propamocarb used during Vegetative stage under Hot conditions for Moderate Late Blight. Outcome: Success. Recommended.
e33c1910,8/15/2025,Grape,Esca (Black Measles),Harvest Ready,Hot,Moderate,Trichoderma species,Organic,2.0 pts/acre,40,Partial Control,Trichoderma species used during Harvest Ready stage under Hot conditions for Moderate Esca (Black Measles). Outcome: Partial Control. Recommended.
e6b027a0,3/26/2025,Apple,Cedar Apple Rust,Harvest Ready,Rainy,Low,Myclobutanil,Chemical,2.0 pts/acre,43,Failure,Myclobutanil used during Harvest Ready stage under Rainy conditions for Low Cedar Apple Rust. Outcome: Failure. unsafe due to PHI (14 days).
0ae74d18,5/9/2025,Potato,Late Blight,Harvest Ready,Hot,Low,Ridomil Gold,Chemical,2.0 pts/acre,53,Failure,Ridomil Gold used during Harvest Ready stage under Hot conditions for Low Late Blight. Outcome: Failure. unsafe due to PHI (5 days).
d903b2e8,11/8/2025,Tomato,Early Blight,Harvest Ready,Humid,Critical,Chlorothalonil (Bravo),Chemical,3.0 pts/acre,30,Success,Chlorothalonil (Bravo) used during Harvest Ready stage under Humid conditions for Critical Early Blight. Outcome: Success. Recommended.
66644763,10/30/2025,Apple,Cedar Apple Rust,Vegetative,Hot,Low,Myclobutanil,Chemical,2.0 pts/acre,38,Success,Myclobutanil used during Vegetative stage under Hot conditions for Low Cedar Apple Rust. Outcome: Success. Recommended.
18e11203,8/22/2025,Tomato,Early Blight,Fruiting,Rainy,Moderate,Azoxystrobin (Quadris),Chemical,2.0 pts/acre,44,Success,Azoxystrobin (Quadris) used during Fruiting stage under Rainy conditions for Moderate Early Blight. Outcome: Success. Recommended.
1e09db34,1/25/2026,Potato,Late Blight,Seedling,Humid,Critical,Fixed Copper,Organic,3.0 pts/acre,18,Failure,Fixed Copper used during Seedling stage under Humid conditions for Critical Late Blight. Outcome: Failure. Recommended.
ee6bcc23,4/11/2025,Apple,Apple Scab,Flowering,Cold,Low,Myclobutanil,Chemical,2.0 pts/acre,43,Success,Myclobutanil used during Flowering stage under Cold conditions for Low Apple Scab. Outcome: Success. Recommended.
5f7c3ce8,7/3/2025,Grape,Black Rot,Harvest Ready,Cold,Low,Captan,Chemical,2.0 pts/acre,27,Success,Captan used during Harvest Ready stage under Cold conditions for Low Black Rot. Outcome: Success. Recommended.
5039dff3,6/16/2025,Grape,Esca (Black Measles),Fruiting,Rainy,High,Trichoderma species,Organic,3.0 pts/acre,45,Failure,Trichoderma species used during Fruiting stage under Rainy conditions for High Esca (Black Measles). Outcome: Failure. Recommended.
80eeae1a,9/25/2025,Tomato,Late Blight,Harvest Ready,Humid,High,Ridomil Gold,Chemical,3.0 pts/acre,60,Failure,Ridomil Gold used during Harvest Ready stage under Humid conditions for High Late Blight. Outcome: Failure. unsafe due to PHI (5 days).
2d43e37c,12/15/2025,Apple,Apple Scab,Seedling,Rainy,High,Myclobutanil,Chemical,3.0 pts/acre,40,Partial Control,Myclobutanil used during Seedling stage under Rainy conditions for High Apple Scab. Outcome: Partial Control. Recommended.
688ce79a,8/26/2025,Grape,Esca (Black Measles),Flowering,Cold,Critical,Pruning & Sanitation,Mechanical,3.0 pts/acre,95,Partial Control,Pruning & Sanitation used during Flowering stage under Cold conditions for Critical Esca (Black Measles). Outcome: Partial Control. Recommended.
c9cd503a,10/15/2025,Apple,Black Rot,Harvest Ready,Rainy,Low,Thiophanate-methyl,Chemical,2.0 pts/acre,36,Partial Control,Thiophanate-methyl used during Harvest Ready stage under Rainy conditions for Low Black Rot. Outcome: Partial Control. Recommended.
36f54e76,9/28/2025,Grape,Esca (Black Measles),Harvest Ready,Dry/Sunny,Critical,Trichoderma species,Organic,3.0 pts/acre,36,Failure,Trichoderma species used during Harvest Ready stage under Dry/Sunny conditions for Critical Esca (Black Measles). Outcome: Failure. Recommended.
1e7dd3d3,1/25/2026,Tomato,Bacterial Spot,Flowering,Cold,Moderate,Agri-Mycin,Chemical,2.0 pts/acre,37,Partial Control,Agri-Mycin used during Flowering stage under Cold conditions for Moderate Bacterial Spot. Outcome: Partial Control. Recommended.
d0aacadb,1/31/2026,Grape,Black Rot,Seedling,Hot,Critical,Lime Sulfur,Organic,3.0 pts/acre,16,Failure,Lime Sulfur used during Seedling stage under Hot conditions for Critical Black Rot. Outcome: Failure. Recommended.
68f073fc,4/14/2025,Potato,Late Blight,Seedling,Hot,High,Propamocarb,Chemical,3.0 pts/acre,35,Success,Propamocarb used during Seedling stage under Hot conditions for High Late Blight. Outcome: Success. Recommended.
f861e709,11/9/2025,Grape,Leaf Blight,Flowering,Hot,Moderate,Copper Oxychloride,Chemical,2.0 pts/acre,16,Partial Control,Copper Oxychloride used during Flowering stage under Hot conditions for Moderate Leaf Blight. Outcome: Partial Control. Recommended.
a6de34a7,8/11/2025,Grape,Black Rot,Seedling,Rainy,Low,Thiophanate-methyl,Chemical,2.0 pts/acre,36,Partial Control,Thiophanate-methyl used during Seedling stage under Rainy conditions for Low Black Rot. Outcome: Partial Control. Recommended.
b1a39347,9/23/2025,Tomato,Early Blight,Seedling,Humid,High,Copper Hydroxide,Organic,3.0 pts/acre,12,Partial Control,Copper Hydroxide used during Seedling stage under Humid conditions for High Early Blight. Outcome: Partial Control. Recommended.
aa343385,8/11/2025,Potato,Early Blight,Seedling,Humid,High,Mancozeb (Dithane),Chemical,3.0 pts/acre,19,Partial Control,Mancozeb (Dithane) used during Seedling stage under Humid conditions for High Early Blight. Outcome: Partial Control. Recommended.
baec42c3,2/21/2025,Apple,Black Rot,Harvest Ready,Rainy,Critical,Lime Sulfur,Organic,3.0 pts/acre,11,Failure,Lime Sulfur used during Harvest Ready stage under Rainy conditions for Critical Black Rot. Outcome: Failure. Recommended.
e9dc0b80,1/5/2026,Potato,Early Blight,Fruiting,Hot,Low,Mancozeb (Dithane),Chemical,2.0 pts/acre,22,Success,Mancozeb (Dithane) used during Fruiting stage under Hot conditions for Low Early Blight. Outcome: Success. Recommended.
0193d4f7,11/16/2025,Potato,Early Blight,Vegetative,Hot,Low,Chlorothalonil (Bravo),Chemical,2.0 pts/acre,22,Success,Chlorothalonil (Bravo) used during Vegetative stage under Hot conditions for Low Early Blight. Outcome: Success. Recommended.
be857799,9/18/2025,Grape,Esca (Black Measles),Fruiting,Hot,Critical,Pruning & Sanitation,Mechanical,3.0 pts/acre,105,Partial Control,Pruning & Sanitation used during Fruiting stage under Hot conditions for Critical Esca (Black Measles). Outcome: Partial Control. Recommended.
69b3bc2a,3/7/2025,Grape,Esca (Black Measles),Harvest Ready,Hot,Moderate,Trichoderma species,Organic,2.0 pts/acre,37,Partial Control,Trichoderma species used during Harvest Ready stage under Hot conditions for Moderate Esca (Black Measles). Outcome: Partial Control. Recommended.
6f64725a,3/25/2025,Apple,Cedar Apple Rust,Flowering,Cold,High,Propiconazole,Chemical,3.0 pts/acre,33,Success,Propiconazole used during Flowering stage under Cold conditions for High Cedar Apple Rust. Outcome: Success. Recommended.
4680c4bc,3/3/2025,Tomato,Early Blight,Fruiting,Dry/Sunny,Moderate,Mancozeb (Dithane),Chemical,2.0 pts/acre,21,Success,Mancozeb (Dithane) used during Fruiting stage under Dry/Sunny conditions for Moderate Early Blight. Outcome: Success. Recommended.
20c9f46a,2/5/2026,Potato,Early Blight,Seedling,Dry/Sunny,Critical,Mancozeb (Dithane),Chemical,3.0 pts/acre,17,Success,Mancozeb (Dithane) used during Seedling stage under Dry/Sunny conditions for Critical Early Blight. Outcome: Success. Recommended.
e9e981d0,10/11/2025,Potato,Late Blight,Fruiting,Cold,Low,Ridomil Gold,Chemical,2.0 pts/acre,56,Success,Ridomil Gold used during Fruiting stage under Cold conditions for Low Late Blight. Outcome: Success. Recommended.
ed959ff9,6/15/2025,Apple,Black Rot,Vegetative,Cold,Low,Thiophanate-methyl,Chemical,2.0 pts/acre,37,Success,Thiophanate-methyl used during Vegetative stage under Cold conditions for Low Black Rot. Outcome: Success. Recommended.
2f69e5a5,2/20/2025,Grape,Leaf Blight,Flowering,Hot,High,Mancozeb,Chemical,3.0 pts/acre,19,Partial Control,Mancozeb used during Flowering stage under Hot conditions for High Leaf Blight. Outcome: Partial Control. Recommended.
2dfa9ae7,6/30/2025,Grape,Esca (Black Measles),Seedling,Humid,Critical,Pruning & Sanitation,Mechanical,3.0 pts/acre,100,Partial Control,Pruning & Sanitation used during Seedling stage under Humid conditions for Critical Esca (Black Measles). Outcome: Partial Control. Recommended.
83830aac,5/4/2025,Grape,Esca (Black Measles),Vegetative,Hot,Moderate,Trichoderma species,Organic,2.0 pts/acre,36,Partial Control,Trichoderma species used during Vegetative stage under Hot conditions for Moderate Esca (Black Measles). Outcome: Partial Control. Recommended.
f4553a37,12/5/2025,Potato,Early Blight,Harvest Ready,Hot,Critical,Bacillus subtilis,Organic,3.0 pts/acre,25,Failure,Bacillus subtilis used during Harvest Ready stage under Hot conditions for Critical Early Blight. Outcome: Failure. Recommended.
b1b20b60,5/30/2025,Apple,Apple Scab,Harvest Ready,Cold,Moderate,Myclobutanil,Chemical,2.0 pts/acre,41,Failure,Myclobutanil used during Harvest Ready stage under Cold conditions for Moderate Apple Scab. Outcome: Failure. unsafe due to PHI (14 days).
9bca9089,4/11/2025,Potato,Early Blight,Vegetative,Dry/Sunny,High,Chlorothalonil (Bravo),Chemical,3.0 pts/acre,21,Success,Chlorothalonil (Bravo) used during Vegetative stage under Dry/Sunny conditions for High Early Blight. Outcome: Success. Recommended.
fe7d0363,9/7/2025,Tomato,Late Blight,Harvest Ready,Dry/Sunny,High,Fixed Copper,Organic,3.0 pts/acre,19,Partial Control,Fixed Copper used during Harvest Ready stage under Dry/Sunny conditions for High Late Blight. Outcome: Partial Control. Recommended.
6967ba98,11/2/2025,Apple,Cedar Apple Rust,Harvest Ready,Hot,Low,Propiconazole,Chemical,2.0 pts/acre,31,Failure,Propiconazole used during Harvest Ready stage under Hot conditions for Low Cedar Apple Rust. Outcome: Failure. unsafe due to PHI (14 days).
31b00ee7,5/31/2025,Potato,Early Blight,Fruiting,Dry/Sunny,Moderate,Chlorothalonil (Bravo),Chemical,2.0 pts/acre,28,Success,Chlorothalonil (Bravo) used during Fruiting stage under Dry/Sunny conditions for Moderate Early Blight. Outcome: Success. Recommended.
8834203c,11/16/2025,Tomato,Bacterial Spot,Vegetative,Rainy,Critical,Bacteriophages,Organic,3.0 pts/acre,48,Failure,Bacteriophages used during Vegetative stage under Rainy conditions for Critical Bacterial Spot. Outcome: Failure. Recommended.
9fd48743,9/22/2025,Grape,Black Rot,Flowering,Humid,Critical,Thiophanate-methyl,Chemical,3.0 pts/acre,37,Success,Thiophanate-methyl used during Flowering stage under Humid conditions for Critical Black Rot. Outcome: Success. Recommended.
881d7b1a,6/3/2025,Tomato,Early Blight,Harvest Ready,Hot,Low,Mancozeb (Dithane),Chemical,2.0 pts/acre,17,Failure,Mancozeb (Dithane) used during Harvest Ready stage under Hot conditions for Low Early Blight. Outcome: Failure. unsafe due to PHI (5 days).
413e602e,9/29/2025,Potato,Late Blight,Vegetative,Humid,Critical,Ridomil Gold,Chemical,3.0 pts/acre,57,Success,Ridomil Gold used during Vegetative stage under Humid conditions for Critical Late Blight. Outcome: Success. Recommended.
ff148f5a,9/6/2025,Grape,Leaf Blight,Harvest Ready,Hot,High,Copper Oxychloride,Chemical,3.0 pts/acre,18,Partial Control,Copper Oxychloride used during Harvest Ready stage under Hot conditions for High Leaf Blight. Outcome: Partial Control. Recommended.
f9e4e053,8/2/2025,Apple,Black Rot,Flowering,Hot,Critical,Thiophanate-methyl,Chemical,3.0 pts/acre,30,Success,Thiophanate-methyl used during Flowering stage under Hot conditions for Critical Black Rot. Outcome: Success. Recommended.
140810b3,5/10/2025,Grape,Esca (Black Measles),Seedling,Humid,High,Trichoderma species,Organic,3.0 pts/acre,43,Failure,Trichoderma species used during Seedling stage under Humid conditions for High Esca (Black Measles). Outcome: Failure. Recommended.
4d30e2eb,6/14/2025,Tomato,Late Blight,Vegetative,Cold,Moderate,Ridomil Gold,Chemical,2.0 pts/acre,58,Success,Ridomil Gold used during Vegetative stage under Cold conditions for Moderate Late Blight. Outcome: Success. Recommended.
3.11E+11,11/12/2025,Grape,Black Rot,Vegetative,Hot,Moderate,Thiophanate-methyl,Chemical,2.0 pts/acre,32,Success,Thiophanate-methyl used during Vegetative stage under Hot conditions for Moderate Black Rot. Outcome: Success. Recommended.
6ec0f596,7/20/2025,Apple,Black Rot,Vegetative,Rainy,High,Captan,Chemical,3.0 pts/acre,17,Partial Control,Captan used during Vegetative stage under Rainy conditions for High Black Rot. Outcome: Partial Control. Recommended.
55b52484,10/16/2025,Apple,Cedar Apple Rust,Fruiting,Humid,High,Propiconazole,Chemical,3.0 pts/acre,28,Success,Propiconazole used during Fruiting stage under Humid conditions for High Cedar Apple Rust. Outcome: Success. Recommended.
05b42714,7/1/2025,Tomato,Late Blight,Fruiting,Rainy,Low,Fixed Copper,Organic,2.0 pts/acre,19,Partial Control,Fixed Copper used during Fruiting stage under Rainy conditions for Low Late Blight. Outcome: Partial Control. Recommended.
7f9f3583,9/10/2025,Grape,Black Rot,Harvest Ready,Hot,Moderate,Lime Sulfur,Organic,2.0 pts/acre,11,Partial Control,Lime Sulfur used during Harvest Ready stage under Hot conditions for Moderate Black Rot. Outcome: Partial Control. Recommended.
9e059eff,10/10/2025,Grape,Black Rot,Fruiting,Humid,High,Thiophanate-methyl,Chemical,3.0 pts/acre,31,Success,Thiophanate-methyl used during Fruiting stage under Humid conditions for High Black Rot. Outcome: Success. Recommended.
7f872c21,11/2/2025,Apple,Cedar Apple Rust,Flowering,Humid,High,Myclobutanil,Chemical,3.0 pts/acre,39,Success,Myclobutanil used during Flowering stage under Humid conditions for High Cedar Apple Rust. Outcome: Success. Recommended.
22b46741,9/21/2025,Tomato,Early Blight,Seedling,Cold,High,Copper Hydroxide,Organic,3.0 pts/acre,17,Partial Control,Copper Hydroxide used during Seedling stage under Cold conditions for High Early Blight. Outcome: Partial Control. Recommended.
2a5a15e6,9/17/2025,Grape,Black Rot,Vegetative,Cold,Critical,Lime Sulfur,Organic,3.0 pts/acre,12,Failure,Lime Sulfur used during Vegetative stage under Cold conditions for Critical Black Rot. Outcome: Failure. Recommended.
400f3dbb,12/3/2025,Potato,Early Blight,Vegetative,Humid,Critical,Copper Hydroxide,Organic,3.0 pts/acre,18,Failure,Copper Hydroxide used during Vegetative stage under Humid conditions for Critical Early Blight. Outcome: Failure. Recommended.
adb0800a,7/10/2025,Potato,Early Blight,Harvest Ready,Rainy,Critical,Bacillus subtilis,Organic,3.0 pts/acre,32,Failure,Bacillus subtilis used during Harvest Ready stage under Rainy conditions for Critical Early Blight. Outcome: Failure. Recommended.
76fbc913,2/21/2025,Tomato,Late Blight,Harvest Ready,Humid,High,Ridomil Gold,Chemical,3.0 pts/acre,57,Failure,Ridomil Gold used during Harvest Ready stage under Humid conditions for High Late Blight. Outcome: Failure. unsafe due to PHI (5 days).
5b726b33,11/7/2025,Grape,Black Rot,Seedling,Rainy,Low,Captan,Chemical,2.0 pts/acre,26,Partial Control,Captan used during Seedling stage under Rainy conditions for Low Black Rot. Outcome: Partial Control. Recommended.
bc486226,6/10/2025,Tomato,Early Blight,Vegetative,Rainy,High,Azoxystrobin (Quadris),Chemical,3.0 pts/acre,41,Partial Control,Azoxystrobin (Quadris) used during Vegetative stage under Rainy conditions for High Early Blight. Outcome: Partial Control. Recommended.
ef9c1ff4,3/25/2025,Potato,Late Blight,Harvest Ready,Dry/Sunny,Moderate,Propamocarb,Chemical,2.0 pts/acre,36,Failure,Propamocarb used during Harvest Ready stage under Dry/Sunny conditions for Moderate Late Blight. Outcome: Failure. unsafe due to PHI (5 days).
6f720bda,12/18/2025,Apple,Apple Scab,Vegetative,Dry/Sunny,Low,Myclobutanil,Chemical,2.0 pts/acre,41,Success,Myclobutanil used during Vegetative stage under Dry/Sunny conditions for Low Apple Scab. Outcome: Success. Recommended.
f63bde6c,11/19/2025,Tomato,Bacterial Spot,Vegetative,Dry/Sunny,High,Bacteriophages,Organic,3.0 pts/acre,49,Partial Control,Bacteriophages used during Vegetative stage under Dry/Sunny conditions for High Bacterial Spot. Outcome: Partial Control. Recommended.
5b88e324,4/12/2025,Grape,Black Rot,Seedling,Rainy,High,Lime Sulfur,Organic,3.0 pts/acre,10,Failure,Lime Sulfur used during Seedling stage under Rainy conditions for High Black Rot. Outcome: Failure. Recommended.
17f08969,6/13/2025,Grape,Black Rot,Seedling,Cold,Critical,Thiophanate-methyl,Chemical,3.0 pts/acre,33,Success,Thiophanate-methyl used during Seedling stage under Cold conditions for Critical Black Rot. Outcome: Success. Recommended.
40c1876b,8/18/2025,Apple,Black Rot,Flowering,Dry/Sunny,Moderate,Lime Sulfur,Organic,2.0 pts/acre,7,Partial Control,Lime Sulfur used during Flowering stage under Dry/Sunny conditions for Moderate Black Rot. Outcome: Partial Control. Recommended.
23d30a5a,1/29/2026,Apple,Cedar Apple Rust,Flowering,Cold,Moderate,Propiconazole,Chemical,2.0 pts/acre,34,Success,Propiconazole used during Flowering stage under Cold conditions for Moderate Cedar Apple Rust. Outcome: Success. Recommended.
4d14cbc2,7/28/2025,Grape,Leaf Blight,Seedling,Hot,Moderate,Mancozeb,Chemical,2.0 pts/acre,20,Success,Mancozeb used during Seedling stage under Hot conditions for Moderate Leaf Blight. Outcome: Success. Recommended.
cd9cd1ea,9/3/2025,Apple,Cedar Apple Rust,Harvest Ready,Rainy,Critical,Propiconazole,Chemical,3.0 pts/acre,31,Failure,Propiconazole used during Harvest Ready stage under Rainy conditions for Critical Cedar Apple Rust. Outcome: Failure. unsafe due to PHI (14 days).
6e048e80,9/16/2025,Grape,Leaf Blight,Fruiting,Rainy,High,Copper Oxychloride,Chemical,3.0 pts/acre,19,Partial Control,Copper Oxychloride used during Fruiting stage under Rainy conditions for High Leaf Blight. Outcome: Partial Control. Recommended.
e5503528,9/20/2025,Apple,Black Rot,Seedling,Rainy,Low,Lime Sulfur,Organic,2.0 pts/acre,13,Failure,Lime Sulfur used during Seedling stage under Rainy conditions for Low Black Rot. Outcome: Failure. Recommended.
10bd00b1,9/24/2025,Tomato,Late Blight,Vegetative,Hot,Critical,Ridomil Gold,Chemical,3.0 pts/acre,59,Success,Ridomil Gold used during Vegetative stage under Hot conditions for Critical Late Blight. Outcome: Success. Recommended.
369f45d3,11/5/2025,Apple,Cedar Apple Rust,Harvest Ready,Hot,Critical,Myclobutanil,Chemical,3.0 pts/acre,39,Failure,Myclobutanil used during Harvest Ready stage under Hot conditions for Critical Cedar Apple Rust. Outcome: Failure. unsafe due to PHI (14 days).
040ba010,11/2/2025,Tomato,Late Blight,Harvest Ready,Humid,Critical,Ridomil Gold,Chemical,3.0 pts/acre,53,Failure,Ridomil Gold used during Harvest Ready stage under Humid conditions for Critical Late Blight. Outcome: Failure. unsafe due to PHI (5 days).
9170f9dc,11/13/2025,Potato,Early Blight,Fruiting,Cold,Critical,Bacillus subtilis,Organic,3.0 pts/acre,30,Failure,Bacillus subtilis used during Fruiting stage under Cold conditions for Critical Early Blight. Outcome: Failure. Recommended.
7d86b233,8/31/2025,Grape,Esca (Black Measles),Vegetative,Cold,Moderate,Trichoderma species,Organic,2.0 pts/acre,44,Partial Control,Trichoderma species used during Vegetative stage under Cold conditions for Moderate Esca (Black Measles). Outcome: Partial Control. Recommended.
127eb03c,12/20/2025,Apple,Apple Scab,Vegetative,Humid,High,Sulfur,Organic,3.0 pts/acre,8,Partial Control,Sulfur used during Vegetative stage under Humid conditions for High Apple Scab. Outcome: Partial Control. Recommended.
22018221,4/29/2025,Apple,Cedar Apple Rust,Flowering,Rainy,Low,Myclobutanil,Chemical,2.0 pts/acre,33,Success,Myclobutanil used during Flowering stage under Rainy conditions for Low Cedar Apple Rust. Outcome: Success. Recommended.
8b3f11c9,3/30/2025,Tomato,Bacterial Spot,Fruiting,Dry/Sunny,Low,Bacteriophages,Organic,2.0 pts/acre,52,Partial Control,Bacteriophages used during Fruiting stage under Dry/Sunny conditions for Low Bacterial Spot. Outcome: Partial Control. Recommended.
7b99103c,7/24/2025,Grape,Black Rot,Flowering,Dry/Sunny,Low,Captan,Chemical,2.0 pts/acre,19,Success,Captan used during Flowering stage under Dry/Sunny conditions for Low Black Rot. Outcome: Success. Recommended.
775e6136,8/27/2025,Potato,Late Blight,Harvest Ready,Hot,Moderate,Propamocarb,Chemical,2.0 pts/acre,41,Failure,Propamocarb used during Harvest Ready stage under Hot conditions for Moderate Late Blight. Outcome: Failure. unsafe due to PHI (5 days).
0560df84,4/15/2025,Tomato,Early Blight,Harvest Ready,Humid,Critical,Copper Hydroxide,Organic,3.0 pts/acre,11,Failure,Copper Hydroxide used during Harvest Ready stage under Humid conditions for Critical Early Blight. Outcome: Failure. Recommended.
02af8681,7/10/2025,Apple,Apple Scab,Vegetative,Humid,High,Myclobutanil,Chemical,3.0 pts/acre,41,Success,Myclobutanil used during Vegetative stage under Humid conditions for High Apple Scab. Outcome: Success. Recommended.
7ea28f16,8/27/2025,Apple,Black Rot,Fruiting,Rainy,Low,Captan,Chemical,2.0 pts/acre,20,Partial Control,Captan used during Fruiting stage under Rainy conditions for Low Black Rot. Outcome: Partial Control. Recommended.
db599423,9/28/2025,Tomato,Bacterial Spot,Flowering,Rainy,Critical,Copper + Mancozeb,Chemical,3.0 pts/acre,22,Partial Control,Copper + Mancozeb used during Flowering stage under Rainy conditions for Critical Bacterial Spot. Outcome: Partial Control. Recommended.
ff4e779a,1/12/2026,Tomato,Early Blight,Fruiting,Hot,High,Chlorothalonil (Bravo),Chemical,3.0 pts/acre,29,Success,Chlorothalonil (Bravo) used during Fruiting stage under Hot conditions for High Early Blight. Outcome: Success. Recommended.
2e1bf8ca,2/3/2026,Potato,Early Blight,Seedling,Dry/Sunny,High,Bacillus subtilis,Organic,3.0 pts/acre,26,Partial Control,Bacillus subtilis used during Seedling stage under Dry/Sunny conditions for High Early Blight. Outcome: Partial Control. Recommended.
f0ab10da,2/24/2025,Apple,Apple Scab,Seedling,Humid,Critical,Captan,Chemical,3.0 pts/acre,19,Success,Captan used during Seedling stage under Humid conditions for Critical Apple Scab. Outcome: Success. Recommended.
400d7112,6/19/2025,Apple,Apple Scab,Fruiting,Dry/Sunny,Low,Captan,Chemical,2.0 pts/acre,21,Success,Captan used during Fruiting stage under Dry/Sunny conditions for Low Apple Scab. Outcome: Success. Recommended.
b830c9fe,7/9/2025,Potato,Late Blight,Harvest Ready,Humid,Moderate,Fixed Copper,Organic,2.0 pts/acre,19,Partial Control,Fixed Copper used during Harvest Ready stage under Humid conditions for Moderate Late Blight. Outcome: Partial Control. Recommended.
e94a2598,9/28/2025,Tomato,Early Blight,Fruiting,Cold,High,Copper Hydroxide,Organic,3.0 pts/acre,11,Partial Control,Copper Hydroxide used during Fruiting stage under Cold conditions for High Early Blight. Outcome: Partial Control. Recommended.
5108ccad,3/29/2025,Grape,Leaf Blight,Vegetative,Dry/Sunny,Low,Copper Oxychloride,Chemical,2.0 pts/acre,17,Partial Control,Copper Oxychloride used during Vegetative stage under Dry/Sunny conditions for Low Leaf Blight. Outcome: Partial Control. Recommended.
10da124c,3/25/2025,Apple,Apple Scab,Flowering,Rainy,Low,Myclobutanil,Chemical,2.0 pts/acre,40,Success,Myclobutanil used during Flowering stage under Rainy conditions for Low Apple Scab. Outcome: Success. Recommended.
065b9cba,2/12/2026,Apple,Cedar Apple Rust,Vegetative,Rainy,High,Propiconazole,Chemical,3.0 pts/acre,35,Partial Control,Propiconazole used during Vegetative stage under Rainy conditions for High Cedar Apple Rust. Outcome: Partial Control. Recommended.
5c00a294,10/27/2025,Potato,Early Blight,Seedling,Cold,Low,Azoxystrobin (Quadris),Chemical,2.0 pts/acre,40,Success,Azoxystrobin (Quadris) used during Seedling stage under Cold conditions for Low Early Blight. Outcome: Success. Recommended.
a0c24eaf,9/10/2025,Grape,Black Rot,Seedling,Hot,Critical,Captan,Chemical,3.0 pts/acre,24,Success,Captan used during Seedling stage under Hot conditions for Critical Black Rot. Outcome: Success. Recommended.
d360657d,7/1/2025,Potato,Late Blight,Fruiting,Dry/Sunny,High,Ridomil Gold,Chemical,3.0 pts/acre,55,Success,Ridomil Gold used during Fruiting stage under Dry/Sunny conditions for High Late Blight. Outcome: Success. Recommended.
9f4afe08,5/22/2025,Grape,Esca (Black Measles),Vegetative,Dry/Sunny,Moderate,Trichoderma species,Organic,2.0 pts/acre,45,Partial Control,Trichoderma species used during Vegetative stage under Dry/Sunny conditions for Moderate Esca (Black Measles). Outcome: Partial Control. Recommended.
fd9fe910,5/26/2025,Apple,Apple Scab,Flowering,Hot,Low,Sulfur,Organic,2.0 pts/acre,7,Partial Control,Sulfur used during Flowering stage under Hot conditions for Low Apple Scab. Outcome: Partial Control. Recommended.
1d2ecad6,10/27/2025,Apple,Cedar Apple Rust,Flowering,Humid,High,Myclobutanil,Chemical,3.0 pts/acre,39,Success,Myclobutanil used during Flowering stage under Humid conditions for High Cedar Apple Rust. Outcome: Success. Recommended.
d3cb5245,3/6/2025,Potato,Late Blight,Flowering,Humid,Low,Ridomil Gold,Chemical,2.0 pts/acre,54,Success,Ridomil Gold used during Flowering stage under Humid conditions for Low Late Blight. Outcome: Success. Recommended.
d247c21f,4/13/2025,Apple,Cedar Apple Rust,Flowering,Humid,Critical,Propiconazole,Chemical,3.0 pts/acre,26,Success,Propiconazole used during Flowering stage under Humid conditions for Critical Cedar Apple Rust. Outcome: Success. Recommended.
4d3a5590,7/22/2025,Tomato,Bacterial Spot,Harvest Ready,Hot,Low,Copper + Mancozeb,Chemical,2.0 pts/acre,29,Failure,Copper + Mancozeb used during Harvest Ready stage under Hot conditions for Low Bacterial Spot. Outcome: Failure. unsafe due to PHI (5 days).
39e443ba,7/22/2025,Tomato,Late Blight,Vegetative,Humid,High,Ridomil Gold,Chemical,3.0 pts/acre,58,Success,Ridomil Gold used during Vegetative stage under Humid conditions for High Late Blight. Outcome: Success. Recommended.
9f5619a5,7/23/2025,Apple,Apple Scab,Flowering,Rainy,Critical,Myclobutanil,Chemical,3.0 pts/acre,34,Success,Myclobutanil used during Flowering stage under Rainy conditions for Critical Apple Scab. Outcome: Success. Recommended.
cad31295,1/22/2026,Apple,Black Rot,Harvest Ready,Dry/Sunny,Low,Thiophanate-methyl,Chemical,2.0 pts/acre,28,Success,Thiophanate-methyl used during Harvest Ready stage under Dry/Sunny conditions for Low Black Rot. Outcome: Success. Recommended.
d64ed79a,10/21/2025,Tomato,Late Blight,Vegetative,Rainy,Critical,Propamocarb,Chemical,3.0 pts/acre,39,Partial Control,Propamocarb used during Vegetative stage under Rainy conditions for Critical Late Blight. Outcome: Partial Control. Recommended.
70e0d2f1,12/6/2025,Potato,Early Blight,Flowering,Humid,Moderate,Azoxystrobin (Quadris),Chemical,2.0 pts/acre,42,Success,Azoxystrobin (Quadris) used during Flowering stage under Humid conditions for Moderate Early Blight. Outcome: Success. Recommended.
69b722f6,5/6/2025,Grape,Black Rot,Vegetative,Cold,High,Thiophanate-methyl,Chemical,3.0 pts/acre,27,Success,Thiophanate-methyl used during Vegetative stage under Cold conditions for High Black Rot. Outcome: Success. Recommended.
70786903,2/12/2026,Potato,Late Blight,Fruiting,Dry/Sunny,Critical,Propamocarb,Chemical,3.0 pts/acre,40,Success,Propamocarb used during Fruiting stage under Dry/Sunny conditions for Critical Late Blight. Outcome: Success. Recommended.
a2815c97,5/28/2025,Potato,Early Blight,Fruiting,Dry/Sunny,High,Mancozeb (Dithane),Chemical,3.0 pts/acre,22,Partial Control,Mancozeb (Dithane) used during Fruiting stage under Dry/Sunny conditions for High Early Blight. Outcome: Partial Control. Recommended.
9145fef5,3/27/2025,Potato,Late Blight,Seedling,Hot,Critical,Ridomil Gold,Chemical,3.0 pts/acre,53,Success,Ridomil Gold used during Seedling stage under Hot conditions for Critical Late Blight. Outcome: Success. Recommended.
53305fb1,11/10/2025,Potato,Late Blight,Flowering,Hot,Low,Fixed Copper,Organic,2.0 pts/acre,20,Partial Control,Fixed Copper used during Flowering stage under Hot conditions for Low Late Blight. Outcome: Partial Control. Recommended.
102a5e65,7/6/2025,Potato,Early Blight,Harvest Ready,Dry/Sunny,Low,Azoxystrobin (Quadris),Chemical,2.0 pts/acre,48,Success,Azoxystrobin (Quadris) used during Harvest Ready stage under Dry/Sunny conditions for Low Early Blight. Outcome: Success. Recommended.
6563c2f8,9/3/2025,Potato,Early Blight,Vegetative,Hot,Moderate,Copper Hydroxide,Organic,2.0 pts/acre,18,Partial Control,Copper Hydroxide used during Vegetative stage under Hot conditions for Moderate Early Blight. Outcome: Partial Control. Recommended.
0e9297b6,9/9/2025,Apple,Black Rot,Seedling,Hot,Low,Lime Sulfur,Organic,2.0 pts/acre,17,Partial Control,Lime Sulfur used during Seedling stage under Hot conditions for Low Black Rot. Outcome: Partial Control. Recommended.
a40d4278,8/1/2025,Tomato,Late Blight,Fruiting,Dry/Sunny,Moderate,Fixed Copper,Organic,2.0 pts/acre,19,Partial Control,Fixed Copper used during Fruiting stage under Dry/Sunny conditions for Moderate Late Blight. Outcome: Partial Control. Recommended.
83bc4d9f,3/12/2025,Grape,Black Rot,Fruiting,Cold,Critical,Lime Sulfur,Organic,3.0 pts/acre,9,Failure,Lime Sulfur used during Fruiting stage under Cold conditions for Critical Black Rot. Outcome: Failure. Recommended.
35773230,8/4/2025,Apple,Apple Scab,Harvest Ready,Hot,Critical,Sulfur,Organic,3.0 pts/acre,15,Failure,Sulfur used during Harvest Ready stage under Hot conditions for Critical Apple Scab. Outcome: Failure. Recommended.
25d266c8,1/23/2026,Potato,Late Blight,Flowering,Dry/Sunny,Moderate,Fixed Copper,Organic,2.0 pts/acre,13,Partial Control,Fixed Copper used during Flowering stage under Dry/Sunny conditions for Moderate Late Blight. Outcome: Partial Control. Recommended.
6dba2c5a,12/2/2025,Potato,Late Blight,Flowering,Dry/Sunny,High,Ridomil Gold,Chemical,3.0 pts/acre,55,Success,Ridomil Gold used during Flowering stage under Dry/Sunny conditions for High Late Blight. Outcome: Success. Recommended.
9b5915b1,10/10/2025,Grape,Esca (Black Measles),Seedling,Hot,High,Pruning & Sanitation,Mechanical,3.0 pts/acre,102,Partial Control,Pruning & Sanitation used during Seedling stage under Hot conditions for High Esca (Black Measles). Outcome: Partial Control. Recommended.
df3eb0b9,1/4/2026,Tomato,Late Blight,Seedling,Cold,Moderate,Propamocarb,Chemical,2.0 pts/acre,39,Success,Propamocarb used during Seedling stage under Cold conditions for Moderate Late Blight. Outcome: Success. Recommended.
1d226b0e,8/30/2025,Tomato,Early Blight,Fruiting,Humid,Critical,Azoxystrobin (Quadris),Chemical,3.0 pts/acre,48,Success,Azoxystrobin (Quadris) used during Fruiting stage under Humid conditions for Critical Early Blight. Outcome: Success. Recommended.
8655710e,7/2/2025,Potato,Late Blight,Flowering,Rainy,Critical,Fixed Copper,Organic,3.0 pts/acre,12,Failure,Fixed Copper used during Flowering stage under Rainy conditions for Critical Late Blight. Outcome: Failure. Recommended.
545dd150,5/10/2025,Tomato,Early Blight,Harvest Ready,Dry/Sunny,High,Bacillus subtilis,Organic,3.0 pts/acre,35,Partial Control,Bacillus subtilis used during Harvest Ready stage under Dry/Sunny conditions for High Early Blight. Outcome: Partial Control. Recommended.
848b8d96,9/5/2025,Grape,Leaf Blight,Harvest Ready,Cold,High,Mancozeb,Chemical,3.0 pts/acre,20,Failure,Mancozeb used during Harvest Ready stage under Cold conditions for High Leaf Blight. Outcome: Failure. unsafe due to PHI (66 days).
a1137573,7/9/2025,Potato,Early Blight,Vegetative,Hot,High,Mancozeb (Dithane),Chemical,3.0 pts/acre,18,Partial Control,Mancozeb (Dithane) used during Vegetative stage under Hot conditions for High Early Blight. Outcome: Partial Control. Recommended.
42a0a3a6,11/27/2025,Potato,Early Blight,Flowering,Humid,Moderate,Chlorothalonil (Bravo),Chemical,2.0 pts/acre,27,Success,Chlorothalonil (Bravo) used during Flowering stage under Humid conditions for Moderate Early Blight. Outcome: Success. Recommended.
a6e491ed,5/23/2025,Apple,Cedar Apple Rust,Seedling,Hot,Critical,Propiconazole,Chemical,3.0 pts/acre,32,Success,Propiconazole used during Seedling stage under Hot conditions for Critical Cedar Apple Rust. Outcome: Success. Recommended.
cfa0ccf9,4/22/2025,Potato,Early Blight,Flowering,Cold,Low,Mancozeb (Dithane),Chemical,2.0 pts/acre,18,Success,Mancozeb (Dithane) used during Flowering stage under Cold conditions for Low Early Blight. Outcome: Success. Recommended.
679cf2a4,4/16/2025,Grape,Black Rot,Flowering,Cold,Moderate,Thiophanate-methyl,Chemical,2.0 pts/acre,36,Success,Thiophanate-methyl used during Flowering stage under Cold conditions for Moderate Black Rot. Outcome: Success. Recommended.
3df11358,2/6/2026,Potato,Late Blight,Seedling,Cold,High,Ridomil Gold,Chemical,3.0 pts/acre,54,Success,Ridomil Gold used during Seedling stage under Cold conditions for High Late Blight. Outcome: Success. Recommended.
36d148f5,4/24/2025,Grape,Esca (Black Measles),Seedling,Cold,Moderate,Trichoderma species,Organic,2.0 pts/acre,44,Partial Control,Trichoderma species used during Seedling stage under Cold conditions for Moderate Esca (Black Measles). Outcome: Partial Control. Recommended.
feb7ea12,7/23/2025,Tomato,Bacterial Spot,Flowering,Humid,Moderate,Agri-Mycin,Chemical,2.0 pts/acre,36,Partial Control,Agri-Mycin used during Flowering stage under Humid conditions for Moderate Bacterial Spot. Outcome: Partial Control. Recommended.
b63efc32,4/17/2025,Potato,Late Blight,Fruiting,Dry/Sunny,Low,Ridomil Gold,Chemical,2.0 pts/acre,53,Success,Ridomil Gold used during Fruiting stage under Dry/Sunny conditions for Low Late Blight. Outcome: Success. Recommended.
de1daf35,11/9/2025,Apple,Black Rot,Harvest Ready,Dry/Sunny,Critical,Thiophanate-methyl,Chemical,3.0 pts/acre,27,Success,Thiophanate-methyl used during Harvest Ready stage under Dry/Sunny conditions for Critical Black Rot. Outcome: Success. Recommended.
d7532e11,10/18/2025,Potato,Early Blight,Flowering,Humid,Critical,Copper Hydroxide,Organic,3.0 pts/acre,14,Failure,Copper Hydroxide used during Flowering stage under Humid conditions for Critical Early Blight. Outcome: Failure. Recommended.
9c327dad,3/4/2025,Apple,Apple Scab,Harvest Ready,Humid,Critical,Myclobutanil,Chemical,3.0 pts/acre,39,Failure,Myclobutanil used during Harvest Ready stage under Humid conditions for Critical Apple Scab. Outcome: Failure. unsafe due to PHI (14 days).
99ded26c,11/12/2025,Grape,Black Rot,Harvest Ready,Humid,Moderate,Lime Sulfur,Organic,2.0 pts/acre,7,Partial Control,Lime Sulfur used during Harvest Ready stage under Humid conditions for Moderate Black Rot. Outcome: Partial Control. Recommended.
f266f1ab,9/28/2025,Grape,Black Rot,Seedling,Cold,Low,Lime Sulfur,Organic,2.0 pts/acre,10,Partial Control,Lime Sulfur used during Seedling stage under Cold conditions for Low Black Rot. Outcome: Partial Control. Recommended.
7ed1c0b5,8/13/2025,Apple,Apple Scab,Harvest Ready,Dry/Sunny,Low,Sulfur,Organic,2.0 pts/acre,12,Partial Control,Sulfur used during Harvest Ready stage under Dry/Sunny conditions for Low Apple Scab. Outcome: Partial Control. Recommended.
19504067,7/23/2025,Apple,Black Rot,Flowering,Cold,High,Thiophanate-methyl,Chemical,3.0 pts/acre,27,Success,Thiophanate-methyl used during Flowering stage under Cold conditions for High Black Rot. Outcome: Success. Recommended.
3c432ba5,12/11/2025,Apple,Black Rot,Flowering,Rainy,Critical,Lime Sulfur,Organic,3.0 pts/acre,16,Failure,Lime Sulfur used during Flowering stage under Rainy conditions for Critical Black Rot. Outcome: Failure. Recommended.
b4fea596,5/20/2025,Tomato,Bacterial Spot,Flowering,Dry/Sunny,Low,Agri-Mycin,Chemical,2.0 pts/acre,34,Partial Control,Agri-Mycin used during Flowering stage under Dry/Sunny conditions for Low Bacterial Spot. Outcome: Partial Control. Recommended.
476cbe00,8/9/2025,Grape,Esca (Black Measles),Fruiting,Cold,Critical,Pruning & Sanitation,Mechanical,3.0 pts/acre,97,Partial Control,Pruning & Sanitation used during Fruiting stage under Cold conditions for Critical Esca (Black Measles). Outcome: Partial Control. Recommended.
33476f93,11/21/2025,Grape,Black Rot,Seedling,Hot,High,Captan,Chemical,3.0 pts/acre,17,Partial Control,Captan used during Seedling stage under Hot conditions for High Black Rot. Outcome: Partial Control. Recommended.
d8688e61,12/15/2025,Potato,Late Blight,Fruiting,Rainy,Critical,Propamocarb,Chemical,3.0 pts/acre,45,Partial Control,Propamocarb used during Fruiting stage under Rainy conditions for Critical Late Blight. Outcome: Partial Control. Recommended.
08117ff6,1/15/2026,Apple,Cedar Apple Rust,Seedling,Cold,Critical,Propiconazole,Chemical,3.0 pts/acre,28,Success,Propiconazole used during Seedling stage under Cold conditions for Critical Cedar Apple Rust. Outcome: Success. Recommended.
9a4cc042,10/14/2025,Apple,Black Rot,Vegetative,Humid,Low,Lime Sulfur,Organic,2.0 pts/acre,7,Partial Control,Lime Sulfur used during Vegetative stage under Humid conditions for Low Black Rot. Outcome: Partial Control. Recommended.
02d593a1,1/2/2026,Tomato,Early Blight,Vegetative,Dry/Sunny,High,Bacillus subtilis,Organic,3.0 pts/acre,29,Partial Control,Bacillus subtilis used during Vegetative stage under Dry/Sunny conditions for High Early Blight. Outcome: Partial Control. Recommended.
6a3828cd,10/13/2025,Potato,Early Blight,Vegetative,Hot,High,Azoxystrobin (Quadris),Chemical,3.0 pts/acre,42,Success,Azoxystrobin (Quadris) used during Vegetative stage under Hot conditions for High Early Blight. Outcome: Success. Recommended.
c4245b49,12/10/2025,Grape,Leaf Blight,Flowering,Rainy,Low,Copper Oxychloride,Chemical,2.0 pts/acre,15,Partial Control,Copper Oxychloride used during Flowering stage under Rainy conditions for Low Leaf Blight. Outcome: Partial Control. Recommended.
efd94a5a,7/22/2025,Apple,Apple Scab,Harvest Ready,Dry/Sunny,Moderate,Myclobutanil,Chemical,2.0 pts/acre,43,Failure,Myclobutanil used during Harvest Ready stage under Dry/Sunny conditions for Moderate Apple Scab. Outcome: Failure. unsafe due to PHI (14 days).
a6bff37a,1/13/2026,Tomato,Late Blight,Flowering,Cold,Critical,Propamocarb,Chemical,3.0 pts/acre,45,Success,Propamocarb used during Flowering stage under Cold conditions for Critical Late Blight. Outcome: Success. Recommended.
60b78ef3,12/11/2025,Apple,Apple Scab,Fruiting,Dry/Sunny,Moderate,Sulfur,Organic,2.0 pts/acre,6,Partial Control,Sulfur used during Fruiting stage under Dry/Sunny conditions for Moderate Apple Scab. Outcome: Partial Control. Recommended.
6d41fbda,2/12/2026,Tomato,Late Blight,Harvest Ready,Dry/Sunny,Low,Fixed Copper,Organic,2.0 pts/acre,12,Partial Control,Fixed Copper used during Harvest Ready stage under Dry/Sunny conditions for Low Late Blight. Outcome: Partial Control. Recommended.
49a1669b,4/17/2025,Potato,Late Blight,Seedling,Humid,Moderate,Propamocarb,Chemical,2.0 pts/acre,35,Success,Propamocarb used during Seedling stage under Humid conditions for Moderate Late Blight. Outcome: Success. Recommended.
9d7cd8ee,10/31/2025,Apple,Cedar Apple Rust,Vegetative,Cold,Moderate,Myclobutanil,Chemical,2.0 pts/acre,40,Success,Myclobutanil used during Vegetative stage under Cold conditions for Moderate Cedar Apple Rust. Outcome: Success. Recommended.
ee1ca040,8/30/2025,Potato,Late Blight,Fruiting,Cold,Critical,Ridomil Gold,Chemical,3.0 pts/acre,51,Success,Ridomil Gold used during Fruiting stage under Cold conditions for Critical Late Blight. Outcome: Success. Recommended.
2bf1a254,7/19/2025,Tomato,Early Blight,Fruiting,Hot,Low,Copper Hydroxide,Organic,2.0 pts/acre,13,Partial Control,Copper Hydroxide used during Fruiting stage under Hot conditions for Low Early Blight. Outcome: Partial Control. Recommended.
f9fc2d8d,7/30/2025,Potato,Late Blight,Flowering,Dry/Sunny,Low,Propamocarb,Chemical,2.0 pts/acre,45,Success,Propamocarb used during Flowering stage under Dry/Sunny conditions for Low Late Blight. Outcome: Success. Recommended.
061ead53,9/18/2025,Grape,Black Rot,Harvest Ready,Hot,Low,Thiophanate-methyl,Chemical,2.0 pts/acre,29,Success,Thiophanate-methyl used during Harvest Ready stage under Hot conditions for Low Black Rot. Outcome: Success. Recommended.
f411b460,11/27/2025,Tomato,Bacterial Spot,Seedling,Hot,Low,Bacteriophages,Organic,2.0 pts/acre,48,Partial Control,Bacteriophages used during Seedling stage under Hot conditions for Low Bacterial Spot. Outcome: Partial Control. Recommended.
5e0c48cf,4/24/2025,Apple,Black Rot,Fruiting,Humid,High,Lime Sulfur,Organic,3.0 pts/acre,11,Failure,Lime Sulfur used during Fruiting stage under Humid conditions for High Black Rot. Outcome: Failure. Recommended.
0deecec0,3/9/2025,Grape,Esca (Black Measles),Seedling,Dry/Sunny,High,Pruning & Sanitation,Mechanical,3.0 pts/acre,104,Partial Control,Pruning & Sanitation used during Seedling stage under Dry/Sunny conditions for High Esca (Black Measles). Outcome: Partial Control. Recommended.
4211a1e7,7/11/2025,Tomato,Bacterial Spot,Vegetative,Rainy,Low,Agri-Mycin,Chemical,2.0 pts/acre,32,Partial Control,Agri-Mycin used during Vegetative stage under Rainy conditions for Low Bacterial Spot. Outcome: Partial Control. Recommended.
03ae57d9,1/13/2026,Grape,Leaf Blight,Harvest Ready,Cold,High,Copper Oxychloride,Chemical,3.0 pts/acre,16,Partial Control,Copper Oxychloride used during Harvest Ready stage under Cold conditions for High Leaf Blight. Outcome: Partial Control. Recommended.
8918280b,3/4/2025,Tomato,Bacterial Spot,Flowering,Rainy,Low,Copper + Mancozeb,Chemical,2.0 pts/acre,26,Partial Control,Copper + Mancozeb used during Flowering stage under Rainy conditions for Low Bacterial Spot. Outcome: Partial Control. Recommended.
a3f5d0ca,3/22/2025,Grape,Esca (Black Measles),Fruiting,Rainy,Critical,Pruning & Sanitation,Mechanical,3.0 pts/acre,100,Partial Control,Pruning & Sanitation used during Fruiting stage under Rainy conditions for Critical Esca (Black Measles). Outcome: Partial Control. Recommended.
dac5f848,2/14/2026,Grape,Esca (Black Measles),Vegetative,Dry/Sunny,Moderate,Trichoderma species,Organic,2.0 pts/acre,45,Partial Control,Trichoderma species used during Vegetative stage under Dry/Sunny conditions for Moderate Esca (Black Measles). Outcome: Partial Control. Recommended.
e2257bfb,9/19/2025,Grape,Esca (Black Measles),Fruiting,Rainy,Low,Pruning & Sanitation,Mechanical,2.0 pts/acre,103,Partial Control,Pruning & Sanitation used during Fruiting stage under Rainy conditions for Low Esca (Black Measles). Outcome: Partial Control. Recommended.
65228a1b,2/27/2025,Potato,Early Blight,Seedling,Hot,High,Chlorothalonil (Bravo),Chemical,3.0 pts/acre,23,Success,Chlorothalonil (Bravo) used during Seedling stage under Hot conditions for High Early Blight. Outcome: Success. Recommended.
b224fc55,6/18/2025,Potato,Late Blight,Flowering,Rainy,Critical,Ridomil Gold,Chemical,3.0 pts/acre,59,Success,Ridomil Gold used during Flowering stage under Rainy conditions for Critical Late Blight. Outcome: Success. Recommended.
31182465,2/20/2025,Potato,Early Blight,Flowering,Hot,Critical,Copper Hydroxide,Organic,3.0 pts/acre,10,Failure,Copper Hydroxide used during Flowering stage under Hot conditions for Critical Early Blight. Outcome: Failure. Recommended.
ae22cef1,1/7/2026,Potato,Late Blight,Seedling,Dry/Sunny,Critical,Propamocarb,Chemical,3.0 pts/acre,45,Success,Propamocarb used during Seedling stage under Dry/Sunny conditions for Critical Late Blight. Outcome: Success. Recommended.
4f00d077,10/17/2025,Potato,Late Blight,Vegetative,Dry/Sunny,High,Fixed Copper,Organic,3.0 pts/acre,13,Partial Control,Fixed Copper used during Vegetative stage under Dry/Sunny conditions for High Late Blight. Outcome: Partial Control. Recommended.
face7c42,9/7/2025,Apple,Black Rot,Harvest Ready,Dry/Sunny,Low,Thiophanate-methyl,Chemical,2.0 pts/acre,29,Success,Thiophanate-methyl used during Harvest Ready stage under Dry/Sunny conditions for Low Black Rot. Outcome: Success. Recommended.
271840a3,8/22/2025,Apple,Apple Scab,Flowering,Dry/Sunny,Moderate,Captan,Chemical,2.0 pts/acre,20,Success,Captan used during Flowering stage under Dry/Sunny conditions for Moderate Apple Scab. Outcome: Success. Recommended.
3b931e03,12/21/2025,Grape,Leaf Blight,Flowering,Dry/Sunny,Critical,Mancozeb,Chemical,3.0 pts/acre,23,Success,Mancozeb used during Flowering stage under Dry/Sunny conditions for Critical Leaf Blight. Outcome: Success. Recommended.
0754ff6e,6/7/2025,Potato,Early Blight,Seedling,Humid,Critical,Azoxystrobin (Quadris),Chemical,3.0 pts/acre,44,Success,Azoxystrobin (Quadris) used during Seedling stage under Humid conditions for Critical Early Blight. Outcome: Success. Recommended.
edadf7b6,12/29/2025,Tomato,Bacterial Spot,Fruiting,Hot,Critical,Agri-Mycin,Chemical,3.0 pts/acre,33,Partial Control,Agri-Mycin used during Fruiting stage under Hot conditions for Critical Bacterial Spot. Outcome: Partial Control. Recommended.
a915b8c2,1/18/2026,Potato,Early Blight,Harvest Ready,Cold,High,Mancozeb (Dithane),Chemical,3.0 pts/acre,15,Failure,Mancozeb (Dithane) used during Harvest Ready stage under Cold conditions for High Early Blight. Outcome: Failure. unsafe due to PHI (5 days).
a83f2806,5/5/2025,Grape,Black Rot,Harvest Ready,Dry/Sunny,Critical,Captan,Chemical,3.0 pts/acre,21,Success,Captan used during Harvest Ready stage under Dry/Sunny conditions for Critical Black Rot. Outcome: Success. Recommended.
c3f04395,8/17/2025,Apple,Black Rot,Fruiting,Humid,Critical,Captan,Chemical,3.0 pts/acre,25,Success,Captan used during Fruiting stage under Humid conditions for Critical Black Rot. Outcome: Success. Recommended.
62f2ea75,4/22/2025,Apple,Apple Scab,Vegetative,Hot,Moderate,Myclobutanil,Chemical,2.0 pts/acre,39,Success,Myclobutanil used during Vegetative stage under Hot conditions for Moderate Apple Scab. Outcome: Success. Recommended.
f0298295,1/2/2026,Grape,Esca (Black Measles),Vegetative,Humid,Low,Trichoderma species,Organic,2.0 pts/acre,41,Partial Control,Trichoderma species used during Vegetative stage under Humid conditions for Low Esca (Black Measles). Outcome: Partial Control. Recommended.
2ad065d7,8/14/2025,Grape,Esca (Black Measles),Harvest Ready,Hot,Low,Trichoderma species,Organic,2.0 pts/acre,42,Partial Control,Trichoderma species used during Harvest Ready stage under Hot conditions for Low Esca (Black Measles). Outcome: Partial Control. Recommended.
b5335462,5/14/2025,Apple,Black Rot,Vegetative,Cold,Moderate,Thiophanate-methyl,Chemical,2.0 pts/acre,35,Success,Thiophanate-methyl used during Vegetative stage under Cold conditions for Moderate Black Rot. Outcome: Success. Recommended.
5cceca2c,2/15/2026,Potato,Late Blight,Seedling,Cold,Critical,Propamocarb,Chemical,3.0 pts/acre,43,Success,Propamocarb used during Seedling stage under Cold conditions for Critical Late Blight. Outcome: Success. Recommended.
82f53135,5/4/2025,Grape,Leaf Blight,Seedling,Rainy,Moderate,Mancozeb,Chemical,2.0 pts/acre,17,Partial Control,Mancozeb used during Seedling stage under Rainy conditions for Moderate Leaf Blight. Outcome: Partial Control. Recommended.
43b5b306,4/24/2025,Potato,Late Blight,Fruiting,Humid,High,Ridomil Gold,Chemical,3.0 pts/acre,56,Success,Ridomil Gold used during Fruiting stage under Humid conditions for High Late Blight. Outcome: Success. Recommended.
18844a6f,10/13/2025,Potato,Early Blight,Seedling,Rainy,Moderate,Copper Hydroxide,Organic,2.0 pts/acre,17,Failure,Copper Hydroxide used during Seedling stage under Rainy conditions for Moderate Early Blight. Outcome: Failure. Recommended.
143420b4,7/10/2025,Grape,Esca (Black Measles),Vegetative,Hot,Moderate,Pruning & Sanitation,Mechanical,2.0 pts/acre,99,Partial Control,Pruning & Sanitation used during Vegetative stage under Hot conditions for Moderate Esca (Black Measles). Outcome: Partial Control. Recommended.
d7f84332,1/23/2026,Tomato,Late Blight,Seedling,Rainy,Low,Propamocarb,Chemical,2.0 pts/acre,39,Partial Control,Propamocarb used during Seedling stage under Rainy conditions for Low Late Blight. Outcome: Partial Control. Recommended.
4d00f0b5,7/15/2025,Potato,Late Blight,Harvest Ready,Cold,Moderate,Fixed Copper,Organic,2.0 pts/acre,15,Partial Control,Fixed Copper used during Harvest Ready stage under Cold conditions for Moderate Late Blight. Outcome: Partial Control. Recommended.
bfb4f346,10/27/2025,Potato,Early Blight,Vegetative,Rainy,High,Copper Hydroxide,Organic,3.0 pts/acre,13,Failure,Copper Hydroxide used during Vegetative stage under Rainy conditions for High Early Blight. Outcome: Failure. Recommended.
7e29319d,7/11/2025,Tomato,Bacterial Spot,Harvest Ready,Humid,Moderate,Bacteriophages,Organic,2.0 pts/acre,47,Partial Control,Bacteriophages used during Harvest Ready stage under Humid conditions for Moderate Bacterial Spot. Outcome: Partial Control. Recommended.
c3c124e4,2/11/2026,Tomato,Bacterial Spot,Vegetative,Cold,Moderate,Bacteriophages,Organic,2.0 pts/acre,55,Partial Control,Bacteriophages used during Vegetative stage under Cold conditions for Moderate Bacterial Spot. Outcome: Partial Control. Recommended.
fd72a39a,9/9/2025,Tomato,Early Blight,Flowering,Rainy,Critical,Copper Hydroxide,Organic,3.0 pts/acre,20,Failure,Copper Hydroxide used during Flowering stage under Rainy conditions for Critical Early Blight. Outcome: Failure. Recommended.
028c4763,11/17/2025,Apple,Black Rot,Seedling,Cold,Critical,Thiophanate-methyl,Chemical,3.0 pts/acre,32,Success,Thiophanate-methyl used during Seedling stage under Cold conditions for Critical Black Rot. Outcome: Success. Recommended.
759e1349,6/25/2025,Apple,Black Rot,Seedling,Cold,Critical,Thiophanate-methyl,Chemical,3.0 pts/acre,34,Success,Thiophanate-methyl used during Seedling stage under Cold conditions for Critical Black Rot. Outcome: Success. Recommended.
2a6fc714,1/14/2026,Tomato,Early Blight,Vegetative,Hot,Moderate,Bacillus subtilis,Organic,2.0 pts/acre,34,Partial Control,Bacillus subtilis used during Vegetative stage under Hot conditions for Moderate Early Blight. Outcome: Partial Control. Recommended.
81063595,2/27/2025,Potato,Late Blight,Fruiting,Humid,High,Propamocarb,Chemical,3.0 pts/acre,40,Success,Propamocarb used during Fruiting stage under Humid conditions for High Late Blight. Outcome: Success. Recommended.
8c8655ea,6/26/2025,Grape,Black Rot,Fruiting,Rainy,Critical,Lime Sulfur,Organic,3.0 pts/acre,15,Failure,Lime Sulfur used during Fruiting stage under Rainy conditions for Critical Black Rot. Outcome: Failure. Recommended.
31a21532,1/3/2026,Grape,Esca (Black Measles),Seedling,Cold,Moderate,Pruning & Sanitation,Mechanical,2.0 pts/acre,100,Partial Control,Pruning & Sanitation used during Seedling stage under Cold conditions for Moderate Esca (Black Measles). Outcome: Partial Control. Recommended.
00f8543a,8/19/2025,Grape,Black Rot,Vegetative,Humid,Moderate,Thiophanate-methyl,Chemical,2.0 pts/acre,31,Success,Thiophanate-methyl used during Vegetative stage under Humid conditions for Moderate Black Rot. Outcome: Success. Recommended.
655395c2,9/16/2025,Tomato,Bacterial Spot,Fruiting,Humid,High,Bacteriophages,Organic,3.0 pts/acre,50,Partial Control,Bacteriophages used during Fruiting stage under Humid conditions for High Bacterial Spot. Outcome: Partial Control. Recommended.
f2f1376d,4/22/2025,Tomato,Bacterial Spot,Harvest Ready,Dry/Sunny,Low,Agri-Mycin,Chemical,2.0 pts/acre,40,Partial Control,Agri-Mycin used during Harvest Ready stage under Dry/Sunny conditions for Low Bacterial Spot. Outcome: Partial Control. Recommended.
f2af246e,7/7/2025,Grape,Leaf Blight,Flowering,Humid,Critical,Mancozeb,Chemical,3.0 pts/acre,20,Success,Mancozeb used during Flowering stage under Humid conditions for Critical Leaf Blight. Outcome: Success. Recommended.
0f18d53f,1/5/2026,Apple,Apple Scab,Seedling,Dry/Sunny,High,Captan,Chemical,3.0 pts/acre,25,Partial Control,Captan used during Seedling stage under Dry/Sunny conditions for High Apple Scab. Outcome: Partial Control. Recommended.
b6cf8eb4,7/19/2025,Potato,Early Blight,Fruiting,Cold,Critical,Azoxystrobin (Quadris),Chemical,3.0 pts/acre,40,Success,Azoxystrobin (Quadris) used during Fruiting stage under Cold conditions for Critical Early Blight. Outcome: Success. Recommended.
0dc68314,3/10/2025,Tomato,Late Blight,Flowering,Dry/Sunny,Moderate,Fixed Copper,Organic,2.0 pts/acre,20,Partial Control,Fixed Copper used during Flowering stage under Dry/Sunny conditions for Moderate Late Blight. Outcome: Partial Control. Recommended.
f6811dc3,9/10/2025,Apple,Cedar Apple Rust,Harvest Ready,Hot,High,Propiconazole,Chemical,3.0 pts/acre,27,Failure,Propiconazole used during Harvest Ready stage under Hot conditions for High Cedar Apple Rust. Outcome: Failure. unsafe due to PHI (14 days).
65770660,10/31/2025,Tomato,Late Blight,Harvest Ready,Humid,Critical,Propamocarb,Chemical,3.0 pts/acre,42,Failure,Propamocarb used during Harvest Ready stage under Humid conditions for Critical Late Blight. Outcome: Failure. unsafe due to PHI (5 days).
48f14c22,8/5/2025,Grape,Leaf Blight,Flowering,Hot,Moderate,Copper Oxychloride,Chemical,2.0 pts/acre,17,Partial Control,Copper Oxychloride used during Flowering stage under Hot conditions for Moderate Leaf Blight. Outcome: Partial Control. Recommended.
50d79aad,1/7/2026,Tomato,Bacterial Spot,Harvest Ready,Hot,Moderate,Bacteriophages,Organic,2.0 pts/acre,55,Partial Control,Bacteriophages used during Harvest Ready stage under Hot conditions for Moderate Bacterial Spot. Outcome: Partial Control. Recommended.
da487142,1/6/2026,Apple,Apple Scab,Flowering,Cold,Moderate,Sulfur,Organic,2.0 pts/acre,15,Partial Control,Sulfur used during Flowering stage under Cold conditions for Moderate Apple Scab. Outcome: Partial Control. Recommended.
133fe13e,8/14/2025,Grape,Leaf Blight,Fruiting,Hot,Low,Copper Oxychloride,Chemical,2.0 pts/acre,16,Partial Control,Copper Oxychloride used during Fruiting stage under Hot conditions for Low Leaf Blight. Outcome: Partial Control. Recommended.
54aad031,4/27/2025,Tomato,Late Blight,Fruiting,Hot,Moderate,Ridomil Gold,Chemical,2.0 pts/acre,59,Success,Ridomil Gold used during Fruiting stage under Hot conditions for Moderate Late Blight. Outcome: Success. Recommended.
b0db5f34,6/29/2025,Tomato,Bacterial Spot,Fruiting,Rainy,Low,Agri-Mycin,Chemical,2.0 pts/acre,38,Partial Control,Agri-Mycin used during Fruiting stage under Rainy conditions for Low Bacterial Spot. Outcome: Partial Control. Recommended.
5088ea19,7/1/2025,Grape,Black Rot,Seedling,Humid,Low,Captan,Chemical,2.0 pts/acre,23,Success,Captan used during Seedling stage under Humid conditions for Low Black Rot. Outcome: Success. Recommended.
bf6caa87,11/17/2025,Potato,Late Blight,Vegetative,Rainy,Moderate,Ridomil Gold,Chemical,2.0 pts/acre,60,Success,Ridomil Gold used during Vegetative stage under Rainy conditions for Moderate Late Blight. Outcome: Success. Recommended.
cee542a7,11/28/2025,Apple,Cedar Apple Rust,Vegetative,Hot,Low,Propiconazole,Chemical,2.0 pts/acre,31,Success,Propiconazole used during Vegetative stage under Hot conditions for Low Cedar Apple Rust. Outcome: Success. Recommended.
25527fc8,3/6/2025,Tomato,Early Blight,Flowering,Rainy,Moderate,Copper Hydroxide,Organic,2.0 pts/acre,12,Failure,Copper Hydroxide used during Flowering stage under Rainy conditions for Moderate Early Blight. Outcome: Failure. Recommended.
ee88a9c5,6/25/2025,Tomato,Late Blight,Vegetative,Hot,Low,Propamocarb,Chemical,2.0 pts/acre,37,Success,Propamocarb used during Vegetative stage under Hot conditions for Low Late Blight. Outcome: Success. Recommended.
3964fe38,4/19/2025,Potato,Late Blight,Harvest Ready,Cold,High,Ridomil Gold,Chemical,3.0 pts/acre,56,Failure,Ridomil Gold used during Harvest Ready stage under Cold conditions for High Late Blight. Outcome: Failure. unsafe due to PHI (5 days).
4169d098,10/25/2025,Potato,Late Blight,Seedling,Rainy,Low,Propamocarb,Chemical,2.0 pts/acre,35,Partial Control,Propamocarb used during Seedling stage under Rainy conditions for Low Late Blight. Outcome: Partial Control. Recommended.
23f004b8,5/7/2025,Grape,Esca (Black Measles),Seedling,Dry/Sunny,Critical,Trichoderma species,Organic,3.0 pts/acre,38,Failure,Trichoderma species used during Seedling stage under Dry/Sunny conditions for Critical Esca (Black Measles). Outcome: Failure. Recommended.
baf09c5d,10/19/2025,Potato,Early Blight,Fruiting,Humid,High,Bacillus subtilis,Organic,3.0 pts/acre,28,Partial Control,Bacillus subtilis used during Fruiting stage under Humid conditions for High Early Blight. Outcome: Partial Control. Recommended.
bd9b5ac3,8/4/2025,Potato,Early Blight,Vegetative,Hot,Moderate,Mancozeb (Dithane),Chemical,2.0 pts/acre,23,Success,Mancozeb (Dithane) used during Vegetative stage under Hot conditions for Moderate Early Blight. Outcome: Success. Recommended.
15752b0a,10/30/2025,Potato,Early Blight,Vegetative,Hot,High,Bacillus subtilis,Organic,3.0 pts/acre,27,Partial Control,Bacillus subtilis used during Vegetative stage under Hot conditions for High Early Blight. Outcome: Partial Control. Recommended.
d632e3fb,3/24/2025,Potato,Early Blight,Fruiting,Humid,Moderate,Azoxystrobin (Quadris),Chemical,2.0 pts/acre,50,Success,Azoxystrobin (Quadris) used during Fruiting stage under Humid conditions for Moderate Early Blight. Outcome: Success. Recommended.
dc93d0f9,7/27/2025,Grape,Esca (Black Measles),Seedling,Rainy,Low,Trichoderma species,Organic,2.0 pts/acre,37,Failure,Trichoderma species used during Seedling stage under Rainy conditions for Low Esca (Black Measles). Outcome: Failure. Recommended.
2c38316e,4/9/2025,Apple,Black Rot,Harvest Ready,Cold,Moderate,Thiophanate-methyl,Chemical,2.0 pts/acre,27,Success,Thiophanate-methyl used during Harvest Ready stage under Cold conditions for Moderate Black Rot. Outcome: Success. Recommended.
621255,2/28/2025,Tomato,Early Blight,Flowering,Rainy,Critical,Azoxystrobin (Quadris),Chemical,3.0 pts/acre,44,Success,Azoxystrobin (Quadris) used during Flowering stage under Rainy conditions for Critical Early Blight. Outcome: Success. Recommended.
9c8ea687,8/14/2025,Grape,Esca (Black Measles),Flowering,Cold,High,Pruning & Sanitation,Mechanical,3.0 pts/acre,100,Partial Control,Pruning & Sanitation used during Flowering stage under Cold conditions for High Esca (Black Measles). Outcome: Partial Control. Recommended.
272b64c2,10/4/2025,Potato,Late Blight,Seedling,Cold,Low,Fixed Copper,Organic,2.0 pts/acre,20,Partial Control,Fixed Copper used during Seedling stage under Cold conditions for Low Late Blight. Outcome: Partial Control. Recommended.
99d90862,2/18/2025,Potato,Late Blight,Harvest Ready,Humid,Low,Fixed Copper,Organic,2.0 pts/acre,17,Partial Control,Fixed Copper used during Harvest Ready stage under Humid conditions for Low Late Blight. Outcome: Partial Control. Recommended.
5911341,7/27/2025,Grape,Black Rot,Vegetative,Humid,Critical,Captan,Chemical,3.0 pts/acre,19,Success,Captan used during Vegetative stage under Humid conditions for Critical Black Rot. Outcome: Success. Recommended.
d1adfffc,3/17/2025,Grape,Esca (Black Measles),Seedling,Hot,High,Pruning & Sanitation,Mechanical,3.0 pts/acre,100,Partial Control,Pruning & Sanitation used during Seedling stage under Hot conditions for High Esca (Black Measles). Outcome: Partial Control. Recommended.
a2eb1872,8/18/2025,Potato,Late Blight,Vegetative,Humid,Critical,Ridomil Gold,Chemical,3.0 pts/acre,50,Success,Ridomil Gold used during Vegetative stage under Humid conditions for Critical Late Blight. Outcome: Success. Recommended.
e0cb3c95,4/22/2025,Potato,Late Blight,Harvest Ready,Rainy,Critical,Propamocarb,Chemical,3.0 pts/acre,37,Failure,Propamocarb used during Harvest Ready stage under Rainy conditions for Critical Late Blight. Outcome: Failure. unsafe due to PHI (5 days).
d0e4620c,10/29/2025,Apple,Black Rot,Harvest Ready,Hot,High,Captan,Chemical,3.0 pts/acre,18,Partial Control,Captan used during Harvest Ready stage under Hot conditions for High Black Rot. Outcome: Partial Control. Recommended.
044f008a,5/2/2025,Grape,Esca (Black Measles),Harvest Ready,Dry/Sunny,Critical,Trichoderma species,Organic,3.0 pts/acre,40,Failure,Trichoderma species used during Harvest Ready stage under Dry/Sunny conditions for Critical Esca (Black Measles). Outcome: Failure. Recommended.
bc02debd,7/28/2025,Tomato,Late Blight,Seedling,Rainy,Critical,Ridomil Gold,Chemical,3.0 pts/acre,60,Success,Ridomil Gold used during Seedling stage under Rainy conditions for Critical Late Blight. Outcome: Success. Recommended.
5ceb3f4c,10/12/2025,Potato,Late Blight,Seedling,Hot,High,Fixed Copper,Organic,3.0 pts/acre,17,Partial Control,Fixed Copper used during Seedling stage under Hot conditions for High Late Blight. Outcome: Partial Control. Recommended.
ea5df698,1/13/2026,Potato,Late Blight,Vegetative,Cold,Critical,Ridomil Gold,Chemical,3.0 pts/acre,53,Success,Ridomil Gold used during Vegetative stage under Cold conditions for Critical Late Blight. Outcome: Success. Recommended.
8b35b398,12/11/2025,Apple,Apple Scab,Harvest Ready,Hot,Low,Myclobutanil,Chemical,2.0 pts/acre,42,Failure,Myclobutanil used during Harvest Ready stage under Hot conditions for Low Apple Scab. Outcome: Failure. unsafe due to PHI (14 days).
c8d64213,11/16/2025,Tomato,Late Blight,Harvest Ready,Humid,Low,Ridomil Gold,Chemical,2.0 pts/acre,50,Failure,Ridomil Gold used during Harvest Ready stage under Humid conditions for Low Late Blight. Outcome: Failure. unsafe due to PHI (5 days).
801e9aad,12/26/2025,Potato,Early Blight,Seedling,Humid,Low,Copper Hydroxide,Organic,2.0 pts/acre,20,Partial Control,Copper Hydroxide used during Seedling stage under Humid conditions for Low Early Blight. Outcome: Partial Control. Recommended.
b39bfa0b,6/18/2025,Grape,Black Rot,Vegetative,Cold,Moderate,Captan,Chemical,2.0 pts/acre,27,Success,Captan used during Vegetative stage under Cold conditions for Moderate Black Rot. Outcome: Success. Recommended.
0d992ff6,9/9/2025,Grape,Esca (Black Measles),Flowering,Dry/Sunny,Critical,Pruning & Sanitation,Mechanical,3.0 pts/acre,98,Partial Control,Pruning & Sanitation used during Flowering stage under Dry/Sunny conditions for Critical Esca (Black Measles). Outcome: Partial Control. Recommended.
0d6b2eb9,2/19/2025,Tomato,Late Blight,Vegetative,Rainy,Low,Ridomil Gold,Chemical,2.0 pts/acre,60,Success,Ridomil Gold used during Vegetative stage under Rainy conditions for Low Late Blight. Outcome: Success. Recommended.
e16d11f4,10/27/2025,Grape,Black Rot,Fruiting,Humid,Critical,Thiophanate-methyl,Chemical,3.0 pts/acre,37,Success,Thiophanate-methyl used during Fruiting stage under Humid conditions for Critical Black Rot. Outcome: Success. Recommended.
797042c0,4/9/2025,Tomato,Bacterial Spot,Flowering,Hot,Moderate,Bacteriophages,Organic,2.0 pts/acre,52,Partial Control,Bacteriophages used during Flowering stage under Hot conditions for Moderate Bacterial Spot. Outcome: Partial Control. Recommended.
3e8e890c,3/29/2025,Tomato,Early Blight,Fruiting,Rainy,High,Copper Hydroxide,Organic,3.0 pts/acre,11,Failure,Copper Hydroxide used during Fruiting stage under Rainy conditions for High Early Blight. Outcome: Failure. Recommended.
38834dd1,12/23/2025,Tomato,Early Blight,Fruiting,Dry/Sunny,High,Mancozeb (Dithane),Chemical,3.0 pts/acre,18,Partial Control,Mancozeb (Dithane) used during Fruiting stage under Dry/Sunny conditions for High Early Blight. Outcome: Partial Control. Recommended.
9d02859d,8/23/2025,Potato,Early Blight,Fruiting,Dry/Sunny,Moderate,Mancozeb (Dithane),Chemical,2.0 pts/acre,25,Success,Mancozeb (Dithane) used during Fruiting stage under Dry/Sunny conditions for Moderate Early Blight. Outcome: Success. Recommended.
dd29e8ea,3/6/2025,Grape,Leaf Blight,Flowering,Dry/Sunny,High,Copper Oxychloride,Chemical,3.0 pts/acre,19,Partial Control,Copper Oxychloride used during Flowering stage under Dry/Sunny conditions for High Leaf Blight. Outcome: Partial Control. Recommended.
8f9bae15,9/5/2025,Grape,Black Rot,Vegetative,Cold,Moderate,Captan,Chemical,2.0 pts/acre,24,Success,Captan used during Vegetative stage under Cold conditions for Moderate Black Rot. Outcome: Success. Recommended.
159d96b7,8/29/2025,Apple,Cedar Apple Rust,Harvest Ready,Humid,Moderate,Myclobutanil,Chemical,2.0 pts/acre,36,Failure,Myclobutanil used during Harvest Ready stage under Humid conditions for Moderate Cedar Apple Rust. Outcome: Failure. unsafe due to PHI (14 days).
1462d3de,6/28/2025,Potato,Late Blight,Vegetative,Cold,Moderate,Propamocarb,Chemical,2.0 pts/acre,42,Success,Propamocarb used during Vegetative stage under Cold conditions for Moderate Late Blight. Outcome: Success. Recommended.
86a66b16,11/21/2025,Tomato,Late Blight,Vegetative,Cold,Critical,Propamocarb,Chemical,3.0 pts/acre,40,Success,Propamocarb used during Vegetative stage under Cold conditions for Critical Late Blight. Outcome: Success. Recommended.
cefa839f,10/22/2025,Tomato,Late Blight,Seedling,Dry/Sunny,Low,Fixed Copper,Organic,2.0 pts/acre,13,Partial Control,Fixed Copper used during Seedling stage under Dry/Sunny conditions for Low Late Blight. Outcome: Partial Control. Recommended.
653c1def,2/3/2026,Potato,Early Blight,Seedling,Cold,Moderate,Copper Hydroxide,Organic,2.0 pts/acre,18,Partial Control,Copper Hydroxide used during Seedling stage under Cold conditions for Moderate Early Blight. Outcome: Partial Control. Recommended.
5bd82926,2/1/2026,Tomato,Early Blight,Flowering,Dry/Sunny,High,Azoxystrobin (Quadris),Chemical,3.0 pts/acre,40,Success,Azoxystrobin (Quadris) used during Flowering stage under Dry/Sunny conditions for High Early Blight. Outcome: Success. Recommended.
72e06e70,9/17/2025,Grape,Leaf Blight,Vegetative,Rainy,Moderate,Mancozeb,Chemical,2.0 pts/acre,25,Partial Control,Mancozeb used during Vegetative stage under Rainy conditions for Moderate Leaf Blight. Outcome: Partial Control. Recommended.
f754bcfb,3/12/2025,Apple,Cedar Apple Rust,Seedling,Humid,Moderate,Propiconazole,Chemical,2.0 pts/acre,29,Success,Propiconazole used during Seedling stage under Humid conditions for Moderate Cedar Apple Rust. Outcome: Success. Recommended.
f54f084c,5/11/2025,Potato,Late Blight,Fruiting,Humid,Critical,Propamocarb,Chemical,3.0 pts/acre,45,Success,Propamocarb used during Fruiting stage under Humid conditions for Critical Late Blight. Outcome: Success. Recommended.
559c01b3,5/28/2025,Apple,Apple Scab,Flowering,Rainy,Critical,Captan,Chemical,3.0 pts/acre,24,Partial Control,Captan used during Flowering stage under Rainy conditions for Critical Apple Scab. Outcome: Partial Control. Recommended.
f7c16864,11/18/2025,Grape,Esca (Black Measles),Harvest Ready,Rainy,High,Trichoderma species,Organic,3.0 pts/acre,37,Failure,Trichoderma species used during Harvest Ready stage under Rainy conditions for High Esca (Black Measles). Outcome: Failure. Recommended.
e044640a,11/6/2025,Potato,Early Blight,Fruiting,Dry/Sunny,Moderate,Mancozeb (Dithane),Chemical,2.0 pts/acre,25,Success,Mancozeb (Dithane) used during Fruiting stage under Dry/Sunny conditions for Moderate Early Blight. Outcome: Success. Recommended.
931b7a16,1/16/2026,Apple,Black Rot,Flowering,Cold,Moderate,Thiophanate-methyl,Chemical,2.0 pts/acre,32,Success,Thiophanate-methyl used during Flowering stage under Cold conditions for Moderate Black Rot. Outcome: Success. Recommended.
71ae2352,12/20/2025,Apple,Apple Scab,Flowering,Dry/Sunny,High,Sulfur,Organic,3.0 pts/acre,15,Partial Control,Sulfur used during Flowering stage under Dry/Sunny conditions for High Apple Scab. Outcome: Partial Control. Recommended.
3dfc5dfc,7/25/2025,Potato,Late Blight,Vegetative,Hot,Low,Fixed Copper,Organic,2.0 pts/acre,18,Partial Control,Fixed Copper used during Vegetative stage under Hot conditions for Low Late Blight. Outcome: Partial Control. Recommended.
3e11dd0f,3/3/2025,Grape,Leaf Blight,Harvest Ready,Hot,High,Mancozeb,Chemical,3.0 pts/acre,18,Failure,Mancozeb used during Harvest Ready stage under Hot conditions for High Leaf Blight. Outcome: Failure. unsafe due to PHI (66 days).
3c5d7ca2,9/25/2025,Grape,Esca (Black Measles),Seedling,Rainy,Moderate,Trichoderma species,Organic,2.0 pts/acre,45,Failure,Trichoderma species used during Seedling stage under Rainy conditions for Moderate Esca (Black Measles). Outcome: Failure. Recommended.
9260fb9b,7/26/2025,Grape,Esca (Black Measles),Seedling,Cold,Low,Pruning & Sanitation,Mechanical,2.0 pts/acre,101,Partial Control,Pruning & Sanitation used during Seedling stage under Cold conditions for Low Esca (Black Measles). Outcome: Partial Control. Recommended.
9.36E+06,12/27/2025,Grape,Black Rot,Seedling,Humid,Low,Thiophanate-methyl,Chemical,2.0 pts/acre,27,Success,Thiophanate-methyl used during Seedling stage under Humid conditions for Low Black Rot. Outcome: Success. Recommended.
fed75883,6/24/2025,Apple,Black Rot,Harvest Ready,Dry/Sunny,Low,Captan,Chemical,2.0 pts/acre,27,Success,Captan used during Harvest Ready stage under Dry/Sunny conditions for Low Black Rot. Outcome: Success. Recommended.
dc7a2764,12/5/2025,Grape,Black Rot,Harvest Ready,Humid,Moderate,Captan,Chemical,2.0 pts/acre,22,Success,Captan used during Harvest Ready stage under Humid conditions for Moderate Black Rot. Outcome: Success. Recommended.
9cbed3c3,7/15/2025,Grape,Esca (Black Measles),Fruiting,Dry/Sunny,Critical,Pruning & Sanitation,Mechanical,3.0 pts/acre,103,Partial Control,Pruning & Sanitation used during Fruiting stage under Dry/Sunny conditions for Critical Esca (Black Measles). Outcome: Partial Control. Recommended.
8d5cbd5e,11/8/2025,Tomato,Late Blight,Fruiting,Cold,Low,Propamocarb,Chemical,2.0 pts/acre,36,Success,Propamocarb used during Fruiting stage under Cold conditions for Low Late Blight. Outcome: Success. Recommended.
b21277d4,9/19/2025,Apple,Cedar Apple Rust,Harvest Ready,Hot,Moderate,Myclobutanil,Chemical,2.0 pts/acre,39,Failure,Myclobutanil used during Harvest Ready stage under Hot conditions for Moderate Cedar Apple Rust. Outcome: Failure. unsafe due to PHI (14 days).
d5050b09,8/13/2025,Grape,Esca (Black Measles),Fruiting,Rainy,Moderate,Trichoderma species,Organic,2.0 pts/acre,35,Failure,Trichoderma species used during Fruiting stage under Rainy conditions for Moderate Esca (Black Measles). Outcome: Failure. Recommended.
30272704,8/19/2025,Apple,Black Rot,Harvest Ready,Dry/Sunny,Low,Lime Sulfur,Organic,2.0 pts/acre,10,Partial Control,Lime Sulfur used during Harvest Ready stage under Dry/Sunny conditions for Low Black Rot. Outcome: Partial Control. Recommended.
c4ddb942,8/8/2025,Potato,Early Blight,Vegetative,Humid,Low,Copper Hydroxide,Organic,2.0 pts/acre,18,Partial Control,Copper Hydroxide used during Vegetative stage under Humid conditions for Low Early Blight. Outcome: Partial Control. Recommended.
64c632d3,8/31/2025,Grape,Esca (Black Measles),Flowering,Rainy,Low,Pruning & Sanitation,Mechanical,2.0 pts/acre,102,Partial Control,Pruning & Sanitation used during Flowering stage under Rainy conditions for Low Esca (Black Measles). Outcome: Partial Control. Recommended.
43843525,11/18/2025,Grape,Esca (Black Measles),Harvest Ready,Rainy,Low,Trichoderma species,Organic,2.0 pts/acre,38,Failure,Trichoderma species used during Harvest Ready stage under Rainy conditions for Low Esca (Black Measles). Outcome: Failure. Recommended.
68fda1bf,5/21/2025,Apple,Black Rot,Vegetative,Cold,High,Lime Sulfur,Organic,3.0 pts/acre,10,Failure,Lime Sulfur used during Vegetative stage under Cold conditions for High Black Rot. Outcome: Failure. Recommended.
c3052d60,5/8/2025,Grape,Leaf Blight,Seedling,Hot,Low,Copper Oxychloride,Chemical,2.0 pts/acre,17,Partial Control,Copper Oxychloride used during Seedling stage under Hot conditions for Low Leaf Blight. Outcome: Partial Control. Recommended.
7c833bf9,8/20/2025,Apple,Black Rot,Vegetative,Humid,High,Lime Sulfur,Organic,3.0 pts/acre,11,Failure,Lime Sulfur used during Vegetative stage under Humid conditions for High Black Rot. Outcome: Failure. Recommended.
cf527d9a,1/19/2026,Grape,Esca (Black Measles),Seedling,Hot,Critical,Pruning & Sanitation,Mechanical,3.0 pts/acre,102,Partial Control,Pruning & Sanitation used during Seedling stage under Hot conditions for Critical Esca (Black Measles). Outcome: Partial Control. Recommended.
51bd6f17,4/30/2025,Potato,Early Blight,Flowering,Humid,Moderate,Chlorothalonil (Bravo),Chemical,2.0 pts/acre,21,Success,Chlorothalonil (Bravo) used during Flowering stage under Humid conditions for Moderate Early Blight. Outcome: Success. Recommended.
5c628c71,8/30/2025,Potato,Early Blight,Harvest Ready,Dry/Sunny,Moderate,Bacillus subtilis,Organic,2.0 pts/acre,29,Partial Control,Bacillus subtilis used during Harvest Ready stage under Dry/Sunny conditions for Moderate Early Blight. Outcome: Partial Control. Recommended.
383ea118,10/13/2025,Apple,Cedar Apple Rust,Flowering,Humid,Moderate,Propiconazole,Chemical,2.0 pts/acre,26,Success,Propiconazole used during Flowering stage under Humid conditions for Moderate Cedar Apple Rust. Outcome: Success. Recommended.
0ca143f4,12/20/2025,Tomato,Bacterial Spot,Fruiting,Dry/Sunny,High,Agri-Mycin,Chemical,3.0 pts/acre,33,Partial Control,Agri-Mycin used during Fruiting stage under Dry/Sunny conditions for High Bacterial Spot. Outcome: Partial Control. Recommended.
1abb359b,8/4/2025,Grape,Black Rot,Flowering,Rainy,Moderate,Lime Sulfur,Organic,2.0 pts/acre,13,Failure,Lime Sulfur used during Flowering stage under Rainy conditions for Moderate Black Rot. Outcome: Failure. Recommended.
2aa4187b,9/14/2025,Potato,Late Blight,Vegetative,Hot,Low,Ridomil Gold,Chemical,2.0 pts/acre,50,Success,Ridomil Gold used during Vegetative stage under Hot conditions for Low Late Blight. Outcome: Success. Recommended.
deaf6b50,8/21/2025,Apple,Black Rot,Vegetative,Cold,High,Captan,Chemical,3.0 pts/acre,22,Partial Control,Captan used during Vegetative stage under Cold conditions for High Black Rot. Outcome: Partial Control. Recommended.
f548b10b,2/18/2026,Apple,Cedar Apple Rust,Fruiting,Dry/Sunny,Moderate,Propiconazole,Chemical,2.0 pts/acre,34,Success,Propiconazole used during Fruiting stage under Dry/Sunny conditions for Moderate Cedar Apple Rust. Outcome: Success. Recommended.
b686edef,12/25/2025,Tomato,Late Blight,Flowering,Cold,Moderate,Ridomil Gold,Chemical,2.0 pts/acre,53,Success,Ridomil Gold used during Flowering stage under Cold conditions for Moderate Late Blight. Outcome: Success. Recommended.
35078fae,1/21/2026,Tomato,Early Blight,Vegetative,Rainy,Moderate,Chlorothalonil (Bravo),Chemical,2.0 pts/acre,25,Partial Control,Chlorothalonil (Bravo) used during Vegetative stage under Rainy conditions for Moderate Early Blight. Outcome: Partial Control. Recommended.
868e850d,3/3/2025,Potato,Early Blight,Vegetative,Hot,Moderate,Azoxystrobin (Quadris),Chemical,2.0 pts/acre,43,Success,Azoxystrobin (Quadris) used during Vegetative stage under Hot conditions for Moderate Early Blight. Outcome: Success. Recommended.
3c45c38e,1/13/2026,Tomato,Early Blight,Seedling,Hot,Low,Azoxystrobin (Quadris),Chemical,2.0 pts/acre,49,Success,Azoxystrobin (Quadris) used during Seedling stage under Hot conditions for Low Early Blight. Outcome: Success. Recommended.
b8305d21,1/1/2026,Tomato,Bacterial Spot,Seedling,Hot,Critical,Agri-Mycin,Chemical,3.0 pts/acre,35,Partial Control,Agri-Mycin used during Seedling stage under Hot conditions for Critical Bacterial Spot. Outcome: Partial Control. Recommended.
0dff0202,2/22/2025,Potato,Early Blight,Fruiting,Humid,High,Chlorothalonil (Bravo),Chemical,3.0 pts/acre,29,Success,Chlorothalonil (Bravo) used during Fruiting stage under Humid conditions for High Early Blight. Outcome: Success. Recommended.
cac37248,5/28/2025,Tomato,Bacterial Spot,Vegetative,Humid,Moderate,Copper + Mancozeb,Chemical,2.0 pts/acre,30,Success,Copper + Mancozeb used during Vegetative stage under Humid conditions for Moderate Bacterial Spot. Outcome: Success. Recommended.
ff745bb5,9/21/2025,Apple,Black Rot,Seedling,Dry/Sunny,High,Thiophanate-methyl,Chemical,3.0 pts/acre,35,Success,Thiophanate-methyl used during Seedling stage under Dry/Sunny conditions for High Black Rot. Outcome: Success. Recommended.
c8ed4d37,3/17/2025,Apple,Black Rot,Fruiting,Cold,Moderate,Lime Sulfur,Organic,2.0 pts/acre,15,Partial Control,Lime Sulfur used during Fruiting stage under Cold conditions for Moderate Black Rot. Outcome: Partial Control. Recommended.
98bf7152,6/29/2025,Apple,Cedar Apple Rust,Flowering,Dry/Sunny,High,Propiconazole,Chemical,3.0 pts/acre,29,Success,Propiconazole used during Flowering stage under Dry/Sunny conditions for High Cedar Apple Rust. Outcome: Success. Recommended.
19037ef0,6/6/2025,Grape,Black Rot,Seedling,Humid,High,Thiophanate-methyl,Chemical,3.0 pts/acre,34,Success,Thiophanate-methyl used during Seedling stage under Humid conditions for High Black Rot. Outcome: Success. Recommended.
56f63cdc,6/18/2025,Apple,Cedar Apple Rust,Seedling,Dry/Sunny,Low,Propiconazole,Chemical,2.0 pts/acre,32,Success,Propiconazole used during Seedling stage under Dry/Sunny conditions for Low Cedar Apple Rust. Outcome: Success. Recommended.
a5c2efdc,12/12/2025,Tomato,Bacterial Spot,Vegetative,Humid,Low,Agri-Mycin,Chemical,2.0 pts/acre,36,Partial Control,Agri-Mycin used during Vegetative stage under Humid conditions for Low Bacterial Spot. Outcome: Partial Control. Recommended.
9aa03403,9/10/2025,Tomato,Late Blight,Harvest Ready,Cold,Low,Ridomil Gold,Chemical,2.0 pts/acre,50,Failure,Ridomil Gold used during Harvest Ready stage under Cold conditions for Low Late Blight. Outcome: Failure. unsafe due to PHI (5 days).
f6cc49a7,11/16/2025,Potato,Early Blight,Seedling,Rainy,Moderate,Chlorothalonil (Bravo),Chemical,2.0 pts/acre,30,Partial Control,Chlorothalonil (Bravo) used during Seedling stage under Rainy conditions for Moderate Early Blight. Outcome: Partial Control. Recommended.
99220979,1/31/2026,Apple,Apple Scab,Vegetative,Cold,High,Myclobutanil,Chemical,3.0 pts/acre,35,Success,Myclobutanil used during Vegetative stage under Cold conditions for High Apple Scab. Outcome: Success. Recommended.
7dac5938,4/23/2025,Tomato,Late Blight,Fruiting,Dry/Sunny,High,Propamocarb,Chemical,3.0 pts/acre,41,Success,Propamocarb used during Fruiting stage under Dry/Sunny conditions for High Late Blight. Outcome: Success. Recommended.
68a420f8,3/19/2025,Grape,Esca (Black Measles),Seedling,Rainy,Moderate,Pruning & Sanitation,Mechanical,2.0 pts/acre,104,Partial Control,Pruning & Sanitation used during Seedling stage under Rainy conditions for Moderate Esca (Black Measles). Outcome: Partial Control. Recommended.
3cf7163a,1/14/2026,Tomato,Early Blight,Seedling,Dry/Sunny,Moderate,Bacillus subtilis,Organic,2.0 pts/acre,32,Partial Control,Bacillus subtilis used during Seedling stage under Dry/Sunny conditions for Moderate Early Blight. Outcome: Partial Control. Recommended.
02f8e9fc,3/9/2025,Potato,Early Blight,Fruiting,Cold,Critical,Copper Hydroxide,Organic,3.0 pts/acre,18,Failure,Copper Hydroxide used during Fruiting stage under Cold conditions for Critical Early Blight. Outcome: Failure. Recommended.
dc395b24,11/7/2025,Tomato,Late Blight,Flowering,Humid,High,Propamocarb,Chemical,3.0 pts/acre,41,Success,Propamocarb used during Flowering stage under Humid conditions for High Late Blight. Outcome: Success. Recommended.
44b840d0,12/3/2025,Apple,Black Rot,Harvest Ready,Dry/Sunny,Moderate,Captan,Chemical,2.0 pts/acre,17,Success,Captan used during Harvest Ready stage under Dry/Sunny conditions for Moderate Black Rot. Outcome: Success. Recommended.
1c8fd9ac,5/31/2025,Grape,Black Rot,Seedling,Humid,Critical,Captan,Chemical,3.0 pts/acre,19,Success,Captan used during Seedling stage under Humid conditions for Critical Black Rot. Outcome: Success. Recommended.
e27be2ca,5/6/2025,Tomato,Early Blight,Vegetative,Hot,Low,Mancozeb (Dithane),Chemical,2.0 pts/acre,16,Success,Mancozeb (Dithane) used during Vegetative stage under Hot conditions for Low Early Blight. Outcome: Success. Recommended.
b02bef45,6/23/2025,Grape,Black Rot,Fruiting,Dry/Sunny,Low,Thiophanate-methyl,Chemical,2.0 pts/acre,31,Success,Thiophanate-methyl used during Fruiting stage under Dry/Sunny conditions for Low Black Rot. Outcome: Success. Recommended.
d355c46d,11/4/2025,Apple,Cedar Apple Rust,Flowering,Dry/Sunny,Critical,Propiconazole,Chemical,3.0 pts/acre,26,Success,Propiconazole used during Flowering stage under Dry/Sunny conditions for Critical Cedar Apple Rust. Outcome: Success. Recommended.
7f6f620f,3/7/2025,Potato,Early Blight,Harvest Ready,Humid,Moderate,Azoxystrobin (Quadris),Chemical,2.0 pts/acre,41,Success,Azoxystrobin (Quadris) used during Harvest Ready stage under Humid conditions for Moderate Early Blight. Outcome: Success. Recommended.
4cf5fea2,8/31/2025,Potato,Late Blight,Vegetative,Dry/Sunny,High,Fixed Copper,Organic,3.0 pts/acre,13,Partial Control,Fixed Copper used during Vegetative stage under Dry/Sunny conditions for High Late Blight. Outcome: Partial Control. Recommended.
d9f7e27e,3/5/2025,Grape,Leaf Blight,Harvest Ready,Hot,Low,Mancozeb,Chemical,2.0 pts/acre,23,Failure,Mancozeb used during Harvest Ready stage under Hot conditions for Low Leaf Blight. Outcome: Failure. unsafe due to PHI (66 days).
acd358fd,9/7/2025,Potato,Late Blight,Seedling,Rainy,High,Propamocarb,Chemical,3.0 pts/acre,44,Partial Control,Propamocarb used during Seedling stage under Rainy conditions for High Late Blight. Outcome: Partial Control. Recommended.
be439a74,6/23/2025,Tomato,Bacterial Spot,Flowering,Hot,Moderate,Agri-Mycin,Chemical,2.0 pts/acre,38,Partial Control,Agri-Mycin used during Flowering stage under Hot conditions for Moderate Bacterial Spot. Outcome: Partial Control. Recommended.
83b77e77,1/9/2026,Tomato,Early Blight,Vegetative,Hot,Critical,Bacillus subtilis,Organic,3.0 pts/acre,33,Failure,Bacillus subtilis used during Vegetative stage under Hot conditions for Critical Early Blight. Outcome: Failure. Recommended.
8ec9ee35,8/15/2025,Apple,Cedar Apple Rust,Vegetative,Dry/Sunny,Moderate,Propiconazole,Chemical,2.0 pts/acre,34,Success,Propiconazole used during Vegetative stage under Dry/Sunny conditions for Moderate Cedar Apple Rust. Outcome: Success. Recommended.
2a2d015e,11/15/2025,Apple,Black Rot,Vegetative,Hot,Low,Captan,Chemical,2.0 pts/acre,19,Success,Captan used during Vegetative stage under Hot conditions for Low Black Rot. Outcome: Success. Recommended.
046d5183,11/2/2025,Apple,Apple Scab,Seedling,Dry/Sunny,Low,Captan,Chemical,2.0 pts/acre,24,Success,Captan used during Seedling stage under Dry/Sunny conditions for Low Apple Scab. Outcome: Success. Recommended.
b159af75,6/17/2025,Potato,Early Blight,Harvest Ready,Rainy,Critical,Copper Hydroxide,Organic,3.0 pts/acre,16,Failure,Copper Hydroxide used during Harvest Ready stage under Rainy conditions for Critical Early Blight. Outcome: Failure. Recommended.
9065d277,5/26/2025,Tomato,Late Blight,Fruiting,Cold,Low,Ridomil Gold,Chemical,2.0 pts/acre,58,Success,Ridomil Gold used during Fruiting stage under Cold conditions for Low Late Blight. Outcome: Success. Recommended.
deb24ed4,3/1/2025,Potato,Early Blight,Flowering,Rainy,Low,Copper Hydroxide,Organic,2.0 pts/acre,19,Failure,Copper Hydroxide used during Flowering stage under Rainy conditions for Low Early Blight. Outcome: Failure. Recommended.
76286d11,4/27/2025,Apple,Cedar Apple Rust,Flowering,Dry/Sunny,High,Propiconazole,Chemical,3.0 pts/acre,30,Success,Propiconazole used during Flowering stage under Dry/Sunny conditions for High Cedar Apple Rust. Outcome: Success. Recommended.
966f26c7,4/10/2025,Grape,Leaf Blight,Vegetative,Dry/Sunny,Critical,Mancozeb,Chemical,3.0 pts/acre,18,Success,Mancozeb used during Vegetative stage under Dry/Sunny conditions for Critical Leaf Blight. Outcome: Success. Recommended.
6d1a2a19,6/16/2025,Grape,Leaf Blight,Harvest Ready,Hot,Low,Mancozeb,Chemical,2.0 pts/acre,17,Failure,Mancozeb used during Harvest Ready stage under Hot conditions for Low Leaf Blight. Outcome: Failure. unsafe due to PHI (66 days).
2.30E+14,12/25/2025,Apple,Black Rot,Vegetative,Cold,Low,Thiophanate-methyl,Chemical,2.0 pts/acre,29,Success,Thiophanate-methyl used during Vegetative stage under Cold conditions for Low Black Rot. Outcome: Success. Recommended.
92c0d05a,9/25/2025,Grape,Leaf Blight,Vegetative,Rainy,Moderate,Mancozeb,Chemical,2.0 pts/acre,19,Partial Control,Mancozeb used during Vegetative stage under Rainy conditions for Moderate Leaf Blight. Outcome: Partial Control. Recommended.
f9f6249a,9/8/2025,Tomato,Bacterial Spot,Vegetative,Humid,Low,Agri-Mycin,Chemical,2.0 pts/acre,40,Partial Control,Agri-Mycin used during Vegetative stage under Humid conditions for Low Bacterial Spot. Outcome: Partial Control. Recommended.
6e49c48c,2/17/2026,Potato,Early Blight,Harvest Ready,Dry/Sunny,Critical,Copper Hydroxide,Organic,3.0 pts/acre,16,Failure,Copper Hydroxide used during Harvest Ready stage under Dry/Sunny conditions for Critical Early Blight. Outcome: Failure. Recommended.
da9037f1,2/2/2026,Potato,Late Blight,Harvest Ready,Dry/Sunny,High,Ridomil Gold,Chemical,3.0 pts/acre,55,Failure,Ridomil Gold used during Harvest Ready stage under Dry/Sunny conditions for High Late Blight. Outcome: Failure. unsafe due to PHI (5 days).
c9513aab,2/13/2026,Potato,Early Blight,Flowering,Hot,Moderate,Bacillus subtilis,Organic,2.0 pts/acre,34,Partial Control,Bacillus subtilis used during Flowering stage under Hot conditions for Moderate Early Blight. Outcome: Partial Control. Recommended.
f1dfe9a2,11/24/2025,Grape,Black Rot,Flowering,Rainy,Critical,Thiophanate-methyl,Chemical,3.0 pts/acre,33,Partial Control,Thiophanate-methyl used during Flowering stage under Rainy conditions for Critical Black Rot. Outcome: Partial Control. Recommended.
0b356327,12/22/2025,Tomato,Early Blight,Vegetative,Dry/Sunny,High,Chlorothalonil (Bravo),Chemical,3.0 pts/acre,21,Success,Chlorothalonil (Bravo) used during Vegetative stage under Dry/Sunny conditions for High Early Blight. Outcome: Success. Recommended.
d713c180,8/1/2025,Apple,Apple Scab,Fruiting,Hot,Critical,Sulfur,Organic,3.0 pts/acre,6,Failure,Sulfur used during Fruiting stage under Hot conditions for Critical Apple Scab. Outcome: Failure. Recommended.
5f0d3217,10/11/2025,Tomato,Bacterial Spot,Vegetative,Cold,Low,Copper + Mancozeb,Chemical,2.0 pts/acre,30,Success,Copper + Mancozeb used during Vegetative stage under Cold conditions for Low Bacterial Spot. Outcome: Success. Recommended.
e2c47ac9,12/3/2025,Potato,Late Blight,Seedling,Rainy,Low,Propamocarb,Chemical,2.0 pts/acre,39,Partial Control,Propamocarb used during Seedling stage under Rainy conditions for Low Late Blight. Outcome: Partial Control. Recommended.
7ede34dd,8/11/2025,Tomato,Late Blight,Seedling,Dry/Sunny,Low,Fixed Copper,Organic,2.0 pts/acre,14,Partial Control,Fixed Copper used during Seedling stage under Dry/Sunny conditions for Low Late Blight. Outcome: Partial Control. Recommended.
74dbf6f8,10/23/2025,Grape,Esca (Black Measles),Vegetative,Humid,High,Pruning & Sanitation,Mechanical,3.0 pts/acre,105,Partial Control,Pruning & Sanitation used during Vegetative stage under Humid conditions for High Esca (Black Measles). Outcome: Partial Control. Recommended.
1.27E+86,6/20/2025,Apple,Black Rot,Flowering,Cold,Low,Thiophanate-methyl,Chemical,2.0 pts/acre,32,Success,Thiophanate-methyl used during Flowering stage under Cold conditions for Low Black Rot. Outcome: Success. Recommended.
eb9ab788,6/18/2025,Potato,Early Blight,Seedling,Hot,Critical,Copper Hydroxide,Organic,3.0 pts/acre,13,Failure,Copper Hydroxide used during Seedling stage under Hot conditions for Critical Early Blight. Outcome: Failure. Recommended.
7f16360d,10/23/2025,Grape,Leaf Blight,Seedling,Cold,High,Copper Oxychloride,Chemical,3.0 pts/acre,21,Partial Control,Copper Oxychloride used during Seedling stage under Cold conditions for High Leaf Blight. Outcome: Partial Control. Recommended.
e83b0f88,11/22/2025,Grape,Black Rot,Vegetative,Rainy,Low,Thiophanate-methyl,Chemical,2.0 pts/acre,29,Partial Control,Thiophanate-methyl used during Vegetative stage under Rainy conditions for Low Black Rot. Outcome: Partial Control. Recommended.
e68bbf8e,11/27/2025,Apple,Cedar Apple Rust,Seedling,Hot,Critical,Myclobutanil,Chemical,3.0 pts/acre,35,Success,Myclobutanil used during Seedling stage under Hot conditions for Critical Cedar Apple Rust. Outcome: Success. Recommended.
1ba517b7,11/10/2025,Grape,Leaf Blight,Seedling,Hot,Critical,Copper Oxychloride,Chemical,3.0 pts/acre,17,Partial Control,Copper Oxychloride used during Seedling stage under Hot conditions for Critical Leaf Blight. Outcome: Partial Control. Recommended.
3855b453,11/9/2025,Potato,Early Blight,Vegetative,Humid,High,Bacillus subtilis,Organic,3.0 pts/acre,28,Partial Control,Bacillus subtilis used during Vegetative stage under Humid conditions for High Early Blight. Outcome: Partial Control. Recommended.
5416222e,9/4/2025,Potato,Late Blight,Seedling,Rainy,Low,Ridomil Gold,Chemical,2.0 pts/acre,54,Success,Ridomil Gold used during Seedling stage under Rainy conditions for Low Late Blight. Outcome: Success. Recommended.
a9cae7f6,12/18/2025,Tomato,Late Blight,Seedling,Cold,Low,Propamocarb,Chemical,2.0 pts/acre,38,Success,Propamocarb used during Seedling stage under Cold conditions for Low Late Blight. Outcome: Success. Recommended.
784af1b3,7/12/2025,Grape,Leaf Blight,Fruiting,Dry/Sunny,High,Copper Oxychloride,Chemical,3.0 pts/acre,20,Partial Control,Copper Oxychloride used during Fruiting stage under Dry/Sunny conditions for High Leaf Blight. Outcome: Partial Control. Recommended.
4.04E+10,1/27/2026,Grape,Esca (Black Measles),Flowering,Rainy,High,Pruning & Sanitation,Mechanical,3.0 pts/acre,100,Partial Control,Pruning & Sanitation used during Flowering stage under Rainy conditions for High Esca (Black Measles). Outcome: Partial Control. Recommended.
e65ba08e,2/8/2026,Grape,Esca (Black Measles),Fruiting,Rainy,Moderate,Pruning & Sanitation,Mechanical,2.0 pts/acre,99,Partial Control,Pruning & Sanitation used during Fruiting stage under Rainy conditions for Moderate Esca (Black Measles). Outcome: Partial Control. Recommended.
b3165f5d,12/1/2025,Grape,Black Rot,Vegetative,Rainy,Moderate,Lime Sulfur,Organic,2.0 pts/acre,11,Failure,Lime Sulfur used during Vegetative stage under Rainy conditions for Moderate Black Rot. Outcome: Failure. Recommended.
e63fc4dd,10/13/2025,Tomato,Early Blight,Vegetative,Cold,Moderate,Copper Hydroxide,Organic,2.0 pts/acre,15,Partial Control,Copper Hydroxide used during Vegetative stage under Cold conditions for Moderate Early Blight. Outcome: Partial Control. Recommended.
46ee337a,6/15/2025,Grape,Black Rot,Fruiting,Rainy,Low,Thiophanate-methyl,Chemical,2.0 pts/acre,27,Partial Control,Thiophanate-methyl used during Fruiting stage under Rainy conditions for Low Black Rot. Outcome: Partial Control. Recommended.
5567a43c,3/15/2025,Apple,Apple Scab,Harvest Ready,Humid,Moderate,Myclobutanil,Chemical,2.0 pts/acre,38,Failure,Myclobutanil used during Harvest Ready stage under Humid conditions for Moderate Apple Scab. Outcome: Failure. unsafe due to PHI (14 days).
85bf5e36,2/8/2026,Potato,Late Blight,Seedling,Rainy,Critical,Fixed Copper,Organic,3.0 pts/acre,15,Failure,Fixed Copper used during Seedling stage under Rainy conditions for Critical Late Blight. Outcome: Failure. Recommended.
80a82e6d,12/26/2025,Apple,Apple Scab,Vegetative,Hot,Moderate,Captan,Chemical,2.0 pts/acre,21,Success,Captan used during Vegetative stage under Hot conditions for Moderate Apple Scab. Outcome: Success. Recommended.
5e6866ec,8/10/2025,Grape,Esca (Black Measles),Seedling,Humid,Critical,Pruning & Sanitation,Mechanical,3.0 pts/acre,102,Partial Control,Pruning & Sanitation used during Seedling stage under Humid conditions for Critical Esca (Black Measles). Outcome: Partial Control. Recommended.
a2253063,1/13/2026,Grape,Leaf Blight,Vegetative,Humid,Low,Copper Oxychloride,Chemical,2.0 pts/acre,22,Partial Control,Copper Oxychloride used during Vegetative stage under Humid conditions for Low Leaf Blight. Outcome: Partial Control. Recommended.
28f230a9,10/31/2025,Apple,Cedar Apple Rust,Fruiting,Humid,Moderate,Propiconazole,Chemical,2.0 pts/acre,26,Success,Propiconazole used during Fruiting stage under Humid conditions for Moderate Cedar Apple Rust. Outcome: Success. Recommended.
c89c2e71,9/5/2025,Grape,Black Rot,Fruiting,Hot,Low,Captan,Chemical,2.0 pts/acre,24,Success,Captan used during Fruiting stage under Hot conditions for Low Black Rot. Outcome: Success. Recommended.
c75190fc,1/17/2026,Apple,Black Rot,Vegetative,Hot,Critical,Lime Sulfur,Organic,3.0 pts/acre,12,Failure,Lime Sulfur used during Vegetative stage under Hot conditions for Critical Black Rot. Outcome: Failure. Recommended.
57e8afa5,9/11/2025,Potato,Late Blight,Vegetative,Hot,Critical,Ridomil Gold,Chemical,3.0 pts/acre,52,Success,Ridomil Gold used during Vegetative stage under Hot conditions for Critical Late Blight. Outcome: Success. Recommended.
86704c9a,9/2/2025,Apple,Black Rot,Fruiting,Cold,High,Captan,Chemical,3.0 pts/acre,23,Partial Control,Captan used during Fruiting stage under Cold conditions for High Black Rot. Outcome: Partial Control. Recommended.
74a9d3ee,8/19/2025,Tomato,Late Blight,Harvest Ready,Rainy,High,Propamocarb,Chemical,3.0 pts/acre,40,Failure,Propamocarb used during Harvest Ready stage under Rainy conditions for High Late Blight. Outcome: Failure. unsafe due to PHI (5 days).
d74d7770,8/17/2025,Tomato,Bacterial Spot,Harvest Ready,Hot,Critical,Agri-Mycin,Chemical,3.0 pts/acre,34,Partial Control,Agri-Mycin used during Harvest Ready stage under Hot conditions for Critical Bacterial Spot. Outcome: Partial Control. Recommended.
93ac8968,12/29/2025,Grape,Leaf Blight,Vegetative,Cold,High,Mancozeb,Chemical,3.0 pts/acre,18,Partial Control,Mancozeb used during Vegetative stage under Cold conditions for High Leaf Blight. Outcome: Partial Control. Recommended.
d5712a8b,10/24/2025,Grape,Black Rot,Fruiting,Dry/Sunny,High,Lime Sulfur,Organic,3.0 pts/acre,14,Failure,Lime Sulfur used during Fruiting stage under Dry/Sunny conditions for High Black Rot. Outcome: Failure. Recommended.
6d3997bc,6/20/2025,Grape,Leaf Blight,Seedling,Dry/Sunny,High,Mancozeb,Chemical,3.0 pts/acre,22,Partial Control,Mancozeb used during Seedling stage under Dry/Sunny conditions for High Leaf Blight. Outcome: Partial Control. Recommended.
9ff926cc,3/8/2025,Apple,Black Rot,Seedling,Rainy,Low,Thiophanate-methyl,Chemical,2.0 pts/acre,34,Partial Control,Thiophanate-methyl used during Seedling stage under Rainy conditions for Low Black Rot. Outcome: Partial Control. Recommended.
a7c3fc53,10/3/2025,Grape,Black Rot,Seedling,Hot,Critical,Captan,Chemical,3.0 pts/acre,21,Success,Captan used during Seedling stage under Hot conditions for Critical Black Rot. Outcome: Success. Recommended.
86cbf2a4,3/2/2025,Apple,Apple Scab,Fruiting,Humid,Low,Myclobutanil,Chemical,2.0 pts/acre,36,Success,Myclobutanil used during Fruiting stage under Humid conditions for Low Apple Scab. Outcome: Success. Recommended.
6355430a,3/17/2025,Grape,Esca (Black Measles),Flowering,Humid,High,Trichoderma species,Organic,3.0 pts/acre,40,Failure,Trichoderma species used during Flowering stage under Humid conditions for High Esca (Black Measles). Outcome: Failure. Recommended.
e673cdd5,5/10/2025,Grape,Esca (Black Measles),Flowering,Hot,Moderate,Trichoderma species,Organic,2.0 pts/acre,42,Partial Control,Trichoderma species used during Flowering stage under Hot conditions for Moderate Esca (Black Measles). Outcome: Partial Control. Recommended.
5229bd94,7/15/2025,Tomato,Bacterial Spot,Vegetative,Cold,Low,Agri-Mycin,Chemical,2.0 pts/acre,31,Partial Control,Agri-Mycin used during Vegetative stage under Cold conditions for Low Bacterial Spot. Outcome: Partial Control. Recommended.
9fe10caf,11/30/2025,Grape,Leaf Blight,Fruiting,Rainy,Moderate,Copper Oxychloride,Chemical,2.0 pts/acre,15,Partial Control,Copper Oxychloride used during Fruiting stage under Rainy conditions for Moderate Leaf Blight. Outcome: Partial Control. Recommended.
9d75412e,7/22/2025,Apple,Cedar Apple Rust,Fruiting,Dry/Sunny,Critical,Propiconazole,Chemical,3.0 pts/acre,25,Success,Propiconazole used during Fruiting stage under Dry/Sunny conditions for Critical Cedar Apple Rust. Outcome: Success. Recommended.
94301735,10/17/2025,Potato,Early Blight,Vegetative,Rainy,Low,Mancozeb (Dithane),Chemical,2.0 pts/acre,19,Partial Control,Mancozeb (Dithane) used during Vegetative stage under Rainy conditions for Low Early Blight. Outcome: Partial Control. Recommended.
66ad6d38,1/10/2026,Grape,Esca (Black Measles),Vegetative,Dry/Sunny,High,Trichoderma species,Organic,3.0 pts/acre,40,Failure,Trichoderma species used during Vegetative stage under Dry/Sunny conditions for High Esca (Black Measles). Outcome: Failure. Recommended.
5909311c,1/28/2026,Grape,Esca (Black Measles),Fruiting,Cold,High,Pruning & Sanitation,Mechanical,3.0 pts/acre,96,Partial Control,Pruning & Sanitation used during Fruiting stage under Cold conditions for High Esca (Black Measles). Outcome: Partial Control. Recommended.
d4a3c3dc,10/9/2025,Tomato,Early Blight,Flowering,Humid,High,Copper Hydroxide,Organic,3.0 pts/acre,10,Partial Control,Copper Hydroxide used during Flowering stage under Humid conditions for High Early Blight. Outcome: Partial Control. Recommended.
c2b18dac,6/28/2025,Tomato,Late Blight,Harvest Ready,Dry/Sunny,Low,Fixed Copper,Organic,2.0 pts/acre,10,Partial Control,Fixed Copper used during Harvest Ready stage under Dry/Sunny conditions for Low Late Blight. Outcome: Partial Control. Recommended.
753ce7fd,3/6/2025,Grape,Leaf Blight,Flowering,Hot,High,Copper Oxychloride,Chemical,3.0 pts/acre,15,Partial Control,Copper Oxychloride used during Flowering stage under Hot conditions for High Leaf Blight. Outcome: Partial Control. Recommended.
0ea5fcc5,4/19/2025,Potato,Late Blight,Flowering,Hot,Low,Ridomil Gold,Chemical,2.0 pts/acre,52,Success,Ridomil Gold used during Flowering stage under Hot conditions for Low Late Blight. Outcome: Success. Recommended.
5.87E+12,1/16/2026,Apple,Cedar Apple Rust,Seedling,Cold,Moderate,Propiconazole,Chemical,2.0 pts/acre,29,Success,Propiconazole used during Seedling stage under Cold conditions for Moderate Cedar Apple Rust. Outcome: Success. Recommended.
e525e3d0,11/10/2025,Potato,Early Blight,Fruiting,Hot,Critical,Chlorothalonil (Bravo),Chemical,3.0 pts/acre,29,Success,Chlorothalonil (Bravo) used during Fruiting stage under Hot conditions for Critical Early Blight. Outcome: Success. Recommended.
53b6cc15,12/2/2025,Grape,Leaf Blight,Seedling,Cold,High,Mancozeb,Chemical,3.0 pts/acre,23,Partial Control,Mancozeb used during Seedling stage under Cold conditions for High Leaf Blight. Outcome: Partial Control. Recommended.
d90978e2,6/28/2025,Potato,Early Blight,Harvest Ready,Humid,High,Azoxystrobin (Quadris),Chemical,3.0 pts/acre,41,Success,Azoxystrobin (Quadris) used during Harvest Ready stage under Humid conditions for High Early Blight. Outcome: Success. Recommended.
59f93ff9,12/8/2025,Potato,Early Blight,Seedling,Humid,Moderate,Bacillus subtilis,Organic,2.0 pts/acre,30,Partial Control,Bacillus subtilis used during Seedling stage under Humid conditions for Moderate Early Blight. Outcome: Partial Control. Recommended.
af386d9e,7/14/2025,Grape,Leaf Blight,Fruiting,Rainy,Moderate,Copper Oxychloride,Chemical,2.0 pts/acre,23,Partial Control,Copper Oxychloride used during Fruiting stage under Rainy conditions for Moderate Leaf Blight. Outcome: Partial Control. Recommended.
768a3110,4/4/2025,Tomato,Bacterial Spot,Vegetative,Dry/Sunny,Moderate,Bacteriophages,Organic,2.0 pts/acre,54,Partial Control,Bacteriophages used during Vegetative stage under Dry/Sunny conditions for Moderate Bacterial Spot. Outcome: Partial Control. Recommended.
755cc2ae,2/21/2025,Tomato,Bacterial Spot,Fruiting,Dry/Sunny,Critical,Bacteriophages,Organic,3.0 pts/acre,49,Failure,Bacteriophages used during Fruiting stage under Dry/Sunny conditions for Critical Bacterial Spot. Outcome: Failure. Recommended.
9e6effd2,9/14/2025,Tomato,Bacterial Spot,Seedling,Humid,Low,Agri-Mycin,Chemical,2.0 pts/acre,35,Partial Control,Agri-Mycin used during Seedling stage under Humid conditions for Low Bacterial Spot. Outcome: Partial Control. Recommended.
8cc4868b,2/6/2026,Apple,Black Rot,Fruiting,Cold,High,Lime Sulfur,Organic,3.0 pts/acre,17,Failure,Lime Sulfur used during Fruiting stage under Cold conditions for High Black Rot. Outcome: Failure. Recommended.
ddc46b5d,9/9/2025,Grape,Esca (Black Measles),Flowering,Humid,Moderate,Trichoderma species,Organic,2.0 pts/acre,41,Partial Control,Trichoderma species used during Flowering stage under Humid conditions for Moderate Esca (Black Measles). Outcome: Partial Control. Recommended.
2dc9848a,9/18/2025,Grape,Black Rot,Seedling,Humid,Moderate,Captan,Chemical,2.0 pts/acre,23,Success,Captan used during Seedling stage under Humid conditions for Moderate Black Rot. Outcome: Success. Recommended.
ead6e7e8,5/4/2025,Potato,Late Blight,Seedling,Dry/Sunny,High,Fixed Copper,Organic,3.0 pts/acre,17,Partial Control,Fixed Copper used during Seedling stage under Dry/Sunny conditions for High Late Blight. Outcome: Partial Control. Recommended.
1938997,8/24/2025,Grape,Esca (Black Measles),Vegetative,Dry/Sunny,High,Trichoderma species,Organic,3.0 pts/acre,38,Failure,Trichoderma species used during Vegetative stage under Dry/Sunny conditions for High Esca (Black Measles). Outcome: Failure. Recommended.
b50460ce,3/18/2025,Grape,Esca (Black Measles),Flowering,Hot,Low,Pruning & Sanitation,Mechanical,2.0 pts/acre,102,Partial Control,Pruning & Sanitation used during Flowering stage under Hot conditions for Low Esca (Black Measles). Outcome: Partial Control. Recommended.
1e9f7291,5/23/2025,Potato,Late Blight,Fruiting,Humid,Low,Propamocarb,Chemical,2.0 pts/acre,39,Success,Propamocarb used during Fruiting stage under Humid conditions for Low Late Blight. Outcome: Success. Recommended.
197dc527,3/10/2025,Potato,Early Blight,Fruiting,Dry/Sunny,Moderate,Azoxystrobin (Quadris),Chemical,2.0 pts/acre,48,Success,Azoxystrobin (Quadris) used during Fruiting stage under Dry/Sunny conditions for Moderate Early Blight. Outcome: Success. Recommended.
9d18f62d,12/12/2025,Grape,Leaf Blight,Vegetative,Dry/Sunny,Critical,Mancozeb,Chemical,3.0 pts/acre,16,Success,Mancozeb used during Vegetative stage under Dry/Sunny conditions for Critical Leaf Blight. Outcome: Success. Recommended.
c1bb576c,9/20/2025,Tomato,Late Blight,Seedling,Humid,High,Fixed Copper,Organic,3.0 pts/acre,10,Partial Control,Fixed Copper used during Seedling stage under Humid conditions for High Late Blight. Outcome: Partial Control. Recommended.
5cee4cf0,8/6/2025,Grape,Leaf Blight,Harvest Ready,Humid,Moderate,Copper Oxychloride,Chemical,2.0 pts/acre,14,Partial Control,Copper Oxychloride used during Harvest Ready stage under Humid conditions for Moderate Leaf Blight. Outcome: Partial Control. Recommended.
c9881627,2/28/2025,Tomato,Late Blight,Vegetative,Hot,Moderate,Ridomil Gold,Chemical,2.0 pts/acre,53,Success,Ridomil Gold used during Vegetative stage under Hot conditions for Moderate Late Blight. Outcome: Success. Recommended.
4c660a64,7/12/2025,Potato,Late Blight,Seedling,Hot,Low,Propamocarb,Chemical,2.0 pts/acre,43,Success,Propamocarb used during Seedling stage under Hot conditions for Low Late Blight. Outcome: Success. Recommended.
228b86ec,5/19/2025,Grape,Leaf Blight,Flowering,Hot,Low,Mancozeb,Chemical,2.0 pts/acre,18,Success,Mancozeb used during Flowering stage under Hot conditions for Low Leaf Blight. Outcome: Success. Recommended.
b184faf9,4/28/2025,Potato,Late Blight,Seedling,Cold,Moderate,Fixed Copper,Organic,2.0 pts/acre,14,Partial Control,Fixed Copper used during Seedling stage under Cold conditions for Moderate Late Blight. Outcome: Partial Control. Recommended.
8b8980a4,7/19/2025,Potato,Early Blight,Harvest Ready,Dry/Sunny,High,Azoxystrobin (Quadris),Chemical,3.0 pts/acre,47,Success,Azoxystrobin (Quadris) used during Harvest Ready stage under Dry/Sunny conditions for High Early Blight. Outcome: Success. Recommended.
01f9d9f2,4/12/2025,Tomato,Bacterial Spot,Fruiting,Cold,Critical,Copper + Mancozeb,Chemical,3.0 pts/acre,24,Success,Copper + Mancozeb used during Fruiting stage under Cold conditions for Critical Bacterial Spot. Outcome: Success. Recommended.
4ed88846,12/23/2025,Potato,Late Blight,Seedling,Humid,High,Fixed Copper,Organic,3.0 pts/acre,11,Partial Control,Fixed Copper used during Seedling stage under Humid conditions for High Late Blight. Outcome: Partial Control. Recommended.
4c770e6e,4/11/2025,Potato,Early Blight,Fruiting,Cold,Moderate,Mancozeb (Dithane),Chemical,2.0 pts/acre,19,Success,Mancozeb (Dithane) used during Fruiting stage under Cold conditions for Moderate Early Blight. Outcome: Success. Recommended.
c338cc83,10/13/2025,Apple,Cedar Apple Rust,Fruiting,Humid,High,Myclobutanil,Chemical,3.0 pts/acre,41,Success,Myclobutanil used during Fruiting stage under Humid conditions for High Cedar Apple Rust. Outcome: Success. Recommended.
0ff417ff,1/12/2026,Potato,Late Blight,Vegetative,Dry/Sunny,Critical,Ridomil Gold,Chemical,3.0 pts/acre,51,Success,Ridomil Gold used during Vegetative stage under Dry/Sunny conditions for Critical Late Blight. Outcome: Success. Recommended.
7be84793,6/3/2025,Tomato,Early Blight,Flowering,Dry/Sunny,Critical,Copper Hydroxide,Organic,3.0 pts/acre,15,Failure,Copper Hydroxide used during Flowering stage under Dry/Sunny conditions for Critical Early Blight. Outcome: Failure. Recommended.
881d5c3c,4/23/2025,Apple,Black Rot,Vegetative,Hot,Critical,Thiophanate-methyl,Chemical,3.0 pts/acre,28,Success,Thiophanate-methyl used during Vegetative stage under Hot conditions for Critical Black Rot. Outcome: Success. Recommended.
d2489db7,7/15/2025,Grape,Black Rot,Seedling,Rainy,Moderate,Captan,Chemical,2.0 pts/acre,18,Partial Control,Captan used during Seedling stage under Rainy conditions for Moderate Black Rot. Outcome: Partial Control. Recommended.
65a0ec9a,6/12/2025,Potato,Early Blight,Fruiting,Dry/Sunny,Critical,Bacillus subtilis,Organic,3.0 pts/acre,30,Failure,Bacillus subtilis used during Fruiting stage under Dry/Sunny conditions for Critical Early Blight. Outcome: Failure. Recommended.
4fd68ac3,10/30/2025,Apple,Cedar Apple Rust,Seedling,Cold,Critical,Propiconazole,Chemical,3.0 pts/acre,35,Success,Propiconazole used during Seedling stage under Cold conditions for Critical Cedar Apple Rust. Outcome: Success. Recommended.
6fd3f8b3,11/6/2025,Apple,Cedar Apple Rust,Seedling,Cold,Moderate,Myclobutanil,Chemical,2.0 pts/acre,41,Success,Myclobutanil used during Seedling stage under Cold conditions for Moderate Cedar Apple Rust. Outcome: Success. Recommended.
7c2286f1,4/24/2025,Potato,Late Blight,Seedling,Humid,High,Ridomil Gold,Chemical,3.0 pts/acre,55,Success,Ridomil Gold used during Seedling stage under Humid conditions for High Late Blight. Outcome: Success. Recommended.
d590901a,1/25/2026,Tomato,Bacterial Spot,Flowering,Cold,Critical,Agri-Mycin,Chemical,3.0 pts/acre,34,Partial Control,Agri-Mycin used during Flowering stage under Cold conditions for Critical Bacterial Spot. Outcome: Partial Control. Recommended.
fc4913ba,5/7/2025,Potato,Late Blight,Seedling,Humid,Moderate,Ridomil Gold,Chemical,2.0 pts/acre,52,Success,Ridomil Gold used during Seedling stage under Humid conditions for Moderate Late Blight. Outcome: Success. Recommended.
ce561c9a,9/10/2025,Grape,Leaf Blight,Seedling,Dry/Sunny,High,Copper Oxychloride,Chemical,3.0 pts/acre,17,Partial Control,Copper Oxychloride used during Seedling stage under Dry/Sunny conditions for High Leaf Blight. Outcome: Partial Control. Recommended.
3a966e5e,12/22/2025,Grape,Black Rot,Harvest Ready,Rainy,Moderate,Lime Sulfur,Organic,2.0 pts/acre,13,Failure,Lime Sulfur used during Harvest Ready stage under Rainy conditions for Moderate Black Rot. Outcome: Failure. Recommended.
b4148a03,3/13/2025,Tomato,Early Blight,Fruiting,Hot,Moderate,Chlorothalonil (Bravo),Chemical,2.0 pts/acre,22,Success,Chlorothalonil (Bravo) used during Fruiting stage under Hot conditions for Moderate Early Blight. Outcome: Success. Recommended.
4171a9ed,9/18/2025,Grape,Esca (Black Measles),Harvest Ready,Hot,Moderate,Trichoderma species,Organic,2.0 pts/acre,41,Partial Control,Trichoderma species used during Harvest Ready stage under Hot conditions for Moderate Esca (Black Measles). Outcome: Partial Control. Recommended.
a564b9e4,8/26/2025,Apple,Black Rot,Harvest Ready,Rainy,Critical,Lime Sulfur,Organic,3.0 pts/acre,12,Failure,Lime Sulfur used during Harvest Ready stage under Rainy conditions for Critical Black Rot. Outcome: Failure. Recommended.
461154eb,1/15/2026,Grape,Leaf Blight,Seedling,Humid,Low,Copper Oxychloride,Chemical,2.0 pts/acre,21,Partial Control,Copper Oxychloride used during Seedling stage under Humid conditions for Low Leaf Blight. Outcome: Partial Control. Recommended.
8fdb43d2,11/16/2025,Apple,Cedar Apple Rust,Seedling,Dry/Sunny,High,Propiconazole,Chemical,3.0 pts/acre,27,Success,Propiconazole used during Seedling stage under Dry/Sunny conditions for High Cedar Apple Rust. Outcome: Success. Recommended.
7d549d5c,6/7/2025,Apple,Cedar Apple Rust,Fruiting,Dry/Sunny,Critical,Propiconazole,Chemical,3.0 pts/acre,27,Success,Propiconazole used during Fruiting stage under Dry/Sunny conditions for Critical Cedar Apple Rust. Outcome: Success. Recommended.
51e0354d,4/22/2025,Tomato,Bacterial Spot,Seedling,Hot,Moderate,Copper + Mancozeb,Chemical,2.0 pts/acre,21,Success,Copper + Mancozeb used during Seedling stage under Hot conditions for Moderate Bacterial Spot. Outcome: Success. Recommended.
267c2cac,7/16/2025,Tomato,Late Blight,Seedling,Hot,Low,Propamocarb,Chemical,2.0 pts/acre,40,Success,Propamocarb used during Seedling stage under Hot conditions for Low Late Blight. Outcome: Success. Recommended.
0ee9fb91,1/13/2026,Grape,Black Rot,Seedling,Rainy,Critical,Captan,Chemical,3.0 pts/acre,19,Partial Control,Captan used during Seedling stage under Rainy conditions for Critical Black Rot. Outcome: Partial Control. Recommended.
cb5a75fa,7/17/2025,Grape,Esca (Black Measles),Flowering,Dry/Sunny,Low,Trichoderma species,Organic,2.0 pts/acre,37,Partial Control,Trichoderma species used during Flowering stage under Dry/Sunny conditions for Low Esca (Black Measles). Outcome: Partial Control. Recommended.
46210228,11/6/2025,Apple,Apple Scab,Flowering,Cold,Low,Myclobutanil,Chemical,2.0 pts/acre,43,Success,Myclobutanil used during Flowering stage under Cold conditions for Low Apple Scab. Outcome: Success. Recommended.
d8134a56,7/26/2025,Potato,Early Blight,Flowering,Dry/Sunny,High,Bacillus subtilis,Organic,3.0 pts/acre,27,Partial Control,Bacillus subtilis used during Flowering stage under Dry/Sunny conditions for High Early Blight. Outcome: Partial Control. Recommended.
be23c942,6/21/2025,Grape,Esca (Black Measles),Harvest Ready,Dry/Sunny,Low,Trichoderma species,Organic,2.0 pts/acre,40,Partial Control,Trichoderma species used during Harvest Ready stage under Dry/Sunny conditions for Low Esca (Black Measles). Outcome: Partial Control. Recommended.
78125219,5/28/2025,Tomato,Bacterial Spot,Flowering,Rainy,Moderate,Copper + Mancozeb,Chemical,2.0 pts/acre,23,Partial Control,Copper + Mancozeb used during Flowering stage under Rainy conditions for Moderate Bacterial Spot. Outcome: Partial Control. Recommended.
e3ecdfb8,6/4/2025,Apple,Black Rot,Fruiting,Rainy,Moderate,Lime Sulfur,Organic,2.0 pts/acre,9,Failure,Lime Sulfur used during Fruiting stage under Rainy conditions for Moderate Black Rot. Outcome: Failure. Recommended.
b45e5538,3/30/2025,Tomato,Late Blight,Fruiting,Cold,High,Propamocarb,Chemical,3.0 pts/acre,36,Success,Propamocarb used during Fruiting stage under Cold conditions for High Late Blight. Outcome: Success. Recommended.
3d00e764,2/21/2025,Apple,Black Rot,Vegetative,Hot,Moderate,Captan,Chemical,2.0 pts/acre,23,Success,Captan used during Vegetative stage under Hot conditions for Moderate Black Rot. Outcome: Success. Recommended.
580dd985,5/24/2025,Potato,Late Blight,Seedling,Cold,Moderate,Propamocarb,Chemical,2.0 pts/acre,41,Success,Propamocarb used during Seedling stage under Cold conditions for Moderate Late Blight. Outcome: Success. Recommended.
dc22de81,11/10/2025,Grape,Black Rot,Fruiting,Dry/Sunny,Low,Captan,Chemical,2.0 pts/acre,21,Success,Captan used during Fruiting stage under Dry/Sunny conditions for Low Black Rot. Outcome: Success. Recommended.
46e5c7d3,6/20/2025,Tomato,Late Blight,Seedling,Humid,Low,Propamocarb,Chemical,2.0 pts/acre,42,Success,Propamocarb used during Seedling stage under Humid conditions for Low Late Blight. Outcome: Success. Recommended.
7ef0608e,6/12/2025,Potato,Early Blight,Flowering,Rainy,Low,Copper Hydroxide,Organic,2.0 pts/acre,11,Failure,Copper Hydroxide used during Flowering stage under Rainy conditions for Low Early Blight. Outcome: Failure. Recommended.
1f6d3cb0,7/20/2025,Apple,Black Rot,Seedling,Hot,High,Thiophanate-methyl,Chemical,3.0 pts/acre,34,Success,Thiophanate-methyl used during Seedling stage under Hot conditions for High Black Rot. Outcome: Success. Recommended.
90acddf1,10/13/2025,Tomato,Bacterial Spot,Vegetative,Cold,Critical,Copper + Mancozeb,Chemical,3.0 pts/acre,20,Success,Copper + Mancozeb used during Vegetative stage under Cold conditions for Critical Bacterial Spot. Outcome: Success. Recommended.
dbc11f8d,3/7/2025,Apple,Black Rot,Harvest Ready,Cold,High,Lime Sulfur,Organic,3.0 pts/acre,16,Failure,Lime Sulfur used during Harvest Ready stage under Cold conditions for High Black Rot. Outcome: Failure. Recommended.
361a5fcf,12/6/2025,Grape,Esca (Black Measles),Seedling,Dry/Sunny,High,Pruning & Sanitation,Mechanical,3.0 pts/acre,99,Partial Control,Pruning & Sanitation used during Seedling stage under Dry/Sunny conditions for High Esca (Black Measles). Outcome: Partial Control. Recommended.
73cc5b13,9/1/2025,Grape,Leaf Blight,Flowering,Dry/Sunny,Critical,Copper Oxychloride,Chemical,3.0 pts/acre,15,Partial Control,Copper Oxychloride used during Flowering stage under Dry/Sunny conditions for Critical Leaf Blight. Outcome: Partial Control. Recommended.
62936551,4/19/2025,Grape,Esca (Black Measles),Harvest Ready,Cold,Low,Trichoderma species,Organic,2.0 pts/acre,45,Partial Control,Trichoderma species used during Harvest Ready stage under Cold conditions for Low Esca (Black Measles). Outcome: Partial Control. Recommended.
f0422f72,12/8/2025,Grape,Black Rot,Fruiting,Cold,High,Thiophanate-methyl,Chemical,3.0 pts/acre,34,Success,Thiophanate-methyl used during Fruiting stage under Cold conditions for High Black Rot. Outcome: Success. Recommended.
97f5b2b5,12/5/2025,Tomato,Late Blight,Vegetative,Rainy,High,Ridomil Gold,Chemical,3.0 pts/acre,58,Partial Control,Ridomil Gold used during Vegetative stage under Rainy conditions for High Late Blight. Outcome: Partial Control. Recommended.
b54a4132,9/28/2025,Tomato,Bacterial Spot,Seedling,Cold,Low,Agri-Mycin,Chemical,2.0 pts/acre,34,Partial Control,Agri-Mycin used during Seedling stage under Cold conditions for Low Bacterial Spot. Outcome: Partial Control. Recommended.
47f894dd,10/10/2025,Grape,Esca (Black Measles),Harvest Ready,Rainy,High,Trichoderma species,Organic,3.0 pts/acre,44,Failure,Trichoderma species used during Harvest Ready stage under Rainy conditions for High Esca (Black Measles). Outcome: Failure. Recommended.
f063df43,10/9/2025,Apple,Black Rot,Vegetative,Humid,High,Thiophanate-methyl,Chemical,3.0 pts/acre,32,Success,Thiophanate-methyl used during Vegetative stage under Humid conditions for High Black Rot. Outcome: Success. Recommended.
b3cef6c5,10/4/2025,Grape,Black Rot,Fruiting,Dry/Sunny,Moderate,Lime Sulfur,Organic,2.0 pts/acre,7,Partial Control,Lime Sulfur used during Fruiting stage under Dry/Sunny conditions for Moderate Black Rot. Outcome: Partial Control. Recommended.
74c8b9e7,4/13/2025,Potato,Late Blight,Fruiting,Dry/Sunny,Moderate,Propamocarb,Chemical,2.0 pts/acre,37,Success,Propamocarb used during Fruiting stage under Dry/Sunny conditions for Moderate Late Blight. Outcome: Success. Recommended.
787c19fe,11/28/2025,Potato,Early Blight,Harvest Ready,Hot,Low,Copper Hydroxide,Organic,2.0 pts/acre,13,Partial Control,Copper Hydroxide used during Harvest Ready stage under Hot conditions for Low Early Blight. Outcome: Partial Control. Recommended.
ec4b40cd,4/17/2025,Tomato,Late Blight,Seedling,Dry/Sunny,Low,Ridomil Gold,Chemical,2.0 pts/acre,54,Success,Ridomil Gold used during Seedling stage under Dry/Sunny conditions for Low Late Blight. Outcome: Success. Recommended.
867e824e,6/28/2025,Tomato,Bacterial Spot,Harvest Ready,Humid,Low,Copper + Mancozeb,Chemical,2.0 pts/acre,27,Failure,Copper + Mancozeb used during Harvest Ready stage under Humid conditions for Low Bacterial Spot. Outcome: Failure. unsafe due to PHI (5 days).
eadc1e81,5/5/2025,Apple,Apple Scab,Seedling,Dry/Sunny,High,Myclobutanil,Chemical,3.0 pts/acre,37,Success,Myclobutanil used during Seedling stage under Dry/Sunny conditions for High Apple Scab. Outcome: Success. Recommended.
d810abb5,7/18/2025,Potato,Early Blight,Flowering,Humid,High,Bacillus subtilis,Organic,3.0 pts/acre,30,Partial Control,Bacillus subtilis used during Flowering stage under Humid conditions for High Early Blight. Outcome: Partial Control. Recommended.
e70b0272,10/12/2025,Grape,Leaf Blight,Harvest Ready,Cold,High,Copper Oxychloride,Chemical,3.0 pts/acre,22,Partial Control,Copper Oxychloride used during Harvest Ready stage under Cold conditions for High Leaf Blight. Outcome: Partial Control. Recommended.
edfa74a8,3/22/2025,Apple,Black Rot,Flowering,Dry/Sunny,Low,Thiophanate-methyl,Chemical,2.0 pts/acre,35,Success,Thiophanate-methyl used during Flowering stage under Dry/Sunny conditions for Low Black Rot. Outcome: Success. Recommended.
4549635d,8/20/2025,Apple,Cedar Apple Rust,Seedling,Humid,Low,Propiconazole,Chemical,2.0 pts/acre,35,Success,Propiconazole used during Seedling stage under Humid conditions for Low Cedar Apple Rust. Outcome: Success. Recommended.
cd63dd31,2/11/2026,Tomato,Late Blight,Seedling,Humid,Low,Ridomil Gold,Chemical,2.0 pts/acre,53,Success,Ridomil Gold used during Seedling stage under Humid conditions for Low Late Blight. Outcome: Success. Recommended.
52cf4b0e,9/10/2025,Potato,Early Blight,Harvest Ready,Rainy,Moderate,Mancozeb (Dithane),Chemical,2.0 pts/acre,20,Failure,Mancozeb (Dithane) used during Harvest Ready stage under Rainy conditions for Moderate Early Blight. Outcome: Failure. unsafe due to PHI (5 days).
5b34f6a9,9/23/2025,Grape,Black Rot,Seedling,Rainy,Critical,Thiophanate-methyl,Chemical,3.0 pts/acre,28,Partial Control,Thiophanate-methyl used during Seedling stage under Rainy conditions for Critical Black Rot. Outcome: Partial Control. Recommended.
6e10f6d2,8/12/2025,Potato,Early Blight,Flowering,Dry/Sunny,High,Bacillus subtilis,Organic,3.0 pts/acre,35,Partial Control,Bacillus subtilis used during Flowering stage under Dry/Sunny conditions for High Early Blight. Outcome: Partial Control. Recommended.
5bd86c8c,4/3/2025,Potato,Early Blight,Vegetative,Hot,Critical,Azoxystrobin (Quadris),Chemical,3.0 pts/acre,42,Success,Azoxystrobin (Quadris) used during Vegetative stage under Hot conditions for Critical Early Blight. Outcome: Success. Recommended.
607816b7,3/28/2025,Potato,Late Blight,Harvest Ready,Dry/Sunny,High,Fixed Copper,Organic,3.0 pts/acre,13,Partial Control,Fixed Copper used during Harvest Ready stage under Dry/Sunny conditions for High Late Blight. Outcome: Partial Control. Recommended.
dac02ab7,12/1/2025,Grape,Esca (Black Measles),Vegetative,Dry/Sunny,Moderate,Trichoderma species,Organic,2.0 pts/acre,38,Partial Control,Trichoderma species used during Vegetative stage under Dry/Sunny conditions for Moderate Esca (Black Measles). Outcome: Partial Control. Recommended.
0bbec710,2/3/2026,Apple,Cedar Apple Rust,Harvest Ready,Rainy,Moderate,Propiconazole,Chemical,2.0 pts/acre,27,Failure,Propiconazole used during Harvest Ready stage under Rainy conditions for Moderate Cedar Apple Rust. Outcome: Failure. unsafe due to PHI (14 days).
607490a0,8/11/2025,Potato,Late Blight,Flowering,Rainy,Moderate,Fixed Copper,Organic,2.0 pts/acre,16,Partial Control,Fixed Copper used during Flowering stage under Rainy conditions for Moderate Late Blight. Outcome: Partial Control. Recommended.
b1a6eea2,12/14/2025,Potato,Late Blight,Harvest Ready,Rainy,High,Fixed Copper,Organic,3.0 pts/acre,11,Failure,Fixed Copper used during Harvest Ready stage under Rainy conditions for High Late Blight. Outcome: Failure. Recommended.
d34002c1,8/24/2025,Potato,Early Blight,Harvest Ready,Rainy,Low,Azoxystrobin (Quadris),Chemical,2.0 pts/acre,46,Success,Azoxystrobin (Quadris) used during Harvest Ready stage under Rainy conditions for Low Early Blight. Outcome: Success. Recommended.
d7759a2c,4/24/2025,Potato,Early Blight,Flowering,Dry/Sunny,High,Mancozeb (Dithane),Chemical,3.0 pts/acre,22,Partial Control,Mancozeb (Dithane) used during Flowering stage under Dry/Sunny conditions for High Early Blight. Outcome: Partial Control. Recommended.
09e83e5c,12/17/2025,Tomato,Bacterial Spot,Flowering,Dry/Sunny,Low,Agri-Mycin,Chemical,2.0 pts/acre,32,Partial Control,Agri-Mycin used during Flowering stage under Dry/Sunny conditions for Low Bacterial Spot. Outcome: Partial Control. Recommended.
a39fb3d7,7/25/2025,Potato,Early Blight,Seedling,Cold,Critical,Bacillus subtilis,Organic,3.0 pts/acre,29,Failure,Bacillus subtilis used during Seedling stage under Cold conditions for Critical Early Blight. Outcome: Failure. Recommended.
f4e556b5,5/16/2025,Potato,Early Blight,Flowering,Hot,Low,Mancozeb (Dithane),Chemical,2.0 pts/acre,23,Success,Mancozeb (Dithane) used during Flowering stage under Hot conditions for Low Early Blight. Outcome: Success. Recommended.
e1e755cf,10/26/2025,Grape,Esca (Black Measles),Harvest Ready,Rainy,High,Trichoderma species,Organic,3.0 pts/acre,43,Failure,Trichoderma species used during Harvest Ready stage under Rainy conditions for High Esca (Black Measles). Outcome: Failure. Recommended.
858a554c,8/29/2025,Potato,Early Blight,Fruiting,Dry/Sunny,High,Copper Hydroxide,Organic,3.0 pts/acre,14,Partial Control,Copper Hydroxide used during Fruiting stage under Dry/Sunny conditions for High Early Blight. Outcome: Partial Control. Recommended.
b703da30,2/4/2026,Apple,Black Rot,Seedling,Cold,Critical,Captan,Chemical,3.0 pts/acre,22,Success,Captan used during Seedling stage under Cold conditions for Critical Black Rot. Outcome: Success. Recommended.
0abb9cce,3/29/2025,Tomato,Early Blight,Fruiting,Rainy,High,Mancozeb (Dithane),Chemical,3.0 pts/acre,20,Partial Control,Mancozeb (Dithane) used during Fruiting stage under Rainy conditions for High Early Blight. Outcome: Partial Control. Recommended.
e54e2145,11/15/2025,Tomato,Bacterial Spot,Harvest Ready,Cold,Moderate,Agri-Mycin,Chemical,2.0 pts/acre,35,Partial Control,Agri-Mycin used during Harvest Ready stage under Cold conditions for Moderate Bacterial Spot. Outcome: Partial Control. Recommended.
bbabe4a3,11/16/2025,Potato,Early Blight,Seedling,Humid,Moderate,Chlorothalonil (Bravo),Chemical,2.0 pts/acre,28,Success,Chlorothalonil (Bravo) used during Seedling stage under Humid conditions for Moderate Early Blight. Outcome: Success. Recommended.
8c738d94,6/4/2025,Tomato,Early Blight,Fruiting,Dry/Sunny,Critical,Azoxystrobin (Quadris),Chemical,3.0 pts/acre,48,Success,Azoxystrobin (Quadris) used during Fruiting stage under Dry/Sunny conditions for Critical Early Blight. Outcome: Success. Recommended.
0c2a90be,6/9/2025,Grape,Esca (Black Measles),Seedling,Humid,Low,Trichoderma species,Organic,2.0 pts/acre,38,Partial Control,Trichoderma species used during Seedling stage under Humid conditions for Low Esca (Black Measles). Outcome: Partial Control. Recommended.
2eeaf77e,6/24/2025,Tomato,Early Blight,Seedling,Humid,Critical,Mancozeb (Dithane),Chemical,3.0 pts/acre,20,Success,Mancozeb (Dithane) used during Seedling stage under Humid conditions for Critical Early Blight. Outcome: Success. Recommended.
55c35e35,12/14/2025,Potato,Early Blight,Vegetative,Hot,High,Azoxystrobin (Quadris),Chemical,3.0 pts/acre,44,Success,Azoxystrobin (Quadris) used during Vegetative stage under Hot conditions for High Early Blight. Outcome: Success. Recommended.
5e31a2b8,9/9/2025,Apple,Apple Scab,Vegetative,Humid,High,Captan,Chemical,3.0 pts/acre,17,Partial Control,Captan used during Vegetative stage under Humid conditions for High Apple Scab. Outcome: Partial Control. Recommended.
5172be74,10/12/2025,Apple,Black Rot,Vegetative,Cold,High,Thiophanate-methyl,Chemical,3.0 pts/acre,31,Success,Thiophanate-methyl used during Vegetative stage under Cold conditions for High Black Rot. Outcome: Success. Recommended.
d543b3d5,1/25/2026,Apple,Black Rot,Harvest Ready,Rainy,Low,Thiophanate-methyl,Chemical,2.0 pts/acre,28,Partial Control,Thiophanate-methyl used during Harvest Ready stage under Rainy conditions for Low Black Rot. Outcome: Partial Control. Recommended.
03cb720e,6/25/2025,Potato,Early Blight,Seedling,Cold,Critical,Chlorothalonil (Bravo),Chemical,3.0 pts/acre,29,Success,Chlorothalonil (Bravo) used during Seedling stage under Cold conditions for Critical Early Blight. Outcome: Success. Recommended.
1f0b1387,10/20/2025,Potato,Late Blight,Harvest Ready,Rainy,Critical,Ridomil Gold,Chemical,3.0 pts/acre,58,Failure,Ridomil Gold used during Harvest Ready stage under Rainy conditions for Critical Late Blight. Outcome: Failure. unsafe due to PHI (5 days).
e829c3d1,12/26/2025,Tomato,Late Blight,Fruiting,Dry/Sunny,Moderate,Ridomil Gold,Chemical,2.0 pts/acre,57,Success,Ridomil Gold used during Fruiting stage under Dry/Sunny conditions for Moderate Late Blight. Outcome: Success. Recommended.
9ecc61c0,6/21/2025,Tomato,Late Blight,Flowering,Hot,Moderate,Propamocarb,Chemical,2.0 pts/acre,39,Success,Propamocarb used during Flowering stage under Hot conditions for Moderate Late Blight. Outcome: Success. Recommended.
48acd0ea,3/19/2025,Potato,Early Blight,Flowering,Dry/Sunny,High,Bacillus subtilis,Organic,3.0 pts/acre,28,Partial Control,Bacillus subtilis used during Flowering stage under Dry/Sunny conditions for High Early Blight. Outcome: Partial Control. Recommended.
d7e7296e,4/18/2025,Tomato,Bacterial Spot,Harvest Ready,Hot,Critical,Bacteriophages,Organic,3.0 pts/acre,49,Failure,Bacteriophages used during Harvest Ready stage under Hot conditions for Critical Bacterial Spot. Outcome: Failure. Recommended.
df00ad82,4/9/2025,Grape,Black Rot,Fruiting,Cold,Critical,Captan,Chemical,3.0 pts/acre,21,Success,Captan used during Fruiting stage under Cold conditions for Critical Black Rot. Outcome: Success. Recommended.
2e2316aa,12/11/2025,Grape,Black Rot,Vegetative,Humid,Moderate,Lime Sulfur,Organic,2.0 pts/acre,15,Partial Control,Lime Sulfur used during Vegetative stage under Humid conditions for Moderate Black Rot. Outcome: Partial Control. Recommended.
ef75198f,3/1/2025,Tomato,Early Blight,Fruiting,Hot,Critical,Azoxystrobin (Quadris),Chemical,3.0 pts/acre,43,Success,Azoxystrobin (Quadris) used during Fruiting stage under Hot conditions for Critical Early Blight. Outcome: Success. Recommended.
78ae0c93,1/21/2026,Potato,Late Blight,Harvest Ready,Cold,Moderate,Ridomil Gold,Chemical,2.0 pts/acre,58,Failure,Ridomil Gold used during Harvest Ready stage under Cold conditions for Moderate Late Blight. Outcome: Failure. unsafe due to PHI (5 days).
f6100b7c,1/14/2026,Apple,Cedar Apple Rust,Harvest Ready,Hot,Moderate,Propiconazole,Chemical,2.0 pts/acre,33,Failure,Propiconazole used during Harvest Ready stage under Hot conditions for Moderate Cedar Apple Rust. Outcome: Failure. unsafe due to PHI (14 days).
35d84ea0,4/2/2025,Tomato,Late Blight,Vegetative,Cold,Critical,Ridomil Gold,Chemical,3.0 pts/acre,58,Success,Ridomil Gold used during Vegetative stage under Cold conditions for Critical Late Blight. Outcome: Success. Recommended.
b3ca8253,11/5/2025,Grape,Leaf Blight,Vegetative,Dry/Sunny,Low,Mancozeb,Chemical,2.0 pts/acre,20,Success,Mancozeb used during Vegetative stage under Dry/Sunny conditions for Low Leaf Blight. Outcome: Success. Recommended.
3d986ab9,8/25/2025,Grape,Esca (Black Measles),Vegetative,Humid,Low,Trichoderma species,Organic,2.0 pts/acre,42,Partial Control,Trichoderma species used during Vegetative stage under Humid conditions for Low Esca (Black Measles). Outcome: Partial Control. Recommended.
abb9e394,2/18/2026,Grape,Black Rot,Vegetative,Hot,Critical,Thiophanate-methyl,Chemical,3.0 pts/acre,29,Success,Thiophanate-methyl used during Vegetative stage under Hot conditions for Critical Black Rot. Outcome: Success. Recommended.
7611604,6/6/2025,Grape,Esca (Black Measles),Seedling,Humid,Critical,Trichoderma species,Organic,3.0 pts/acre,42,Failure,Trichoderma species used during Seedling stage under Humid conditions for Critical Esca (Black Measles). Outcome: Failure. Recommended.
71dafd93,2/18/2026,Potato,Early Blight,Vegetative,Cold,Moderate,Azoxystrobin (Quadris),Chemical,2.0 pts/acre,48,Success,Azoxystrobin (Quadris) used during Vegetative stage under Cold conditions for Moderate Early Blight. Outcome: Success. Recommended.
6e2b0688,6/7/2025,Tomato,Early Blight,Seedling,Hot,Critical,Copper Hydroxide,Organic,3.0 pts/acre,12,Failure,Copper Hydroxide used during Seedling stage under Hot conditions for Critical Early Blight. Outcome: Failure. Recommended.
57720193,7/18/2025,Potato,Late Blight,Seedling,Rainy,High,Propamocarb,Chemical,3.0 pts/acre,42,Partial Control,Propamocarb used during Seedling stage under Rainy conditions for High Late Blight. Outcome: Partial Control. Recommended.
4572376,10/4/2025,Potato,Late Blight,Seedling,Rainy,Moderate,Propamocarb,Chemical,2.0 pts/acre,44,Partial Control,Propamocarb used during Seedling stage under Rainy conditions for Moderate Late Blight. Outcome: Partial Control. Recommended.
d4073ae1,4/21/2025,Tomato,Early Blight,Flowering,Humid,Critical,Bacillus subtilis,Organic,3.0 pts/acre,29,Failure,Bacillus subtilis used during Flowering stage under Humid conditions for Critical Early Blight. Outcome: Failure. Recommended.
860c5549,8/28/2025,Apple,Apple Scab,Harvest Ready,Hot,Moderate,Myclobutanil,Chemical,2.0 pts/acre,43,Failure,Myclobutanil used during Harvest Ready stage under Hot conditions for Moderate Apple Scab. Outcome: Failure. unsafe due to PHI (14 days).
30e52c0f,6/16/2025,Apple,Black Rot,Fruiting,Dry/Sunny,Low,Thiophanate-methyl,Chemical,2.0 pts/acre,28,Success,Thiophanate-methyl used during Fruiting stage under Dry/Sunny conditions for Low Black Rot. Outcome: Success. Recommended.
7a827412,12/12/2025,Apple,Black Rot,Harvest Ready,Hot,Critical,Thiophanate-methyl,Chemical,3.0 pts/acre,33,Success,Thiophanate-methyl used during Harvest Ready stage under Hot conditions for Critical Black Rot. Outcome: Success. Recommended.
e134bdb4,10/6/2025,Tomato,Bacterial Spot,Vegetative,Dry/Sunny,Critical,Bacteriophages,Organic,3.0 pts/acre,49,Failure,Bacteriophages used during Vegetative stage under Dry/Sunny conditions for Critical Bacterial Spot. Outcome: Failure. Recommended.
cd8b3217,4/22/2025,Apple,Apple Scab,Flowering,Humid,High,Myclobutanil,Chemical,3.0 pts/acre,39,Success,Myclobutanil used during Flowering stage under Humid conditions for High Apple Scab. Outcome: Success. Recommended.
393f2c29,10/10/2025,Grape,Black Rot,Seedling,Dry/Sunny,Moderate,Thiophanate-methyl,Chemical,2.0 pts/acre,30,Success,Thiophanate-methyl used during Seedling stage under Dry/Sunny conditions for Moderate Black Rot. Outcome: Success. Recommended.
f0708ace,5/1/2025,Grape,Esca (Black Measles),Seedling,Cold,High,Pruning & Sanitation,Mechanical,3.0 pts/acre,99,Partial Control,Pruning & Sanitation used during Seedling stage under Cold conditions for High Esca (Black Measles). Outcome: Partial Control. Recommended.
db133f8b,4/18/2025,Grape,Black Rot,Fruiting,Hot,Moderate,Lime Sulfur,Organic,2.0 pts/acre,17,Partial Control,Lime Sulfur used during Fruiting stage under Hot conditions for Moderate Black Rot. Outcome: Partial Control. Recommended.
f185c5b5,3/16/2025,Tomato,Bacterial Spot,Seedling,Rainy,High,Copper + Mancozeb,Chemical,3.0 pts/acre,20,Partial Control,Copper + Mancozeb used during Seedling stage under Rainy conditions for High Bacterial Spot. Outcome: Partial Control. Recommended.
93667607,5/3/2025,Tomato,Early Blight,Vegetative,Rainy,High,Mancozeb (Dithane),Chemical,3.0 pts/acre,15,Partial Control,Mancozeb (Dithane) used during Vegetative stage under Rainy conditions for High Early Blight. Outcome: Partial Control. Recommended.
17083d21,7/4/2025,Tomato,Early Blight,Vegetative,Hot,Low,Mancozeb (Dithane),Chemical,2.0 pts/acre,24,Success,Mancozeb (Dithane) used during Vegetative stage under Hot conditions for Low Early Blight. Outcome: Success. Recommended.
cbd33483,9/19/2025,Potato,Early Blight,Fruiting,Humid,Low,Bacillus subtilis,Organic,2.0 pts/acre,27,Partial Control,Bacillus subtilis used during Fruiting stage under Humid conditions for Low Early Blight. Outcome: Partial Control. Recommended.
91c7e551,3/11/2025,Apple,Cedar Apple Rust,Flowering,Hot,Moderate,Propiconazole,Chemical,2.0 pts/acre,27,Success,Propiconazole used during Flowering stage under Hot conditions for Moderate Cedar Apple Rust. Outcome: Success. Recommended.
4b52b97c,8/8/2025,Potato,Early Blight,Seedling,Rainy,High,Chlorothalonil (Bravo),Chemical,3.0 pts/acre,22,Partial Control,Chlorothalonil (Bravo) used during Seedling stage under Rainy conditions for High Early Blight. Outcome: Partial Control. Recommended.
8b94125a,10/5/2025,Potato,Early Blight,Flowering,Hot,Critical,Azoxystrobin (Quadris),Chemical,3.0 pts/acre,44,Success,Azoxystrobin (Quadris) used during Flowering stage under Hot conditions for Critical Early Blight. Outcome: Success. Recommended.
20eb0011,9/28/2025,Tomato,Bacterial Spot,Harvest Ready,Dry/Sunny,Critical,Copper + Mancozeb,Chemical,3.0 pts/acre,28,Failure,Copper + Mancozeb used during Harvest Ready stage under Dry/Sunny conditions for Critical Bacterial Spot. Outcome: Failure. unsafe due to PHI (5 days).
84ab85d4,7/11/2025,Grape,Black Rot,Fruiting,Dry/Sunny,High,Lime Sulfur,Organic,3.0 pts/acre,12,Failure,Lime Sulfur used during Fruiting stage under Dry/Sunny conditions for High Black Rot. Outcome: Failure. Recommended.
62d9c08f,6/8/2025,Apple,Black Rot,Vegetative,Dry/Sunny,High,Captan,Chemical,3.0 pts/acre,23,Partial Control,Captan used during Vegetative stage under Dry/Sunny conditions for High Black Rot. Outcome: Partial Control. Recommended.
f560eb9b,8/28/2025,Potato,Late Blight,Flowering,Humid,Low,Ridomil Gold,Chemical,2.0 pts/acre,59,Success,Ridomil Gold used during Flowering stage under Humid conditions for Low Late Blight. Outcome: Success. Recommended.
86f21f0c,10/10/2025,Grape,Esca (Black Measles),Harvest Ready,Rainy,Moderate,Trichoderma species,Organic,2.0 pts/acre,40,Failure,Trichoderma species used during Harvest Ready stage under Rainy conditions for Moderate Esca (Black Measles). Outcome: Failure. Recommended.
9524594,7/14/2025,Grape,Black Rot,Harvest Ready,Cold,Low,Captan,Chemical,2.0 pts/acre,23,Success,Captan used during Harvest Ready stage under Cold conditions for Low Black Rot. Outcome: Success. Recommended.
970474d9,8/17/2025,Tomato,Early Blight,Fruiting,Rainy,Moderate,Copper Hydroxide,Organic,2.0 pts/acre,17,Failure,Copper Hydroxide used during Fruiting stage under Rainy conditions for Moderate Early Blight. Outcome: Failure. Recommended.
a408a873,7/21/2025,Apple,Apple Scab,Fruiting,Rainy,Critical,Myclobutanil,Chemical,3.0 pts/acre,33,Success,Myclobutanil used during Fruiting stage under Rainy conditions for Critical Apple Scab. Outcome: Success. Recommended.
06205db3,1/16/2026,Potato,Early Blight,Fruiting,Rainy,High,Copper Hydroxide,Organic,3.0 pts/acre,20,Failure,Copper Hydroxide used during Fruiting stage under Rainy conditions for High Early Blight. Outcome: Failure. Recommended.
5170029d,5/13/2025,Apple,Cedar Apple Rust,Flowering,Rainy,Critical,Myclobutanil,Chemical,3.0 pts/acre,42,Success,Myclobutanil used during Flowering stage under Rainy conditions for Critical Cedar Apple Rust. Outcome: Success. Recommended.
7ed64e04,7/30/2025,Apple,Apple Scab,Vegetative,Dry/Sunny,Moderate,Sulfur,Organic,2.0 pts/acre,8,Partial Control,Sulfur used during Vegetative stage under Dry/Sunny conditions for Moderate Apple Scab. Outcome: Partial Control. Recommended.
c2f4b05b,8/27/2025,Grape,Black Rot,Harvest Ready,Cold,Moderate,Captan,Chemical,2.0 pts/acre,26,Success,Captan used during Harvest Ready stage under Cold conditions for Moderate Black Rot. Outcome: Success. Recommended.
36b7b905,12/14/2025,Grape,Leaf Blight,Harvest Ready,Rainy,Moderate,Copper Oxychloride,Chemical,2.0 pts/acre,22,Partial Control,Copper Oxychloride used during Harvest Ready stage under Rainy conditions for Moderate Leaf Blight. Outcome: Partial Control. Recommended.
fa37e61b,7/15/2025,Potato,Early Blight,Seedling,Rainy,Critical,Chlorothalonil (Bravo),Chemical,3.0 pts/acre,28,Partial Control,Chlorothalonil (Bravo) used during Seedling stage under Rainy conditions for Critical Early Blight. Outcome: Partial Control. Recommended.
5a807184,2/9/2026,Potato,Late Blight,Vegetative,Hot,Moderate,Ridomil Gold,Chemical,2.0 pts/acre,55,Success,Ridomil Gold used during Vegetative stage under Hot conditions for Moderate Late Blight. Outcome: Success. Recommended.
662875af,5/5/2025,Tomato,Late Blight,Vegetative,Hot,High,Fixed Copper,Organic,3.0 pts/acre,11,Partial Control,Fixed Copper used during Vegetative stage under Hot conditions for High Late Blight. Outcome: Partial Control. Recommended.
2df4c7b6,5/28/2025,Grape,Black Rot,Harvest Ready,Humid,High,Thiophanate-methyl,Chemical,3.0 pts/acre,31,Success,Thiophanate-methyl used during Harvest Ready stage under Humid conditions for High Black Rot. Outcome: Success. Recommended.
290f1270,10/25/2025,Tomato,Bacterial Spot,Fruiting,Dry/Sunny,Low,Copper + Mancozeb,Chemical,2.0 pts/acre,25,Success,Copper + Mancozeb used during Fruiting stage under Dry/Sunny conditions for Low Bacterial Spot. Outcome: Success. Recommended.
586509b0,1/27/2026,Grape,Esca (Black Measles),Harvest Ready,Hot,High,Trichoderma species,Organic,3.0 pts/acre,45,Failure,Trichoderma species used during Harvest Ready stage under Hot conditions for High Esca (Black Measles). Outcome: Failure. Recommended.
4.15E+69,10/17/2025,Tomato,Bacterial Spot,Harvest Ready,Dry/Sunny,High,Bacteriophages,Organic,3.0 pts/acre,51,Partial Control,Bacteriophages used during Harvest Ready stage under Dry/Sunny conditions for High Bacterial Spot. Outcome: Partial Control. Recommended.
9c15ef67,1/8/2026,Tomato,Bacterial Spot,Vegetative,Cold,High,Bacteriophages,Organic,3.0 pts/acre,52,Partial Control,Bacteriophages used during Vegetative stage under Cold conditions for High Bacterial Spot. Outcome: Partial Control. Recommended.
e48bc1cc,12/2/2025,Tomato,Early Blight,Seedling,Humid,High,Azoxystrobin (Quadris),Chemical,3.0 pts/acre,45,Success,Azoxystrobin (Quadris) used during Seedling stage under Humid conditions for High Early Blight. Outcome: Success. Recommended.
d8d22378,2/27/2025,Potato,Late Blight,Vegetative,Cold,High,Propamocarb,Chemical,3.0 pts/acre,35,Success,Propamocarb used during Vegetative stage under Cold conditions for High Late Blight. Outcome: Success. Recommended.
fa36d4be,9/3/2025,Tomato,Late Blight,Vegetative,Hot,Low,Propamocarb,Chemical,2.0 pts/acre,44,Success,Propamocarb used during Vegetative stage under Hot conditions for Low Late Blight. Outcome: Success. Recommended.
fd023c48,11/7/2025,Potato,Early Blight,Flowering,Cold,High,Bacillus subtilis,Organic,3.0 pts/acre,31,Partial Control,Bacillus subtilis used during Flowering stage under Cold conditions for High Early Blight. Outcome: Partial Control. Recommended.
8f4765c8,8/19/2025,Apple,Black Rot,Seedling,Cold,Low,Lime Sulfur,Organic,2.0 pts/acre,13,Partial Control,Lime Sulfur used during Seedling stage under Cold conditions for Low Black Rot. Outcome: Partial Control. Recommended.
d5d0fb58,9/11/2025,Potato,Early Blight,Seedling,Rainy,Low,Bacillus subtilis,Organic,2.0 pts/acre,29,Failure,Bacillus subtilis used during Seedling stage under Rainy conditions for Low Early Blight. Outcome: Failure. Recommended.
1b158b36,11/30/2025,Grape,Black Rot,Harvest Ready,Rainy,Critical,Thiophanate-methyl,Chemical,3.0 pts/acre,37,Partial Control,Thiophanate-methyl used during Harvest Ready stage under Rainy conditions for Critical Black Rot. Outcome: Partial Control. Recommended.
5488a239,4/16/2025,Grape,Esca (Black Measles),Flowering,Dry/Sunny,Moderate,Pruning & Sanitation,Mechanical,2.0 pts/acre,96,Partial Control,Pruning & Sanitation used during Flowering stage under Dry/Sunny conditions for Moderate Esca (Black Measles). Outcome: Partial Control. Recommended.
7b742587,7/13/2025,Tomato,Bacterial Spot,Flowering,Humid,Critical,Copper + Mancozeb,Chemical,3.0 pts/acre,22,Success,Copper + Mancozeb used during Flowering stage under Humid conditions for Critical Bacterial Spot. Outcome: Success. Recommended.
2388049c,11/20/2025,Apple,Black Rot,Seedling,Rainy,Moderate,Captan,Chemical,2.0 pts/acre,17,Partial Control,Captan used during Seedling stage under Rainy conditions for Moderate Black Rot. Outcome: Partial Control. Recommended.
1497969c,4/17/2025,Grape,Esca (Black Measles),Flowering,Humid,Moderate,Pruning & Sanitation,Mechanical,2.0 pts/acre,98,Partial Control,Pruning & Sanitation used during Flowering stage under Humid conditions for Moderate Esca (Black Measles). Outcome: Partial Control. Recommended.
2a33cd50,4/28/2025,Apple,Black Rot,Fruiting,Cold,Moderate,Captan,Chemical,2.0 pts/acre,21,Success,Captan used during Fruiting stage under Cold conditions for Moderate Black Rot. Outcome: Success. Recommended.
38578353,11/24/2025,Tomato,Bacterial Spot,Flowering,Cold,Critical,Copper + Mancozeb,Chemical,3.0 pts/acre,24,Success,Copper + Mancozeb used during Flowering stage under Cold conditions for Critical Bacterial Spot. Outcome: Success. Recommended.
0867c482,5/4/2025,Tomato,Early Blight,Fruiting,Dry/Sunny,Moderate,Azoxystrobin (Quadris),Chemical,2.0 pts/acre,44,Success,Azoxystrobin (Quadris) used during Fruiting stage under Dry/Sunny conditions for Moderate Early Blight. Outcome: Success. Recommended.
40e73654,12/14/2025,Grape,Leaf Blight,Flowering,Cold,High,Copper Oxychloride,Chemical,3.0 pts/acre,20,Partial Control,Copper Oxychloride used during Flowering stage under Cold conditions for High Leaf Blight. Outcome: Partial Control. Recommended.
ce3d618d,7/11/2025,Tomato,Late Blight,Vegetative,Humid,Low,Propamocarb,Chemical,2.0 pts/acre,40,Success,Propamocarb used during Vegetative stage under Humid conditions for Low Late Blight. Outcome: Success. Recommended.
90c246c2,11/7/2025,Apple,Apple Scab,Fruiting,Rainy,Critical,Sulfur,Organic,3.0 pts/acre,5,Failure,Sulfur used during Fruiting stage under Rainy conditions for Critical Apple Scab. Outcome: Failure. Recommended.
363e5d59,5/29/2025,Tomato,Bacterial Spot,Harvest Ready,Humid,High,Copper + Mancozeb,Chemical,3.0 pts/acre,25,Failure,Copper + Mancozeb used during Harvest Ready stage under Humid conditions for High Bacterial Spot. Outcome: Failure. unsafe due to PHI (5 days).
5128c8cb,2/6/2026,Tomato,Late Blight,Flowering,Humid,Critical,Fixed Copper,Organic,3.0 pts/acre,13,Failure,Fixed Copper used during Flowering stage under Humid conditions for Critical Late Blight. Outcome: Failure. Recommended.
bf071876,3/28/2025,Grape,Esca (Black Measles),Vegetative,Rainy,Low,Trichoderma species,Organic,2.0 pts/acre,38,Failure,Trichoderma species used during Vegetative stage under Rainy conditions for Low Esca (Black Measles). Outcome: Failure. Recommended.
00fff727,9/15/2025,Tomato,Bacterial Spot,Fruiting,Cold,Critical,Bacteriophages,Organic,3.0 pts/acre,46,Failure,Bacteriophages used during Fruiting stage under Cold conditions for Critical Bacterial Spot. Outcome: Failure. Recommended.
25f4e638,9/6/2025,Grape,Esca (Black Measles),Seedling,Hot,High,Trichoderma species,Organic,3.0 pts/acre,45,Failure,Trichoderma species used during Seedling stage under Hot conditions for High Esca (Black Measles). Outcome: Failure. Recommended.
91649fc5,1/19/2026,Potato,Late Blight,Flowering,Cold,Low,Fixed Copper,Organic,2.0 pts/acre,14,Partial Control,Fixed Copper used during Flowering stage under Cold conditions for Low Late Blight. Outcome: Partial Control. Recommended.
ef52c5ca,7/15/2025,Grape,Leaf Blight,Fruiting,Humid,Low,Mancozeb,Chemical,2.0 pts/acre,16,Success,Mancozeb used during Fruiting stage under Humid conditions for Low Leaf Blight. Outcome: Success. Recommended.
6.21E+259,4/9/2025,Potato,Late Blight,Seedling,Hot,Moderate,Fixed Copper,Organic,2.0 pts/acre,16,Partial Control,Fixed Copper used during Seedling stage under Hot conditions for Moderate Late Blight. Outcome: Partial Control. Recommended.
652934db,3/8/2025,Apple,Cedar Apple Rust,Fruiting,Dry/Sunny,Critical,Propiconazole,Chemical,3.0 pts/acre,34,Success,Propiconazole used during Fruiting stage under Dry/Sunny conditions for Critical Cedar Apple Rust. Outcome: Success. Recommended.
1b214f37,3/5/2025,Tomato,Bacterial Spot,Harvest Ready,Cold,Low,Copper + Mancozeb,Chemical,2.0 pts/acre,26,Failure,Copper + Mancozeb used during Harvest Ready stage under Cold conditions for Low Bacterial Spot. Outcome: Failure. unsafe due to PHI (5 days).
9c45bd55,2/10/2026,Tomato,Late Blight,Harvest Ready,Humid,Critical,Fixed Copper,Organic,3.0 pts/acre,19,Failure,Fixed Copper used during Harvest Ready stage under Humid conditions for Critical Late Blight. Outcome: Failure. Recommended.
1d016335,7/22/2025,Potato,Early Blight,Harvest Ready,Hot,Critical,Copper Hydroxide,Organic,3.0 pts/acre,16,Failure,Copper Hydroxide used during Harvest Ready stage under Hot conditions for Critical Early Blight. Outcome: Failure. Recommended.
2129c3cf,2/23/2025,Grape,Black Rot,Flowering,Hot,Moderate,Lime Sulfur,Organic,2.0 pts/acre,13,Partial Control,Lime Sulfur used during Flowering stage under Hot conditions for Moderate Black Rot. Outcome: Partial Control. Recommended.
2d72f6d0,7/5/2025,Grape,Esca (Black Measles),Seedling,Rainy,High,Pruning & Sanitation,Mechanical,3.0 pts/acre,105,Partial Control,Pruning & Sanitation used during Seedling stage under Rainy conditions for High Esca (Black Measles). Outcome: Partial Control. Recommended.
e31849a1,11/2/2025,Tomato,Early Blight,Flowering,Cold,Critical,Mancozeb (Dithane),Chemical,3.0 pts/acre,16,Success,Mancozeb (Dithane) used during Flowering stage under Cold conditions for Critical Early Blight. Outcome: Success. Recommended.
57edbf85,10/16/2025,Potato,Early Blight,Vegetative,Hot,Low,Copper Hydroxide,Organic,2.0 pts/acre,15,Partial Control,Copper Hydroxide used during Vegetative stage under Hot conditions for Low Early Blight. Outcome: Partial Control. Recommended.
9ffea179,8/10/2025,Apple,Black Rot,Flowering,Hot,Moderate,Thiophanate-methyl,Chemical,2.0 pts/acre,28,Success,Thiophanate-methyl used during Flowering stage under Hot conditions for Moderate Black Rot. Outcome: Success. Recommended.
1fda8c33,6/13/2025,Grape,Black Rot,Flowering,Hot,Critical,Captan,Chemical,3.0 pts/acre,25,Success,Captan used during Flowering stage under Hot conditions for Critical Black Rot. Outcome: Success. Recommended.
8b852564,9/27/2025,Apple,Black Rot,Seedling,Cold,Critical,Lime Sulfur,Organic,3.0 pts/acre,7,Failure,Lime Sulfur used during Seedling stage under Cold conditions for Critical Black Rot. Outcome: Failure. Recommended.
57a8c43d,6/1/2025,Potato,Late Blight,Flowering,Rainy,Low,Propamocarb,Chemical,2.0 pts/acre,40,Partial Control,Propamocarb used during Flowering stage under Rainy conditions for Low Late Blight. Outcome: Partial Control. Recommended.
96ee01a6,8/1/2025,Tomato,Late Blight,Flowering,Hot,Critical,Propamocarb,Chemical,3.0 pts/acre,42,Success,Propamocarb used during Flowering stage under Hot conditions for Critical Late Blight. Outcome: Success. Recommended.
cda3842a,1/23/2026,Potato,Early Blight,Fruiting,Cold,High,Bacillus subtilis,Organic,3.0 pts/acre,35,Partial Control,Bacillus subtilis used during Fruiting stage under Cold conditions for High Early Blight. Outcome: Partial Control. Recommended.
82eb28e0,7/28/2025,Grape,Esca (Black Measles),Seedling,Cold,Moderate,Trichoderma species,Organic,2.0 pts/acre,40,Partial Control,Trichoderma species used during Seedling stage under Cold conditions for Moderate Esca (Black Measles). Outcome: Partial Control. Recommended.
257891a1,12/6/2025,Apple,Cedar Apple Rust,Seedling,Rainy,Critical,Myclobutanil,Chemical,3.0 pts/acre,36,Success,Myclobutanil used during Seedling stage under Rainy conditions for Critical Cedar Apple Rust. Outcome: Success. Recommended.
d38653d2,9/13/2025,Grape,Black Rot,Fruiting,Dry/Sunny,Low,Lime Sulfur,Organic,2.0 pts/acre,10,Partial Control,Lime Sulfur used during Fruiting stage under Dry/Sunny conditions for Low Black Rot. Outcome: Partial Control. Recommended.
6ad046b0,4/3/2025,Tomato,Bacterial Spot,Seedling,Cold,High,Bacteriophages,Organic,3.0 pts/acre,50,Partial Control,Bacteriophages used during Seedling stage under Cold conditions for High Bacterial Spot. Outcome: Partial Control. Recommended.
427c1c54,12/16/2025,Grape,Leaf Blight,Fruiting,Rainy,High,Mancozeb,Chemical,3.0 pts/acre,22,Partial Control,Mancozeb used during Fruiting stage under Rainy conditions for High Leaf Blight. Outcome: Partial Control. Recommended.
cab737c6,6/9/2025,Potato,Early Blight,Fruiting,Dry/Sunny,Critical,Bacillus subtilis,Organic,3.0 pts/acre,26,Failure,Bacillus subtilis used during Fruiting stage under Dry/Sunny conditions for Critical Early Blight. Outcome: Failure. Recommended.
3afe163c,12/30/2025,Tomato,Early Blight,Seedling,Rainy,Critical,Bacillus subtilis,Organic,3.0 pts/acre,28,Failure,Bacillus subtilis used during Seedling stage under Rainy conditions for Critical Early Blight. Outcome: Failure. Recommended.
61f6643a,10/12/2025,Potato,Early Blight,Vegetative,Rainy,High,Azoxystrobin (Quadris),Chemical,3.0 pts/acre,44,Partial Control,Azoxystrobin (Quadris) used during Vegetative stage under Rainy conditions for High Early Blight. Outcome: Partial Control. Recommended.
c504d893,12/7/2025,Tomato,Early Blight,Flowering,Humid,Low,Mancozeb (Dithane),Chemical,2.0 pts/acre,18,Success,Mancozeb (Dithane) used during Flowering stage under Humid conditions for Low Early Blight. Outcome: Success. Recommended.
920338ac,2/2/2026,Tomato,Bacterial Spot,Flowering,Cold,Low,Agri-Mycin,Chemical,2.0 pts/acre,36,Partial Control,Agri-Mycin used during Flowering stage under Cold conditions for Low Bacterial Spot. Outcome: Partial Control. Recommended.
61c7f2a7,9/22/2025,Apple,Cedar Apple Rust,Seedling,Cold,High,Myclobutanil,Chemical,3.0 pts/acre,35,Success,Myclobutanil used during Seedling stage under Cold conditions for High Cedar Apple Rust. Outcome: Success. Recommended.
913bface,1/8/2026,Grape,Esca (Black Measles),Harvest Ready,Cold,Low,Trichoderma species,Organic,2.0 pts/acre,42,Partial Control,Trichoderma species used during Harvest Ready stage under Cold conditions for Low Esca (Black Measles). Outcome: Partial Control. Recommended.
e280fac8,10/11/2025,Grape,Esca (Black Measles),Seedling,Humid,High,Pruning & Sanitation,Mechanical,3.0 pts/acre,102,Partial Control,Pruning & Sanitation used during Seedling stage under Humid conditions for High Esca (Black Measles). Outcome: Partial Control. Recommended.
0715c16c,7/2/2025,Potato,Late Blight,Vegetative,Dry/Sunny,High,Propamocarb,Chemical,3.0 pts/acre,45,Success,Propamocarb used during Vegetative stage under Dry/Sunny conditions for High Late Blight. Outcome: Success. Recommended.
6df3b6ad,9/24/2025,Apple,Cedar Apple Rust,Flowering,Rainy,High,Propiconazole,Chemical,3.0 pts/acre,31,Partial Control,Propiconazole used during Flowering stage under Rainy conditions for High Cedar Apple Rust. Outcome: Partial Control. Recommended.
425f4df0,8/2/2025,Grape,Black Rot,Flowering,Rainy,High,Thiophanate-methyl,Chemical,3.0 pts/acre,32,Partial Control,Thiophanate-methyl used during Flowering stage under Rainy conditions for High Black Rot. Outcome: Partial Control. Recommended.
04c2dfcf,11/10/2025,Apple,Cedar Apple Rust,Flowering,Rainy,Moderate,Myclobutanil,Chemical,2.0 pts/acre,40,Success,Myclobutanil used during Flowering stage under Rainy conditions for Moderate Cedar Apple Rust. Outcome: Success. Recommended.
f60658c4,4/24/2025,Tomato,Early Blight,Seedling,Cold,Critical,Mancozeb (Dithane),Chemical,3.0 pts/acre,20,Success,Mancozeb (Dithane) used during Seedling stage under Cold conditions for Critical Early Blight. Outcome: Success. Recommended.
82c150bc,9/21/2025,Grape,Leaf Blight,Flowering,Hot,Moderate,Copper Oxychloride,Chemical,2.0 pts/acre,15,Partial Control,Copper Oxychloride used during Flowering stage under Hot conditions for Moderate Leaf Blight. Outcome: Partial Control. Recommended.
18615ae9,9/24/2025,Apple,Black Rot,Vegetative,Humid,Critical,Captan,Chemical,3.0 pts/acre,23,Success,Captan used during Vegetative stage under Humid conditions for Critical Black Rot. Outcome: Success. Recommended.
635290b2,3/5/2025,Potato,Early Blight,Vegetative,Cold,High,Bacillus subtilis,Organic,3.0 pts/acre,35,Partial Control,Bacillus subtilis used during Vegetative stage under Cold conditions for High Early Blight. Outcome: Partial Control. Recommended.
57d8bc71,7/18/2025,Tomato,Bacterial Spot,Flowering,Hot,High,Agri-Mycin,Chemical,3.0 pts/acre,40,Partial Control,Agri-Mycin used during Flowering stage under Hot conditions for High Bacterial Spot. Outcome: Partial Control. Recommended.
6b3ab690,11/17/2025,Apple,Cedar Apple Rust,Vegetative,Hot,Critical,Myclobutanil,Chemical,3.0 pts/acre,33,Success,Myclobutanil used during Vegetative stage under Hot conditions for Critical Cedar Apple Rust. Outcome: Success. Recommended.
105d998b,7/2/2025,Apple,Cedar Apple Rust,Seedling,Rainy,Low,Propiconazole,Chemical,2.0 pts/acre,31,Success,Propiconazole used during Seedling stage under Rainy conditions for Low Cedar Apple Rust. Outcome: Success. Recommended.
ade32f4f,8/25/2025,Potato,Late Blight,Harvest Ready,Hot,Moderate,Ridomil Gold,Chemical,2.0 pts/acre,59,Failure,Ridomil Gold used during Harvest Ready stage under Hot conditions for Moderate Late Blight. Outcome: Failure. unsafe due to PHI (5 days).
bb0cddc4,1/24/2026,Apple,Cedar Apple Rust,Vegetative,Dry/Sunny,High,Myclobutanil,Chemical,3.0 pts/acre,37,Success,Myclobutanil used during Vegetative stage under Dry/Sunny conditions for High Cedar Apple Rust. Outcome: Success. Recommended.
0f8ca5aa,9/23/2025,Potato,Early Blight,Seedling,Dry/Sunny,Critical,Chlorothalonil (Bravo),Chemical,3.0 pts/acre,26,Success,Chlorothalonil (Bravo) used during Seedling stage under Dry/Sunny conditions for Critical Early Blight. Outcome: Success. Recommended.
d93fc795,4/2/2025,Tomato,Early Blight,Fruiting,Rainy,High,Mancozeb (Dithane),Chemical,3.0 pts/acre,16,Partial Control,Mancozeb (Dithane) used during Fruiting stage under Rainy conditions for High Early Blight. Outcome: Partial Control. Recommended.
35ec485b,4/20/2025,Grape,Black Rot,Flowering,Hot,Moderate,Captan,Chemical,2.0 pts/acre,19,Success,Captan used during Flowering stage under Hot conditions for Moderate Black Rot. Outcome: Success. Recommended.
dacbfe68,2/3/2026,Apple,Black Rot,Harvest Ready,Cold,Moderate,Thiophanate-methyl,Chemical,2.0 pts/acre,37,Success,Thiophanate-methyl used during Harvest Ready stage under Cold conditions for Moderate Black Rot. Outcome: Success. Recommended.
a6e2a74b,3/21/2025,Tomato,Early Blight,Fruiting,Cold,Low,Azoxystrobin (Quadris),Chemical,2.0 pts/acre,47,Success,Azoxystrobin (Quadris) used during Fruiting stage under Cold conditions for Low Early Blight. Outcome: Success. Recommended.
87f6674a,8/25/2025,Grape,Leaf Blight,Flowering,Humid,Moderate,Copper Oxychloride,Chemical,2.0 pts/acre,15,Partial Control,Copper Oxychloride used during Flowering stage under Humid conditions for Moderate Leaf Blight. Outcome: Partial Control. Recommended.
1b15d05d,8/17/2025,Apple,Cedar Apple Rust,Seedling,Cold,High,Propiconazole,Chemical,3.0 pts/acre,29,Success,Propiconazole used during Seedling stage under Cold conditions for High Cedar Apple Rust. Outcome: Success. Recommended.
6e1ec801,6/18/2025,Grape,Esca (Black Measles),Fruiting,Humid,Moderate,Pruning & Sanitation,Mechanical,2.0 pts/acre,101,Partial Control,Pruning & Sanitation used during Fruiting stage under Humid conditions for Moderate Esca (Black Measles). Outcome: Partial Control. Recommended.
7833d5ad,3/30/2025,Grape,Esca (Black Measles),Harvest Ready,Rainy,High,Pruning & Sanitation,Mechanical,3.0 pts/acre,99,Partial Control,Pruning & Sanitation used during Harvest Ready stage under Rainy conditions for High Esca (Black Measles). Outcome: Partial Control. Recommended.
b6e139cd,5/2/2025,Apple,Cedar Apple Rust,Seedling,Cold,Low,Propiconazole,Chemical,2.0 pts/acre,35,Success,Propiconazole used during Seedling stage under Cold conditions for Low Cedar Apple Rust. Outcome: Success. Recommended.
68f40966,10/12/2025,Apple,Black Rot,Vegetative,Dry/Sunny,Low,Captan,Chemical,2.0 pts/acre,24,Success,Captan used during Vegetative stage under Dry/Sunny conditions for Low Black Rot. Outcome: Success. Recommended.
780d44e2,1/4/2026,Potato,Late Blight,Vegetative,Rainy,Low,Propamocarb,Chemical,2.0 pts/acre,43,Partial Control,Propamocarb used during Vegetative stage under Rainy conditions for Low Late Blight. Outcome: Partial Control. Recommended.
066b8df1,10/13/2025,Grape,Black Rot,Flowering,Cold,Low,Captan,Chemical,2.0 pts/acre,19,Success,Captan used during Flowering stage under Cold conditions for Low Black Rot. Outcome: Success. Recommended.
49e5da4b,3/29/2025,Grape,Black Rot,Vegetative,Hot,Critical,Captan,Chemical,3.0 pts/acre,26,Success,Captan used during Vegetative stage under Hot conditions for Critical Black Rot. Outcome: Success. Recommended.
92a8ba6d,7/14/2025,Grape,Esca (Black Measles),Seedling,Dry/Sunny,Moderate,Trichoderma species,Organic,2.0 pts/acre,35,Partial Control,Trichoderma species used during Seedling stage under Dry/Sunny conditions for Moderate Esca (Black Measles). Outcome: Partial Control. Recommended.
4ee5bd28,4/26/2025,Grape,Leaf Blight,Harvest Ready,Humid,High,Copper Oxychloride,Chemical,3.0 pts/acre,16,Partial Control,Copper Oxychloride used during Harvest Ready stage under Humid conditions for High Leaf Blight. Outcome: Partial Control. Recommended.
494f06ba,10/6/2025,Tomato,Bacterial Spot,Harvest Ready,Dry/Sunny,Critical,Bacteriophages,Organic,3.0 pts/acre,54,Failure,Bacteriophages used during Harvest Ready stage under Dry/Sunny conditions for Critical Bacterial Spot. Outcome: Failure. Recommended.
2ab72764,4/19/2025,Grape,Leaf Blight,Seedling,Cold,Critical,Mancozeb,Chemical,3.0 pts/acre,25,Success,Mancozeb used during Seedling stage under Cold conditions for Critical Leaf Blight. Outcome: Success. Recommended.
0002bec1,1/1/2026,Apple,Black Rot,Seedling,Humid,High,Thiophanate-methyl,Chemical,3.0 pts/acre,33,Success,Thiophanate-methyl used during Seedling stage under Humid conditions for High Black Rot. Outcome: Success. Recommended.
68a203d0,9/10/2025,Potato,Late Blight,Fruiting,Dry/Sunny,Low,Fixed Copper,Organic,2.0 pts/acre,20,Partial Control,Fixed Copper used during Fruiting stage under Dry/Sunny conditions for Low Late Blight. Outcome: Partial Control. Recommended.
923e97c1,5/25/2025,Tomato,Bacterial Spot,Flowering,Humid,Critical,Agri-Mycin,Chemical,3.0 pts/acre,36,Partial Control,Agri-Mycin used during Flowering stage under Humid conditions for Critical Bacterial Spot. Outcome: Partial Control. Recommended.
57ddaaa7,8/14/2025,Tomato,Late Blight,Vegetative,Humid,Low,Propamocarb,Chemical,2.0 pts/acre,38,Success,Propamocarb used during Vegetative stage under Humid conditions for Low Late Blight. Outcome: Success. Recommended.
0851d200,12/3/2025,Tomato,Late Blight,Vegetative,Hot,High,Fixed Copper,Organic,3.0 pts/acre,14,Partial Control,Fixed Copper used during Vegetative stage under Hot conditions for High Late Blight. Outcome: Partial Control. Recommended.
b914befc,4/22/2025,Grape,Leaf Blight,Fruiting,Cold,Critical,Mancozeb,Chemical,3.0 pts/acre,16,Success,Mancozeb used during Fruiting stage under Cold conditions for Critical Leaf Blight. Outcome: Success. Recommended.
e4d8c1ac,8/10/2025,Potato,Late Blight,Fruiting,Hot,Low,Fixed Copper,Organic,2.0 pts/acre,19,Partial Control,Fixed Copper used during Fruiting stage under Hot conditions for Low Late Blight. Outcome: Partial Control. Recommended.
9d781a53,4/29/2025,Potato,Late Blight,Vegetative,Rainy,Moderate,Ridomil Gold,Chemical,2.0 pts/acre,55,Success,Ridomil Gold used during Vegetative stage under Rainy conditions for Moderate Late Blight. Outcome: Success. Recommended.
5b849c3d,5/11/2025,Potato,Late Blight,Flowering,Cold,Critical,Ridomil Gold,Chemical,3.0 pts/acre,59,Success,Ridomil Gold used during Flowering stage under Cold conditions for Critical Late Blight. Outcome: Success. Recommended.
a4b5fc85,1/26/2026,Apple,Cedar Apple Rust,Vegetative,Humid,Low,Propiconazole,Chemical,2.0 pts/acre,32,Success,Propiconazole used during Vegetative stage under Humid conditions for Low Cedar Apple Rust. Outcome: Success. Recommended.
90d66cee,12/7/2025,Grape,Leaf Blight,Seedling,Humid,Critical,Copper Oxychloride,Chemical,3.0 pts/acre,23,Partial Control,Copper Oxychloride used during Seedling stage under Humid conditions for Critical Leaf Blight. Outcome: Partial Control. Recommended.
b7e7ba77,2/25/2025,Tomato,Early Blight,Seedling,Dry/Sunny,High,Mancozeb (Dithane),Chemical,3.0 pts/acre,20,Partial Control,Mancozeb (Dithane) used during Seedling stage under Dry/Sunny conditions for High Early Blight. Outcome: Partial Control. Recommended.
232c8cac,6/15/2025,Grape,Esca (Black Measles),Fruiting,Cold,Moderate,Trichoderma species,Organic,2.0 pts/acre,37,Partial Control,Trichoderma species used during Fruiting stage under Cold conditions for Moderate Esca (Black Measles). Outcome: Partial Control. Recommended.
a9b1d1b7,4/16/2025,Apple,Cedar Apple Rust,Harvest Ready,Humid,Critical,Myclobutanil,Chemical,3.0 pts/acre,38,Failure,Myclobutanil used during Harvest Ready stage under Humid conditions for Critical Cedar Apple Rust. Outcome: Failure. unsafe due to PHI (14 days).
5a0df5f6,4/14/2025,Potato,Late Blight,Fruiting,Hot,Moderate,Ridomil Gold,Chemical,2.0 pts/acre,53,Success,Ridomil Gold used during Fruiting stage under Hot conditions for Moderate Late Blight. Outcome: Success. Recommended.
16e4dda9,3/26/2025,Apple,Black Rot,Vegetative,Cold,High,Lime Sulfur,Organic,3.0 pts/acre,9,Failure,Lime Sulfur used during Vegetative stage under Cold conditions for High Black Rot. Outcome: Failure. Recommended.
0f195269,11/13/2025,Grape,Esca (Black Measles),Seedling,Humid,Low,Trichoderma species,Organic,2.0 pts/acre,36,Partial Control,Trichoderma species used during Seedling stage under Humid conditions for Low Esca (Black Measles). Outcome: Partial Control. Recommended.
4c2c9639,1/4/2026,Grape,Leaf Blight,Seedling,Dry/Sunny,Low,Mancozeb,Chemical,2.0 pts/acre,22,Success,Mancozeb used during Seedling stage under Dry/Sunny conditions for Low Leaf Blight. Outcome: Success. Recommended.
74043046,7/15/2025,Grape,Esca (Black Measles),Flowering,Hot,Moderate,Pruning & Sanitation,Mechanical,2.0 pts/acre,96,Partial Control,Pruning & Sanitation used during Flowering stage under Hot conditions for Moderate Esca (Black Measles). Outcome: Partial Control. Recommended.
22a3bec1,9/5/2025,Grape,Leaf Blight,Seedling,Rainy,Moderate,Mancozeb,Chemical,2.0 pts/acre,20,Partial Control,Mancozeb used during Seedling stage under Rainy conditions for Moderate Leaf Blight. Outcome: Partial Control. Recommended.
4e5796c1,8/28/2025,Apple,Black Rot,Fruiting,Rainy,High,Thiophanate-methyl,Chemical,3.0 pts/acre,29,Partial Control,Thiophanate-methyl used during Fruiting stage under Rainy conditions for High Black Rot. Outcome: Partial Control. Recommended.
11b31ddd,3/16/2025,Tomato,Bacterial Spot,Harvest Ready,Dry/Sunny,Critical,Agri-Mycin,Chemical,3.0 pts/acre,34,Partial Control,Agri-Mycin used during Harvest Ready stage under Dry/Sunny conditions for Critical Bacterial Spot. Outcome: Partial Control. Recommended.
bb605f07,12/30/2025,Tomato,Late Blight,Flowering,Humid,Moderate,Fixed Copper,Organic,2.0 pts/acre,11,Partial Control,Fixed Copper used during Flowering stage under Humid conditions for Moderate Late Blight. Outcome: Partial Control. Recommended.
14147c11,8/9/2025,Tomato,Bacterial Spot,Flowering,Hot,High,Agri-Mycin,Chemical,3.0 pts/acre,33,Partial Control,Agri-Mycin used during Flowering stage under Hot conditions for High Bacterial Spot. Outcome: Partial Control. Recommended.
ab66dd42,7/25/2025,Apple,Black Rot,Flowering,Dry/Sunny,High,Lime Sulfur,Organic,3.0 pts/acre,11,Failure,Lime Sulfur used during Flowering stage under Dry/Sunny conditions for High Black Rot. Outcome: Failure. Recommended.
89afc7db,2/1/2026,Potato,Late Blight,Seedling,Humid,Moderate,Ridomil Gold,Chemical,2.0 pts/acre,60,Success,Ridomil Gold used during Seedling stage under Humid conditions for Moderate Late Blight. Outcome: Success. Recommended.
084ad2ef,9/29/2025,Grape,Black Rot,Fruiting,Humid,High,Captan,Chemical,3.0 pts/acre,20,Partial Control,Captan used during Fruiting stage under Humid conditions for High Black Rot. Outcome: Partial Control. Recommended.
60a83dc5,4/2/2025,Tomato,Late Blight,Fruiting,Rainy,Moderate,Ridomil Gold,Chemical,2.0 pts/acre,53,Success,Ridomil Gold used during Fruiting stage under Rainy conditions for Moderate Late Blight. Outcome: Success. Recommended.
e3dc33e6,8/31/2025,Grape,Esca (Black Measles),Vegetative,Hot,Low,Pruning & Sanitation,Mechanical,2.0 pts/acre,102,Partial Control,Pruning & Sanitation used during Vegetative stage under Hot conditions for Low Esca (Black Measles). Outcome: Partial Control. Recommended.
471ba537,9/13/2025,Tomato,Early Blight,Vegetative,Rainy,Moderate,Azoxystrobin (Quadris),Chemical,2.0 pts/acre,49,Success,Azoxystrobin (Quadris) used during Vegetative stage under Rainy conditions for Moderate Early Blight. Outcome: Success. Recommended.
5fbe019c,1/31/2026,Potato,Late Blight,Seedling,Hot,High,Propamocarb,Chemical,3.0 pts/acre,44,Success,Propamocarb used during Seedling stage under Hot conditions for High Late Blight. Outcome: Success. Recommended.
ae95d68c,8/26/2025,Potato,Late Blight,Fruiting,Rainy,Critical,Propamocarb,Chemical,3.0 pts/acre,36,Partial Control,Propamocarb used during Fruiting stage under Rainy conditions for Critical Late Blight. Outcome: Partial Control. Recommended.
4aa743e5,9/22/2025,Potato,Late Blight,Harvest Ready,Hot,Critical,Propamocarb,Chemical,3.0 pts/acre,35,Failure,Propamocarb used during Harvest Ready stage under Hot conditions for Critical Late Blight. Outcome: Failure. unsafe due to PHI (5 days).
dabcaee9,4/17/2025,Grape,Black Rot,Seedling,Dry/Sunny,High,Lime Sulfur,Organic,3.0 pts/acre,12,Failure,Lime Sulfur used during Seedling stage under Dry/Sunny conditions for High Black Rot. Outcome: Failure. Recommended.
5b8fb943,4/27/2025,Grape,Leaf Blight,Harvest Ready,Humid,Low,Mancozeb,Chemical,2.0 pts/acre,16,Failure,Mancozeb used during Harvest Ready stage under Humid conditions for Low Leaf Blight. Outcome: Failure. unsafe due to PHI (66 days).
a534af4b,2/13/2026,Potato,Early Blight,Flowering,Humid,Low,Chlorothalonil (Bravo),Chemical,2.0 pts/acre,21,Success,Chlorothalonil (Bravo) used during Flowering stage under Humid conditions for Low Early Blight. Outcome: Success. Recommended.
31455c49,9/8/2025,Tomato,Early Blight,Fruiting,Hot,Low,Chlorothalonil (Bravo),Chemical,2.0 pts/acre,23,Success,Chlorothalonil (Bravo) used during Fruiting stage under Hot conditions for Low Early Blight. Outcome: Success. Recommended.
9551630,4/12/2025,Tomato,Late Blight,Seedling,Cold,Moderate,Ridomil Gold,Chemical,2.0 pts/acre,55,Success,Ridomil Gold used during Seedling stage under Cold conditions for Moderate Late Blight. Outcome: Success. Recommended.
30324d63,1/2/2026,Tomato,Early Blight,Vegetative,Humid,Moderate,Azoxystrobin (Quadris),Chemical,2.0 pts/acre,47,Success,Azoxystrobin (Quadris) used during Vegetative stage under Humid conditions for Moderate Early Blight. Outcome: Success. Recommended.
beaa734c,3/8/2025,Grape,Black Rot,Harvest Ready,Humid,Moderate,Captan,Chemical,2.0 pts/acre,22,Success,Captan used during Harvest Ready stage under Humid conditions for Moderate Black Rot. Outcome: Success. Recommended.
55564eb8,3/25/2025,Apple,Black Rot,Seedling,Hot,Low,Thiophanate-methyl,Chemical,2.0 pts/acre,32,Success,Thiophanate-methyl used during Seedling stage under Hot conditions for Low Black Rot. Outcome: Success. Recommended.
b0be8089,11/19/2025,Tomato,Late Blight,Harvest Ready,Rainy,Moderate,Propamocarb,Chemical,2.0 pts/acre,45,Failure,Propamocarb used during Harvest Ready stage under Rainy conditions for Moderate Late Blight. Outcome: Failure. unsafe due to PHI (5 days).
71e28fb7,11/29/2025,Grape,Leaf Blight,Seedling,Rainy,High,Mancozeb,Chemical,3.0 pts/acre,21,Partial Control,Mancozeb used during Seedling stage under Rainy conditions for High Leaf Blight. Outcome: Partial Control. Recommended.
fb788f3c,8/10/2025,Tomato,Bacterial Spot,Fruiting,Cold,Critical,Agri-Mycin,Chemical,3.0 pts/acre,39,Partial Control,Agri-Mycin used during Fruiting stage under Cold conditions for Critical Bacterial Spot. Outcome: Partial Control. Recommended.
da29bf17,9/9/2025,Potato,Late Blight,Fruiting,Humid,Moderate,Ridomil Gold,Chemical,2.0 pts/acre,51,Success,Ridomil Gold used during Fruiting stage under Humid conditions for Moderate Late Blight. Outcome: Success. Recommended.
2e9f7244,11/6/2025,Apple,Cedar Apple Rust,Vegetative,Cold,Moderate,Propiconazole,Chemical,2.0 pts/acre,34,Success,Propiconazole used during Vegetative stage under Cold conditions for Moderate Cedar Apple Rust. Outcome: Success. Recommended.
8bdf20fe,4/9/2025,Potato,Late Blight,Harvest Ready,Dry/Sunny,High,Fixed Copper,Organic,3.0 pts/acre,13,Partial Control,Fixed Copper used during Harvest Ready stage under Dry/Sunny conditions for High Late Blight. Outcome: Partial Control. Recommended.
c5325eab,5/26/2025,Grape,Esca (Black Measles),Flowering,Dry/Sunny,High,Pruning & Sanitation,Mechanical,3.0 pts/acre,101,Partial Control,Pruning & Sanitation used during Flowering stage under Dry/Sunny conditions for High Esca (Black Measles). Outcome: Partial Control. Recommended.
c43ae690,7/11/2025,Apple,Apple Scab,Vegetative,Rainy,Moderate,Myclobutanil,Chemical,2.0 pts/acre,39,Success,Myclobutanil used during Vegetative stage under Rainy conditions for Moderate Apple Scab. Outcome: Success. Recommended.
fe483226,2/19/2025,Tomato,Late Blight,Fruiting,Cold,Moderate,Fixed Copper,Organic,2.0 pts/acre,12,Partial Control,Fixed Copper used during Fruiting stage under Cold conditions for Moderate Late Blight. Outcome: Partial Control. Recommended.
cde4e1bd,7/1/2025,Tomato,Bacterial Spot,Fruiting,Dry/Sunny,High,Copper + Mancozeb,Chemical,3.0 pts/acre,30,Partial Control,Copper + Mancozeb used during Fruiting stage under Dry/Sunny conditions for High Bacterial Spot. Outcome: Partial Control. Recommended.
f18d81fb,8/18/2025,Grape,Black Rot,Flowering,Hot,Low,Thiophanate-methyl,Chemical,2.0 pts/acre,27,Success,Thiophanate-methyl used during Flowering stage under Hot conditions for Low Black Rot. Outcome: Success. Recommended.
5.67E+11,2/8/2026,Tomato,Bacterial Spot,Vegetative,Humid,Low,Bacteriophages,Organic,2.0 pts/acre,48,Partial Control,Bacteriophages used during Vegetative stage under Humid conditions for Low Bacterial Spot. Outcome: Partial Control. Recommended.
d1de63fc,12/23/2025,Apple,Apple Scab,Fruiting,Humid,Low,Myclobutanil,Chemical,2.0 pts/acre,41,Success,Myclobutanil used during Fruiting stage under Humid conditions for Low Apple Scab. Outcome: Success. Recommended.
8c9dc5fd,1/22/2026,Potato,Late Blight,Harvest Ready,Cold,Low,Ridomil Gold,Chemical,2.0 pts/acre,54,Failure,Ridomil Gold used during Harvest Ready stage under Cold conditions for Low Late Blight. Outcome: Failure. unsafe due to PHI (5 days).
a694dc88,4/15/2025,Potato,Late Blight,Harvest Ready,Hot,High,Propamocarb,Chemical,3.0 pts/acre,41,Failure,Propamocarb used during Harvest Ready stage under Hot conditions for High Late Blight. Outcome: Failure. unsafe due to PHI (5 days).
7dc1bb9c,8/6/2025,Apple,Black Rot,Vegetative,Rainy,High,Captan,Chemical,3.0 pts/acre,20,Partial Control,Captan used during Vegetative stage under Rainy conditions for High Black Rot. Outcome: Partial Control. Recommended.
01f7f3ba,8/12/2025,Grape,Esca (Black Measles),Fruiting,Hot,High,Trichoderma species,Organic,3.0 pts/acre,37,Failure,Trichoderma species used during Fruiting stage under Hot conditions for High Esca (Black Measles). Outcome: Failure. Recommended.
3a2ba630,6/24/2025,Grape,Black Rot,Seedling,Humid,Critical,Thiophanate-methyl,Chemical,3.0 pts/acre,28,Success,Thiophanate-methyl used during Seedling stage under Humid conditions for Critical Black Rot. Outcome: Success. Recommended.
779a7404,5/4/2025,Potato,Early Blight,Flowering,Humid,High,Mancozeb (Dithane),Chemical,3.0 pts/acre,18,Partial Control,Mancozeb (Dithane) used during Flowering stage under Humid conditions for High Early Blight. Outcome: Partial Control. Recommended.
ae7eb24a,12/20/2025,Potato,Early Blight,Flowering,Rainy,High,Mancozeb (Dithane),Chemical,3.0 pts/acre,25,Partial Control,Mancozeb (Dithane) used during Flowering stage under Rainy conditions for High Early Blight. Outcome: Partial Control. Recommended.
12a23230,11/11/2025,Potato,Early Blight,Flowering,Rainy,High,Mancozeb (Dithane),Chemical,3.0 pts/acre,25,Partial Control,Mancozeb (Dithane) used during Flowering stage under Rainy conditions for High Early Blight. Outcome: Partial Control. Recommended.
e1b4c4a7,5/5/2025,Grape,Esca (Black Measles),Seedling,Hot,High,Pruning & Sanitation,Mechanical,3.0 pts/acre,99,Partial Control,Pruning & Sanitation used during Seedling stage under Hot conditions for High Esca (Black Measles). Outcome: Partial Control. Recommended.
b07eeaa6,12/28/2025,Apple,Black Rot,Flowering,Rainy,High,Thiophanate-methyl,Chemical,3.0 pts/acre,31,Partial Control,Thiophanate-methyl used during Flowering stage under Rainy conditions for High Black Rot. Outcome: Partial Control. Recommended.
e55d621b,9/17/2025,Apple,Apple Scab,Harvest Ready,Humid,Low,Myclobutanil,Chemical,2.0 pts/acre,38,Failure,Myclobutanil used during Harvest Ready stage under Humid conditions for Low Apple Scab. Outcome: Failure. unsafe due to PHI (14 days).
d454fb8b,8/2/2025,Potato,Early Blight,Harvest Ready,Cold,Critical,Chlorothalonil (Bravo),Chemical,3.0 pts/acre,22,Success,Chlorothalonil (Bravo) used during Harvest Ready stage under Cold conditions for Critical Early Blight. Outcome: Success. Recommended.
3427e8c6,1/29/2026,Grape,Black Rot,Fruiting,Humid,Low,Captan,Chemical,2.0 pts/acre,23,Success,Captan used during Fruiting stage under Humid conditions for Low Black Rot. Outcome: Success. Recommended.
005fbab3,4/24/2025,Tomato,Early Blight,Harvest Ready,Rainy,Low,Mancozeb (Dithane),Chemical,2.0 pts/acre,17,Failure,Mancozeb (Dithane) used during Harvest Ready stage under Rainy conditions for Low Early Blight. Outcome: Failure. unsafe due to PHI (5 days).
ba023f08,12/16/2025,Tomato,Bacterial Spot,Harvest Ready,Humid,Critical,Bacteriophages,Organic,3.0 pts/acre,49,Failure,Bacteriophages used during Harvest Ready stage under Humid conditions for Critical Bacterial Spot. Outcome: Failure. Recommended.
b5437053,7/9/2025,Tomato,Bacterial Spot,Vegetative,Humid,High,Bacteriophages,Organic,3.0 pts/acre,50,Partial Control,Bacteriophages used during Vegetative stage under Humid conditions for High Bacterial Spot. Outcome: Partial Control. Recommended.
efa86b72,7/23/2025,Apple,Cedar Apple Rust,Vegetative,Rainy,Low,Propiconazole,Chemical,2.0 pts/acre,31,Success,Propiconazole used during Vegetative stage under Rainy conditions for Low Cedar Apple Rust. Outcome: Success. Recommended.
33f1f165,12/11/2025,Apple,Black Rot,Vegetative,Hot,Low,Lime Sulfur,Organic,2.0 pts/acre,12,Partial Control,Lime Sulfur used during Vegetative stage under Hot conditions for Low Black Rot. Outcome: Partial Control. Recommended.
f2a387ce,10/22/2025,Potato,Early Blight,Fruiting,Hot,Low,Bacillus subtilis,Organic,2.0 pts/acre,30,Partial Control,Bacillus subtilis used during Fruiting stage under Hot conditions for Low Early Blight. Outcome: Partial Control. Recommended.
a6e792a8,3/15/2025,Potato,Late Blight,Harvest Ready,Hot,High,Ridomil Gold,Chemical,3.0 pts/acre,59,Failure,Ridomil Gold used during Harvest Ready stage under Hot conditions for High Late Blight. Outcome: Failure. unsafe due to PHI (5 days).
2aed4a08,4/18/2025,Tomato,Early Blight,Vegetative,Rainy,Low,Chlorothalonil (Bravo),Chemical,2.0 pts/acre,25,Partial Control,Chlorothalonil (Bravo) used during Vegetative stage under Rainy conditions for Low Early Blight. Outcome: Partial Control. Recommended.
da11d089,6/8/2025,Potato,Late Blight,Fruiting,Humid,High,Propamocarb,Chemical,3.0 pts/acre,42,Success,Propamocarb used during Fruiting stage under Humid conditions for High Late Blight. Outcome: Success. Recommended.
4f8253a0,3/28/2025,Grape,Leaf Blight,Fruiting,Hot,Moderate,Copper Oxychloride,Chemical,2.0 pts/acre,22,Partial Control,Copper Oxychloride used during Fruiting stage under Hot conditions for Moderate Leaf Blight. Outcome: Partial Control. Recommended.
d3608ee3,5/21/2025,Grape,Esca (Black Measles),Vegetative,Rainy,Critical,Pruning & Sanitation,Mechanical,3.0 pts/acre,95,Partial Control,Pruning & Sanitation used during Vegetative stage under Rainy conditions for Critical Esca (Black Measles). Outcome: Partial Control. Recommended.
80546996,11/1/2025,Grape,Esca (Black Measles),Harvest Ready,Humid,Low,Trichoderma species,Organic,2.0 pts/acre,37,Partial Control,Trichoderma species used during Harvest Ready stage under Humid conditions for Low Esca (Black Measles). Outcome: Partial Control. Recommended.
483bdba0,3/5/2025,Apple,Apple Scab,Seedling,Dry/Sunny,Moderate,Myclobutanil,Chemical,2.0 pts/acre,42,Success,Myclobutanil used during Seedling stage under Dry/Sunny conditions for Moderate Apple Scab. Outcome: Success. Recommended.
f96a191b,8/20/2025,Apple,Cedar Apple Rust,Flowering,Cold,Low,Propiconazole,Chemical,2.0 pts/acre,30,Success,Propiconazole used during Flowering stage under Cold conditions for Low Cedar Apple Rust. Outcome: Success. Recommended.
97785ab8,4/28/2025,Potato,Late Blight,Vegetative,Cold,Critical,Ridomil Gold,Chemical,3.0 pts/acre,56,Success,Ridomil Gold used during Vegetative stage under Cold conditions for Critical Late Blight. Outcome: Success. Recommended.
71482786,6/4/2025,Potato,Early Blight,Fruiting,Rainy,Low,Mancozeb (Dithane),Chemical,2.0 pts/acre,19,Partial Control,Mancozeb (Dithane) used during Fruiting stage under Rainy conditions for Low Early Blight. Outcome: Partial Control. Recommended.
0ddf331e,12/31/2025,Apple,Black Rot,Harvest Ready,Dry/Sunny,Low,Captan,Chemical,2.0 pts/acre,27,Success,Captan used during Harvest Ready stage under Dry/Sunny conditions for Low Black Rot. Outcome: Success. Recommended.
b85cd7d0,1/6/2026,Potato,Late Blight,Seedling,Rainy,Moderate,Fixed Copper,Organic,2.0 pts/acre,18,Partial Control,Fixed Copper used during Seedling stage under Rainy conditions for Moderate Late Blight. Outcome: Partial Control. Recommended.
f0ae3003,6/11/2025,Potato,Early Blight,Vegetative,Hot,Moderate,Copper Hydroxide,Organic,2.0 pts/acre,20,Partial Control,Copper Hydroxide used during Vegetative stage under Hot conditions for Moderate Early Blight. Outcome: Partial Control. Recommended.
021ddb12,1/3/2026,Potato,Early Blight,Fruiting,Dry/Sunny,Low,Mancozeb (Dithane),Chemical,2.0 pts/acre,22,Success,Mancozeb (Dithane) used during Fruiting stage under Dry/Sunny conditions for Low Early Blight. Outcome: Success. Recommended.
a2e8209e,5/10/2025,Grape,Black Rot,Seedling,Cold,Moderate,Lime Sulfur,Organic,2.0 pts/acre,7,Partial Control,Lime Sulfur used during Seedling stage under Cold conditions for Moderate Black Rot. Outcome: Partial Control. Recommended.
d08b95a1,3/24/2025,Grape,Leaf Blight,Fruiting,Rainy,High,Mancozeb,Chemical,3.0 pts/acre,17,Partial Control,Mancozeb used during Fruiting stage under Rainy conditions for High Leaf Blight. Outcome: Partial Control. Recommended.
8eca4012,12/6/2025,Apple,Cedar Apple Rust,Seedling,Rainy,Critical,Myclobutanil,Chemical,3.0 pts/acre,43,Success,Myclobutanil used during Seedling stage under Rainy conditions for Critical Cedar Apple Rust. Outcome: Success. Recommended.
68330f7e,1/12/2026,Grape,Esca (Black Measles),Flowering,Dry/Sunny,High,Trichoderma species,Organic,3.0 pts/acre,39,Failure,Trichoderma species used during Flowering stage under Dry/Sunny conditions for High Esca (Black Measles). Outcome: Failure. Recommended.
a6689494,5/14/2025,Grape,Esca (Black Measles),Fruiting,Dry/Sunny,Moderate,Pruning & Sanitation,Mechanical,2.0 pts/acre,95,Partial Control,Pruning & Sanitation used during Fruiting stage under Dry/Sunny conditions for Moderate Esca (Black Measles). Outcome: Partial Control. Recommended.
98e0e05e,10/26/2025,Tomato,Bacterial Spot,Fruiting,Rainy,Critical,Agri-Mycin,Chemical,3.0 pts/acre,31,Partial Control,Agri-Mycin used during Fruiting stage under Rainy conditions for Critical Bacterial Spot. Outcome: Partial Control. Recommended.
b88b91aa,4/1/2025,Tomato,Early Blight,Flowering,Dry/Sunny,High,Azoxystrobin (Quadris),Chemical,3.0 pts/acre,45,Success,Azoxystrobin (Quadris) used during Flowering stage under Dry/Sunny conditions for High Early Blight. Outcome: Success. Recommended.
54f55dd4,6/27/2025,Potato,Early Blight,Fruiting,Cold,Critical,Bacillus subtilis,Organic,3.0 pts/acre,26,Failure,Bacillus subtilis used during Fruiting stage under Cold conditions for Critical Early Blight. Outcome: Failure. Recommended.
76590907,12/20/2025,Tomato,Early Blight,Vegetative,Cold,High,Bacillus subtilis,Organic,3.0 pts/acre,33,Partial Control,Bacillus subtilis used during Vegetative stage under Cold conditions for High Early Blight. Outcome: Partial Control. Recommended.
db7b9797,11/20/2025,Potato,Early Blight,Harvest Ready,Cold,High,Chlorothalonil (Bravo),Chemical,3.0 pts/acre,27,Success,Chlorothalonil (Bravo) used during Harvest Ready stage under Cold conditions for High Early Blight. Outcome: Success. Recommended.
7f211bc8,2/16/2026,Apple,Apple Scab,Harvest Ready,Humid,Critical,Captan,Chemical,3.0 pts/acre,22,Success,Captan used during Harvest Ready stage under Humid conditions for Critical Apple Scab. Outcome: Success. Recommended.
71e62cd7,5/9/2025,Potato,Early Blight,Flowering,Cold,High,Copper Hydroxide,Organic,3.0 pts/acre,11,Partial Control,Copper Hydroxide used during Flowering stage under Cold conditions for High Early Blight. Outcome: Partial Control. Recommended.
b342a332,9/5/2025,Apple,Black Rot,Harvest Ready,Cold,Moderate,Lime Sulfur,Organic,2.0 pts/acre,12,Partial Control,Lime Sulfur used during Harvest Ready stage under Cold conditions for Moderate Black Rot. Outcome: Partial Control. Recommended.
db65bc35,8/22/2025,Tomato,Late Blight,Seedling,Rainy,Moderate,Ridomil Gold,Chemical,2.0 pts/acre,50,Success,Ridomil Gold used during Seedling stage under Rainy conditions for Moderate Late Blight. Outcome: Success. Recommended.
855cdf01,2/18/2026,Potato,Late Blight,Harvest Ready,Cold,High,Fixed Copper,Organic,3.0 pts/acre,19,Partial Control,Fixed Copper used during Harvest Ready stage under Cold conditions for High Late Blight. Outcome: Partial Control. Recommended.
56897d49,3/12/2025,Tomato,Late Blight,Vegetative,Cold,Moderate,Ridomil Gold,Chemical,2.0 pts/acre,58,Success,Ridomil Gold used during Vegetative stage under Cold conditions for Moderate Late Blight. Outcome: Success. Recommended.
c6d1af8b,11/28/2025,Grape,Black Rot,Seedling,Dry/Sunny,Moderate,Captan,Chemical,2.0 pts/acre,20,Success,Captan used during Seedling stage under Dry/Sunny conditions for Moderate Black Rot. Outcome: Success. Recommended.
0f9c306f,5/12/2025,Tomato,Bacterial Spot,Flowering,Dry/Sunny,High,Copper + Mancozeb,Chemical,3.0 pts/acre,25,Partial Control,Copper + Mancozeb used during Flowering stage under Dry/Sunny conditions for High Bacterial Spot. Outcome: Partial Control. Recommended.
85a9f0b8,6/19/2025,Tomato,Early Blight,Harvest Ready,Rainy,Critical,Chlorothalonil (Bravo),Chemical,3.0 pts/acre,26,Partial Control,Chlorothalonil (Bravo) used during Harvest Ready stage under Rainy conditions for Critical Early Blight. Outcome: Partial Control. Recommended.
eb8e6467,11/13/2025,Apple,Cedar Apple Rust,Vegetative,Hot,Moderate,Propiconazole,Chemical,2.0 pts/acre,25,Success,Propiconazole used during Vegetative stage under Hot conditions for Moderate Cedar Apple Rust. Outcome: Success. Recommended.
5ef5c6f8,8/24/2025,Grape,Leaf Blight,Fruiting,Cold,High,Mancozeb,Chemical,3.0 pts/acre,17,Partial Control,Mancozeb used during Fruiting stage under Cold conditions for High Leaf Blight. Outcome: Partial Control. Recommended.
8d64fe2a,2/21/2025,Tomato,Bacterial Spot,Fruiting,Hot,High,Copper + Mancozeb,Chemical,3.0 pts/acre,23,Partial Control,Copper + Mancozeb used during Fruiting stage under Hot conditions for High Bacterial Spot. Outcome: Partial Control. Recommended.
490077a5,2/10/2026,Apple,Black Rot,Harvest Ready,Hot,High,Thiophanate-methyl,Chemical,3.0 pts/acre,32,Success,Thiophanate-methyl used during Harvest Ready stage under Hot conditions for High Black Rot. Outcome: Success. Recommended.
8a18188b,12/28/2025,Grape,Black Rot,Harvest Ready,Dry/Sunny,Moderate,Lime Sulfur,Organic,2.0 pts/acre,13,Partial Control,Lime Sulfur used during Harvest Ready stage under Dry/Sunny conditions for Moderate Black Rot. Outcome: Partial Control. Recommended.
e2ac563b,9/30/2025,Potato,Early Blight,Vegetative,Rainy,Moderate,Azoxystrobin (Quadris),Chemical,2.0 pts/acre,45,Success,Azoxystrobin (Quadris) used during Vegetative stage under Rainy conditions for Moderate Early Blight. Outcome: Success. Recommended.
e248eaa8,7/12/2025,Tomato,Early Blight,Fruiting,Cold,Moderate,Copper Hydroxide,Organic,2.0 pts/acre,13,Partial Control,Copper Hydroxide used during Fruiting stage under Cold conditions for Moderate Early Blight. Outcome: Partial Control. Recommended.
9591beab,4/30/2025,Apple,Black Rot,Fruiting,Humid,Low,Captan,Chemical,2.0 pts/acre,26,Success,Captan used during Fruiting stage under Humid conditions for Low Black Rot. Outcome: Success. Recommended.
10cbf2d8,9/21/2025,Potato,Early Blight,Seedling,Humid,High,Chlorothalonil (Bravo),Chemical,3.0 pts/acre,23,Success,Chlorothalonil (Bravo) used during Seedling stage under Humid conditions for High Early Blight. Outcome: Success. Recommended.
03de150b,5/12/2025,Tomato,Early Blight,Seedling,Cold,Moderate,Copper Hydroxide,Organic,2.0 pts/acre,20,Partial Control,Copper Hydroxide used during Seedling stage under Cold conditions for Moderate Early Blight. Outcome: Partial Control. Recommended.
7b0e3e0d,1/19/2026,Apple,Cedar Apple Rust,Harvest Ready,Humid,Critical,Myclobutanil,Chemical,3.0 pts/acre,38,Failure,Myclobutanil used during Harvest Ready stage under Humid conditions for Critical Cedar Apple Rust. Outcome: Failure. unsafe due to PHI (14 days).
00f6383e,11/5/2025,Potato,Early Blight,Seedling,Cold,High,Mancozeb (Dithane),Chemical,3.0 pts/acre,24,Partial Control,Mancozeb (Dithane) used during Seedling stage under Cold conditions for High Early Blight. Outcome: Partial Control. Recommended.
e9c8ffdf,12/25/2025,Tomato,Bacterial Spot,Seedling,Cold,Low,Copper + Mancozeb,Chemical,2.0 pts/acre,29,Success,Copper + Mancozeb used during Seedling stage under Cold conditions for Low Bacterial Spot. Outcome: Success. Recommended.
37c53027,6/27/2025,Grape,Leaf Blight,Vegetative,Hot,Moderate,Copper Oxychloride,Chemical,2.0 pts/acre,15,Partial Control,Copper Oxychloride used during Vegetative stage under Hot conditions for Moderate Leaf Blight. Outcome: Partial Control. Recommended.
f43ffc9b,9/1/2025,Potato,Late Blight,Vegetative,Hot,Low,Fixed Copper,Organic,2.0 pts/acre,12,Partial Control,Fixed Copper used during Vegetative stage under Hot conditions for Low Late Blight. Outcome: Partial Control. Recommended.
517b28c0,3/28/2025,Apple,Apple Scab,Fruiting,Rainy,Moderate,Myclobutanil,Chemical,2.0 pts/acre,41,Success,Myclobutanil used during Fruiting stage under Rainy conditions for Moderate Apple Scab. Outcome: Success. Recommended.
10327f04,12/2/2025,Grape,Esca (Black Measles),Fruiting,Rainy,High,Trichoderma species,Organic,3.0 pts/acre,42,Failure,Trichoderma species used during Fruiting stage under Rainy conditions for High Esca (Black Measles). Outcome: Failure. Recommended.
f05bc48e,11/10/2025,Apple,Apple Scab,Seedling,Humid,Moderate,Myclobutanil,Chemical,2.0 pts/acre,40,Success,Myclobutanil used during Seedling stage under Humid conditions for Moderate Apple Scab. Outcome: Success. Recommended.
3a06e77a,12/19/2025,Tomato,Bacterial Spot,Seedling,Hot,Low,Copper + Mancozeb,Chemical,2.0 pts/acre,26,Success,Copper + Mancozeb used during Seedling stage under Hot conditions for Low Bacterial Spot. Outcome: Success. Recommended.
5750669f,9/9/2025,Apple,Black Rot,Fruiting,Hot,Critical,Thiophanate-methyl,Chemical,3.0 pts/acre,34,Success,Thiophanate-methyl used during Fruiting stage under Hot conditions for Critical Black Rot. Outcome: Success. Recommended.
1facfe3e,12/21/2025,Apple,Cedar Apple Rust,Fruiting,Humid,High,Propiconazole,Chemical,3.0 pts/acre,35,Success,Propiconazole used during Fruiting stage under Humid conditions for High Cedar Apple Rust. Outcome: Success. Recommended.
5b16058a,7/23/2025,Tomato,Early Blight,Harvest Ready,Dry/Sunny,Low,Copper Hydroxide,Organic,2.0 pts/acre,18,Partial Control,Copper Hydroxide used during Harvest Ready stage under Dry/Sunny conditions for Low Early Blight. Outcome: Partial Control. Recommended.
85909558,2/24/2025,Tomato,Early Blight,Flowering,Cold,Moderate,Azoxystrobin (Quadris),Chemical,2.0 pts/acre,50,Success,Azoxystrobin (Quadris) used during Flowering stage under Cold conditions for Moderate Early Blight. Outcome: Success. Recommended.
5cd85410,1/3/2026,Tomato,Late Blight,Fruiting,Humid,Low,Fixed Copper,Organic,2.0 pts/acre,10,Partial Control,Fixed Copper used during Fruiting stage under Humid conditions for Low Late Blight. Outcome: Partial Control. Recommended.
e115a39b,10/14/2025,Potato,Late Blight,Fruiting,Cold,Low,Propamocarb,Chemical,2.0 pts/acre,38,Success,Propamocarb used during Fruiting stage under Cold conditions for Low Late Blight. Outcome: Success. Recommended.
020e4d0a,8/24/2025,Apple,Cedar Apple Rust,Harvest Ready,Rainy,High,Propiconazole,Chemical,3.0 pts/acre,25,Failure,Propiconazole used during Harvest Ready stage under Rainy conditions for High Cedar Apple Rust. Outcome: Failure. unsafe due to PHI (14 days).
8de392fa,6/19/2025,Apple,Black Rot,Harvest Ready,Humid,Low,Thiophanate-methyl,Chemical,2.0 pts/acre,32,Success,Thiophanate-methyl used during Harvest Ready stage under Humid conditions for Low Black Rot. Outcome: Success. Recommended.
acbfdeca,4/28/2025,Tomato,Early Blight,Seedling,Humid,High,Copper Hydroxide,Organic,3.0 pts/acre,18,Partial Control,Copper Hydroxide used during Seedling stage under Humid conditions for High Early Blight. Outcome: Partial Control. Recommended.
b59ad50b,8/23/2025,Potato,Late Blight,Vegetative,Hot,Critical,Fixed Copper,Organic,3.0 pts/acre,14,Failure,Fixed Copper used during Vegetative stage under Hot conditions for Critical Late Blight. Outcome: Failure. Recommended.
8ee9c155,8/19/2025,Grape,Esca (Black Measles),Flowering,Hot,Low,Pruning & Sanitation,Mechanical,2.0 pts/acre,105,Partial Control,Pruning & Sanitation used during Flowering stage under Hot conditions for Low Esca (Black Measles). Outcome: Partial Control. Recommended.
78974a13,12/15/2025,Potato,Early Blight,Harvest Ready,Rainy,Low,Chlorothalonil (Bravo),Chemical,2.0 pts/acre,28,Partial Control,Chlorothalonil (Bravo) used during Harvest Ready stage under Rainy conditions for Low Early Blight. Outcome: Partial Control. Recommended.
ac791432,5/7/2025,Apple,Cedar Apple Rust,Seedling,Cold,Low,Myclobutanil,Chemical,2.0 pts/acre,41,Success,Myclobutanil used during Seedling stage under Cold conditions for Low Cedar Apple Rust. Outcome: Success. Recommended.
36b2d321,12/4/2025,Apple,Cedar Apple Rust,Harvest Ready,Hot,High,Myclobutanil,Chemical,3.0 pts/acre,43,Failure,Myclobutanil used during Harvest Ready stage under Hot conditions for High Cedar Apple Rust. Outcome: Failure. unsafe due to PHI (14 days).
4478b487,2/15/2026,Grape,Esca (Black Measles),Harvest Ready,Cold,Moderate,Trichoderma species,Organic,2.0 pts/acre,43,Partial Control,Trichoderma species used during Harvest Ready stage under Cold conditions for Moderate Esca (Black Measles). Outcome: Partial Control. Recommended.
dc89f6ee,3/17/2025,Apple,Black Rot,Seedling,Dry/Sunny,High,Captan,Chemical,3.0 pts/acre,23,Partial Control,Captan used during Seedling stage under Dry/Sunny conditions for High Black Rot. Outcome: Partial Control. Recommended.
59f66a1f,2/5/2026,Apple,Apple Scab,Harvest Ready,Hot,Moderate,Myclobutanil,Chemical,2.0 pts/acre,41,Failure,Myclobutanil used during Harvest Ready stage under Hot conditions for Moderate Apple Scab. Outcome: Failure. unsafe due to PHI (14 days).
5c0be19d,1/14/2026,Apple,Apple Scab,Vegetative,Hot,Critical,Myclobutanil,Chemical,3.0 pts/acre,35,Success,Myclobutanil used during Vegetative stage under Hot conditions for Critical Apple Scab. Outcome: Success. Recommended.
f69531e7,1/4/2026,Grape,Esca (Black Measles),Vegetative,Cold,Moderate,Trichoderma species,Organic,2.0 pts/acre,42,Partial Control,Trichoderma species used during Vegetative stage under Cold conditions for Moderate Esca (Black Measles). Outcome: Partial Control. Recommended.
8e313987,11/16/2025,Grape,Leaf Blight,Fruiting,Rainy,Critical,Mancozeb,Chemical,3.0 pts/acre,21,Partial Control,Mancozeb used during Fruiting stage under Rainy conditions for Critical Leaf Blight. Outcome: Partial Control. Recommended.
cdd57e0c,6/7/2025,Grape,Esca (Black Measles),Fruiting,Hot,Low,Trichoderma species,Organic,2.0 pts/acre,39,Partial Control,Trichoderma species used during Fruiting stage under Hot conditions for Low Esca (Black Measles). Outcome: Partial Control. Recommended.
15cae294,5/21/2025,Tomato,Early Blight,Fruiting,Humid,High,Azoxystrobin (Quadris),Chemical,3.0 pts/acre,47,Success,Azoxystrobin (Quadris) used during Fruiting stage under Humid conditions for High Early Blight. Outcome: Success. Recommended.
a61ffef3,8/6/2025,Tomato,Late Blight,Seedling,Cold,High,Fixed Copper,Organic,3.0 pts/acre,20,Partial Control,Fixed Copper used during Seedling stage under Cold conditions for High Late Blight. Outcome: Partial Control. Recommended.
9b99358e,8/25/2025,Tomato,Early Blight,Flowering,Cold,Moderate,Copper Hydroxide,Organic,2.0 pts/acre,17,Partial Control,Copper Hydroxide used during Flowering stage under Cold conditions for Moderate Early Blight. Outcome: Partial Control. Recommended.
87a62bd0,2/14/2026,Tomato,Bacterial Spot,Seedling,Hot,Moderate,Agri-Mycin,Chemical,2.0 pts/acre,37,Partial Control,Agri-Mycin used during Seedling stage under Hot conditions for Moderate Bacterial Spot. Outcome: Partial Control. Recommended.
8163856a,10/16/2025,Potato,Early Blight,Fruiting,Humid,Moderate,Bacillus subtilis,Organic,2.0 pts/acre,31,Partial Control,Bacillus subtilis used during Fruiting stage under Humid conditions for Moderate Early Blight. Outcome: Partial Control. Recommended.
11a650a1,3/10/2025,Potato,Late Blight,Fruiting,Cold,Moderate,Ridomil Gold,Chemical,2.0 pts/acre,54,Success,Ridomil Gold used during Fruiting stage under Cold conditions for Moderate Late Blight. Outcome: Success. Recommended.
4f7502c9,9/4/2025,Apple,Cedar Apple Rust,Seedling,Humid,High,Propiconazole,Chemical,3.0 pts/acre,31,Success,Propiconazole used during Seedling stage under Humid conditions for High Cedar Apple Rust. Outcome: Success. Recommended.
64958a53,4/29/2025,Potato,Early Blight,Fruiting,Hot,High,Bacillus subtilis,Organic,3.0 pts/acre,34,Partial Control,Bacillus subtilis used during Fruiting stage under Hot conditions for High Early Blight. Outcome: Partial Control. Recommended.
4925510a,5/9/2025,Grape,Esca (Black Measles),Fruiting,Humid,High,Trichoderma species,Organic,3.0 pts/acre,43,Failure,Trichoderma species used during Fruiting stage under Humid conditions for High Esca (Black Measles). Outcome: Failure. Recommended.
ce98d642,7/21/2025,Apple,Cedar Apple Rust,Fruiting,Rainy,Low,Propiconazole,Chemical,2.0 pts/acre,26,Success,Propiconazole used during Fruiting stage under Rainy conditions for Low Cedar Apple Rust. Outcome: Success. Recommended.
dd922a0c,10/17/2025,Tomato,Bacterial Spot,Flowering,Rainy,Critical,Bacteriophages,Organic,3.0 pts/acre,55,Failure,Bacteriophages used during Flowering stage under Rainy conditions for Critical Bacterial Spot. Outcome: Failure. Recommended.
a9ac428b,3/3/2025,Apple,Black Rot,Vegetative,Cold,Moderate,Thiophanate-methyl,Chemical,2.0 pts/acre,34,Success,Thiophanate-methyl used during Vegetative stage under Cold conditions for Moderate Black Rot. Outcome: Success. Recommended.
114e58b1,3/12/2025,Apple,Black Rot,Fruiting,Hot,High,Thiophanate-methyl,Chemical,3.0 pts/acre,27,Success,Thiophanate-methyl used during Fruiting stage under Hot conditions for High Black Rot. Outcome: Success. Recommended.
a18bf087,12/27/2025,Potato,Late Blight,Flowering,Humid,Moderate,Propamocarb,Chemical,2.0 pts/acre,39,Success,Propamocarb used during Flowering stage under Humid conditions for Moderate Late Blight. Outcome: Success. Recommended.
c4286b57,9/21/2025,Grape,Leaf Blight,Harvest Ready,Cold,High,Copper Oxychloride,Chemical,3.0 pts/acre,23,Partial Control,Copper Oxychloride used during Harvest Ready stage under Cold conditions for High Leaf Blight. Outcome: Partial Control. Recommended.
067094aa,9/15/2025,Grape,Esca (Black Measles),Seedling,Humid,Moderate,Pruning & Sanitation,Mechanical,2.0 pts/acre,99,Partial Control,Pruning & Sanitation used during Seedling stage under Humid conditions for Moderate Esca (Black Measles). Outcome: Partial Control. Recommended.
0d267e4b,5/29/2025,Grape,Esca (Black Measles),Fruiting,Humid,Moderate,Pruning & Sanitation,Mechanical,2.0 pts/acre,105,Partial Control,Pruning & Sanitation used during Fruiting stage under Humid conditions for Moderate Esca (Black Measles). Outcome: Partial Control. Recommended.
73cda44c,3/23/2025,Tomato,Early Blight,Seedling,Hot,Moderate,Azoxystrobin (Quadris),Chemical,2.0 pts/acre,41,Success,Azoxystrobin (Quadris) used during Seedling stage under Hot conditions for Moderate Early Blight. Outcome: Success. Recommended.
e60c1474,7/6/2025,Apple,Apple Scab,Harvest Ready,Humid,Low,Myclobutanil,Chemical,2.0 pts/acre,41,Failure,Myclobutanil used during Harvest Ready stage under Humid conditions for Low Apple Scab. Outcome: Failure. unsafe due to PHI (14 days).
65afef2c,2/16/2026,Tomato,Early Blight,Seedling,Humid,Moderate,Azoxystrobin (Quadris),Chemical,2.0 pts/acre,48,Success,Azoxystrobin (Quadris) used during Seedling stage under Humid conditions for Moderate Early Blight. Outcome: Success. Recommended.
0ba44c7d,7/30/2025,Potato,Early Blight,Seedling,Dry/Sunny,Moderate,Copper Hydroxide,Organic,2.0 pts/acre,17,Partial Control,Copper Hydroxide used during Seedling stage under Dry/Sunny conditions for Moderate Early Blight. Outcome: Partial Control. Recommended.
5c6c0023,8/9/2025,Tomato,Late Blight,Vegetative,Dry/Sunny,Critical,Propamocarb,Chemical,3.0 pts/acre,43,Success,Propamocarb used during Vegetative stage under Dry/Sunny conditions for Critical Late Blight. Outcome: Success. Recommended.
2b9ae10a,5/12/2025,Potato,Late Blight,Flowering,Dry/Sunny,Critical,Ridomil Gold,Chemical,3.0 pts/acre,58,Success,Ridomil Gold used during Flowering stage under Dry/Sunny conditions for Critical Late Blight. Outcome: Success. Recommended.
ba88ea39,11/25/2025,Grape,Esca (Black Measles),Vegetative,Hot,Moderate,Pruning & Sanitation,Mechanical,2.0 pts/acre,100,Partial Control,Pruning & Sanitation used during Vegetative stage under Hot conditions for Moderate Esca (Black Measles). Outcome: Partial Control. Recommended.
ab959360,2/12/2026,Tomato,Early Blight,Flowering,Cold,Critical,Mancozeb (Dithane),Chemical,3.0 pts/acre,20,Success,Mancozeb (Dithane) used during Flowering stage under Cold conditions for Critical Early Blight. Outcome: Success. Recommended.
7d3fa446,10/22/2025,Grape,Black Rot,Vegetative,Hot,Low,Lime Sulfur,Organic,2.0 pts/acre,16,Partial Control,Lime Sulfur used during Vegetative stage under Hot conditions for Low Black Rot. Outcome: Partial Control. Recommended.
63f98d63,9/14/2025,Grape,Esca (Black Measles),Flowering,Cold,Moderate,Trichoderma species,Organic,2.0 pts/acre,35,Partial Control,Trichoderma species used during Flowering stage under Cold conditions for Moderate Esca (Black Measles). Outcome: Partial Control. Recommended.
92aa7332,1/4/2026,Grape,Leaf Blight,Vegetative,Hot,High,Copper Oxychloride,Chemical,3.0 pts/acre,21,Partial Control,Copper Oxychloride used during Vegetative stage under Hot conditions for High Leaf Blight. Outcome: Partial Control. Recommended.
a863ae43,1/21/2026,Tomato,Early Blight,Seedling,Cold,Low,Bacillus subtilis,Organic,2.0 pts/acre,27,Partial Control,Bacillus subtilis used during Seedling stage under Cold conditions for Low Early Blight. Outcome: Partial Control. Recommended.
b0c4a4f1,8/2/2025,Tomato,Late Blight,Fruiting,Humid,Critical,Fixed Copper,Organic,3.0 pts/acre,13,Failure,Fixed Copper used during Fruiting stage under Humid conditions for Critical Late Blight. Outcome: Failure. Recommended.
146d3c79,12/21/2025,Apple,Apple Scab,Vegetative,Cold,High,Myclobutanil,Chemical,3.0 pts/acre,33,Success,Myclobutanil used during Vegetative stage under Cold conditions for High Apple Scab. Outcome: Success. Recommended.
2b5de5fe,8/24/2025,Grape,Leaf Blight,Vegetative,Humid,High,Mancozeb,Chemical,3.0 pts/acre,20,Partial Control,Mancozeb used during Vegetative stage under Humid conditions for High Leaf Blight. Outcome: Partial Control. Recommended.
a27b8213,11/16/2025,Tomato,Early Blight,Harvest Ready,Cold,Critical,Azoxystrobin (Quadris),Chemical,3.0 pts/acre,50,Success,Azoxystrobin (Quadris) used during Harvest Ready stage under Cold conditions for Critical Early Blight. Outcome: Success. Recommended.
aa50161a,11/15/2025,Grape,Leaf Blight,Fruiting,Dry/Sunny,Critical,Copper Oxychloride,Chemical,3.0 pts/acre,18,Partial Control,Copper Oxychloride used during Fruiting stage under Dry/Sunny conditions for Critical Leaf Blight. Outcome: Partial Control. Recommended.
8da409fe,11/26/2025,Potato,Early Blight,Seedling,Hot,Low,Bacillus subtilis,Organic,2.0 pts/acre,27,Partial Control,Bacillus subtilis used during Seedling stage under Hot conditions for Low Early Blight. Outcome: Partial Control. Recommended.
029988f3,4/4/2025,Grape,Esca (Black Measles),Vegetative,Cold,Low,Trichoderma species,Organic,2.0 pts/acre,37,Partial Control,Trichoderma species used during Vegetative stage under Cold conditions for Low Esca (Black Measles). Outcome: Partial Control. Recommended.
59ffb8ac,8/6/2025,Tomato,Bacterial Spot,Vegetative,Hot,Moderate,Copper + Mancozeb,Chemical,2.0 pts/acre,29,Success,Copper + Mancozeb used during Vegetative stage under Hot conditions for Moderate Bacterial Spot. Outcome: Success. Recommended.
e0d32e36,3/16/2025,Apple,Apple Scab,Vegetative,Humid,High,Captan,Chemical,3.0 pts/acre,19,Partial Control,Captan used during Vegetative stage under Humid conditions for High Apple Scab. Outcome: Partial Control. Recommended.
9558328e,1/6/2026,Potato,Early Blight,Vegetative,Humid,Moderate,Mancozeb (Dithane),Chemical,2.0 pts/acre,17,Success,Mancozeb (Dithane) used during Vegetative stage under Humid conditions for Moderate Early Blight. Outcome: Success. Recommended.
f2394928,2/19/2025,Potato,Early Blight,Harvest Ready,Cold,High,Copper Hydroxide,Organic,3.0 pts/acre,17,Partial Control,Copper Hydroxide used during Harvest Ready stage under Cold conditions for High Early Blight. Outcome: Partial Control. Recommended.
03c4ea44,8/25/2025,Grape,Leaf Blight,Fruiting,Rainy,Low,Mancozeb,Chemical,2.0 pts/acre,24,Partial Control,Mancozeb used during Fruiting stage under Rainy conditions for Low Leaf Blight. Outcome: Partial Control. Recommended.
87ff83c0,3/5/2025,Potato,Late Blight,Fruiting,Dry/Sunny,Moderate,Fixed Copper,Organic,2.0 pts/acre,17,Partial Control,Fixed Copper used during Fruiting stage under Dry/Sunny conditions for Moderate Late Blight. Outcome: Partial Control. Recommended.
1990e659,3/17/2025,Tomato,Late Blight,Flowering,Humid,Low,Propamocarb,Chemical,2.0 pts/acre,43,Success,Propamocarb used during Flowering stage under Humid conditions for Low Late Blight. Outcome: Success. Recommended.
856047c1,4/1/2025,Potato,Late Blight,Seedling,Dry/Sunny,Critical,Propamocarb,Chemical,3.0 pts/acre,43,Success,Propamocarb used during Seedling stage under Dry/Sunny conditions for Critical Late Blight. Outcome: Success. Recommended.
08d6478c,1/30/2026,Apple,Apple Scab,Seedling,Humid,Moderate,Captan,Chemical,2.0 pts/acre,20,Success,Captan used during Seedling stage under Humid conditions for Moderate Apple Scab. Outcome: Success. Recommended.
f412bf23,6/4/2025,Apple,Cedar Apple Rust,Fruiting,Humid,Low,Propiconazole,Chemical,2.0 pts/acre,28,Success,Propiconazole used during Fruiting stage under Humid conditions for Low Cedar Apple Rust. Outcome: Success. Recommended.
07c3d6de,9/8/2025,Grape,Leaf Blight,Harvest Ready,Hot,High,Mancozeb,Chemical,3.0 pts/acre,24,Failure,Mancozeb used during Harvest Ready stage under Hot conditions for High Leaf Blight. Outcome: Failure. unsafe due to PHI (66 days).
883c9161,1/16/2026,Grape,Esca (Black Measles),Flowering,Humid,Critical,Pruning & Sanitation,Mechanical,3.0 pts/acre,104,Partial Control,Pruning & Sanitation used during Flowering stage under Humid conditions for Critical Esca (Black Measles). Outcome: Partial Control. Recommended.
8fe501c1,12/25/2025,Apple,Apple Scab,Seedling,Hot,Critical,Captan,Chemical,3.0 pts/acre,26,Success,Captan used during Seedling stage under Hot conditions for Critical Apple Scab. Outcome: Success. Recommended.
8d01d75a,1/19/2026,Tomato,Bacterial Spot,Harvest Ready,Humid,Critical,Agri-Mycin,Chemical,3.0 pts/acre,30,Partial Control,Agri-Mycin used during Harvest Ready stage under Humid conditions for Critical Bacterial Spot. Outcome: Partial Control. Recommended.
49f8696d,4/15/2025,Apple,Black Rot,Vegetative,Dry/Sunny,Critical,Captan,Chemical,3.0 pts/acre,20,Success,Captan used during Vegetative stage under Dry/Sunny conditions for Critical Black Rot. Outcome: Success. Recommended.
3b84d17f,12/29/2025,Tomato,Bacterial Spot,Flowering,Dry/Sunny,Moderate,Agri-Mycin,Chemical,2.0 pts/acre,34,Partial Control,Agri-Mycin used during Flowering stage under Dry/Sunny conditions for Moderate Bacterial Spot. Outcome: Partial Control. Recommended.
c3211393,8/10/2025,Potato,Early Blight,Flowering,Cold,High,Chlorothalonil (Bravo),Chemical,3.0 pts/acre,30,Success,Chlorothalonil (Bravo) used during Flowering stage under Cold conditions for High Early Blight. Outcome: Success. Recommended.
822e2f16,3/26/2025,Potato,Early Blight,Vegetative,Hot,Critical,Copper Hydroxide,Organic,3.0 pts/acre,10,Failure,Copper Hydroxide used during Vegetative stage under Hot conditions for Critical Early Blight. Outcome: Failure. Recommended.
a0932426,5/6/2025,Potato,Early Blight,Seedling,Cold,Low,Azoxystrobin (Quadris),Chemical,2.0 pts/acre,44,Success,Azoxystrobin (Quadris) used during Seedling stage under Cold conditions for Low Early Blight. Outcome: Success. Recommended.
e7320149,4/4/2025,Grape,Leaf Blight,Fruiting,Humid,Moderate,Copper Oxychloride,Chemical,2.0 pts/acre,22,Partial Control,Copper Oxychloride used during Fruiting stage under Humid conditions for Moderate Leaf Blight. Outcome: Partial Control. Recommended.
8dbc0857,11/20/2025,Potato,Late Blight,Flowering,Humid,High,Fixed Copper,Organic,3.0 pts/acre,18,Partial Control,Fixed Copper used during Flowering stage under Humid conditions for High Late Blight. Outcome: Partial Control. Recommended.
bbcb1fb0,4/21/2025,Apple,Cedar Apple Rust,Fruiting,Dry/Sunny,Low,Myclobutanil,Chemical,2.0 pts/acre,37,Success,Myclobutanil used during Fruiting stage under Dry/Sunny conditions for Low Cedar Apple Rust. Outcome: Success. Recommended.
4c7ce5cc,4/18/2025,Grape,Esca (Black Measles),Harvest Ready,Dry/Sunny,Moderate,Pruning & Sanitation,Mechanical,2.0 pts/acre,104,Partial Control,Pruning & Sanitation used during Harvest Ready stage under Dry/Sunny conditions for Moderate Esca (Black Measles). Outcome: Partial Control. Recommended.
187f0130,9/24/2025,Apple,Apple Scab,Vegetative,Hot,Moderate,Captan,Chemical,2.0 pts/acre,25,Success,Captan used during Vegetative stage under Hot conditions for Moderate Apple Scab. Outcome: Success. Recommended.
215ff60d,3/26/2025,Potato,Late Blight,Vegetative,Cold,Low,Fixed Copper,Organic,2.0 pts/acre,13,Partial Control,Fixed Copper used during Vegetative stage under Cold conditions for Low Late Blight. Outcome: Partial Control. Recommended.
99dd0a24,10/12/2025,Grape,Esca (Black Measles),Seedling,Cold,Critical,Trichoderma species,Organic,3.0 pts/acre,43,Failure,Trichoderma species used during Seedling stage under Cold conditions for Critical Esca (Black Measles). Outcome: Failure. Recommended.
4d11d3e8,12/18/2025,Potato,Early Blight,Flowering,Hot,Critical,Bacillus subtilis,Organic,3.0 pts/acre,31,Failure,Bacillus subtilis used during Flowering stage under Hot conditions for Critical Early Blight. Outcome: Failure. Recommended.
2b788f16,12/25/2025,Potato,Late Blight,Vegetative,Cold,High,Ridomil Gold,Chemical,3.0 pts/acre,56,Success,Ridomil Gold used during Vegetative stage under Cold conditions for High Late Blight. Outcome: Success. Recommended.
0f0668d4,4/15/2025,Apple,Apple Scab,Fruiting,Hot,Critical,Captan,Chemical,3.0 pts/acre,27,Success,Captan used during Fruiting stage under Hot conditions for Critical Apple Scab. Outcome: Success. Recommended.
cf5d79e4,9/22/2025,Grape,Black Rot,Flowering,Rainy,High,Lime Sulfur,Organic,3.0 pts/acre,16,Failure,Lime Sulfur used during Flowering stage under Rainy conditions for High Black Rot. Outcome: Failure. Recommended.
7cd8c941,1/28/2026,Grape,Esca (Black Measles),Flowering,Humid,Moderate,Trichoderma species,Organic,2.0 pts/acre,36,Partial Control,Trichoderma species used during Flowering stage under Humid conditions for Moderate Esca (Black Measles). Outcome: Partial Control. Recommended.
b68cf934,5/28/2025,Apple,Apple Scab,Harvest Ready,Dry/Sunny,Critical,Myclobutanil,Chemical,3.0 pts/acre,37,Failure,Myclobutanil used during Harvest Ready stage under Dry/Sunny conditions for Critical Apple Scab. Outcome: Failure. unsafe due to PHI (14 days).
f76e3303,4/28/2025,Tomato,Early Blight,Harvest Ready,Hot,High,Copper Hydroxide,Organic,3.0 pts/acre,19,Partial Control,Copper Hydroxide used during Harvest Ready stage under Hot conditions for High Early Blight. Outcome: Partial Control. Recommended.
b55020e6,5/11/2025,Tomato,Early Blight,Seedling,Humid,Moderate,Mancozeb (Dithane),Chemical,2.0 pts/acre,19,Success,Mancozeb (Dithane) used during Seedling stage under Humid conditions for Moderate Early Blight. Outcome: Success. Recommended.
db5c570b,8/27/2025,Potato,Late Blight,Flowering,Cold,High,Propamocarb,Chemical,3.0 pts/acre,39,Success,Propamocarb used during Flowering stage under Cold conditions for High Late Blight. Outcome: Success. Recommended.
b1a9855d,10/23/2025,Grape,Black Rot,Flowering,Dry/Sunny,Low,Captan,Chemical,2.0 pts/acre,23,Success,Captan used during Flowering stage under Dry/Sunny conditions for Low Black Rot. Outcome: Success. Recommended.
b01acd74,9/17/2025,Apple,Apple Scab,Seedling,Dry/Sunny,Moderate,Myclobutanil,Chemical,2.0 pts/acre,41,Success,Myclobutanil used during Seedling stage under Dry/Sunny conditions for Moderate Apple Scab. Outcome: Success. Recommended.
4ef2d5c2,4/19/2025,Tomato,Late Blight,Vegetative,Hot,High,Ridomil Gold,Chemical,3.0 pts/acre,56,Success,Ridomil Gold used during Vegetative stage under Hot conditions for High Late Blight. Outcome: Success. Recommended.
401193c5,3/7/2025,Grape,Leaf Blight,Vegetative,Humid,High,Mancozeb,Chemical,3.0 pts/acre,21,Partial Control,Mancozeb used during Vegetative stage under Humid conditions for High Leaf Blight. Outcome: Partial Control. Recommended.
94e79e93,11/11/2025,Grape,Leaf Blight,Vegetative,Cold,Critical,Mancozeb,Chemical,3.0 pts/acre,19,Success,Mancozeb used during Vegetative stage under Cold conditions for Critical Leaf Blight. Outcome: Success. Recommended.
00708ed9,5/31/2025,Tomato,Early Blight,Fruiting,Humid,Moderate,Chlorothalonil (Bravo),Chemical,2.0 pts/acre,20,Success,Chlorothalonil (Bravo) used during Fruiting stage under Humid conditions for Moderate Early Blight. Outcome: Success. Recommended.
772c10fd,6/18/2025,Potato,Late Blight,Vegetative,Rainy,Critical,Fixed Copper,Organic,3.0 pts/acre,20,Failure,Fixed Copper used during Vegetative stage under Rainy conditions for Critical Late Blight. Outcome: Failure. Recommended.
d29fd114,7/4/2025,Grape,Black Rot,Vegetative,Cold,High,Thiophanate-methyl,Chemical,3.0 pts/acre,29,Success,Thiophanate-methyl used during Vegetative stage under Cold conditions for High Black Rot. Outcome: Success. Recommended.
5a58284a,12/6/2025,Grape,Black Rot,Flowering,Dry/Sunny,Critical,Captan,Chemical,3.0 pts/acre,19,Success,Captan used during Flowering stage under Dry/Sunny conditions for Critical Black Rot. Outcome: Success. Recommended.
33a0bf52,7/13/2025,Apple,Apple Scab,Flowering,Cold,Low,Myclobutanil,Chemical,2.0 pts/acre,38,Success,Myclobutanil used during Flowering stage under Cold conditions for Low Apple Scab. Outcome: Success. Recommended.
4867ef08,10/14/2025,Grape,Black Rot,Fruiting,Hot,Critical,Lime Sulfur,Organic,3.0 pts/acre,10,Failure,Lime Sulfur used during Fruiting stage under Hot conditions for Critical Black Rot. Outcome: Failure. Recommended.
1989fe4c,7/20/2025,Apple,Black Rot,Fruiting,Rainy,Moderate,Thiophanate-methyl,Chemical,2.0 pts/acre,27,Partial Control,Thiophanate-methyl used during Fruiting stage under Rainy conditions for Moderate Black Rot. Outcome: Partial Control. Recommended.
0f3d5951,4/30/2025,Tomato,Late Blight,Fruiting,Humid,Moderate,Propamocarb,Chemical,2.0 pts/acre,36,Success,Propamocarb used during Fruiting stage under Humid conditions for Moderate Late Blight. Outcome: Success. Recommended.
28a12362,4/13/2025,Tomato,Bacterial Spot,Harvest Ready,Dry/Sunny,Moderate,Agri-Mycin,Chemical,2.0 pts/acre,38,Partial Control,Agri-Mycin used during Harvest Ready stage under Dry/Sunny conditions for Moderate Bacterial Spot. Outcome: Partial Control. Recommended.
fa17b1e7,6/27/2025,Apple,Apple Scab,Flowering,Hot,Moderate,Captan,Chemical,2.0 pts/acre,20,Success,Captan used during Flowering stage under Hot conditions for Moderate Apple Scab. Outcome: Success. Recommended.
bc8d2601,2/11/2026,Potato,Early Blight,Fruiting,Hot,High,Mancozeb (Dithane),Chemical,3.0 pts/acre,17,Partial Control,Mancozeb (Dithane) used during Fruiting stage under Hot conditions for High Early Blight. Outcome: Partial Control. Recommended.
92a9a024,1/13/2026,Tomato,Late Blight,Fruiting,Dry/Sunny,Moderate,Propamocarb,Chemical,2.0 pts/acre,40,Success,Propamocarb used during Fruiting stage under Dry/Sunny conditions for Moderate Late Blight. Outcome: Success. Recommended.
0641eab5,1/10/2026,Potato,Late Blight,Vegetative,Dry/Sunny,Moderate,Fixed Copper,Organic,2.0 pts/acre,11,Partial Control,Fixed Copper used during Vegetative stage under Dry/Sunny conditions for Moderate Late Blight. Outcome: Partial Control. Recommended.
281823ef,6/11/2025,Apple,Apple Scab,Harvest Ready,Dry/Sunny,Moderate,Captan,Chemical,2.0 pts/acre,25,Success,Captan used during Harvest Ready stage under Dry/Sunny conditions for Moderate Apple Scab. Outcome: Success. Recommended.
db1838bf,6/17/2025,Tomato,Bacterial Spot,Flowering,Humid,Low,Bacteriophages,Organic,2.0 pts/acre,49,Partial Control,Bacteriophages used during Flowering stage under Humid conditions for Low Bacterial Spot. Outcome: Partial Control. Recommended.
a9b783de,7/22/2025,Grape,Black Rot,Seedling,Cold,Critical,Thiophanate-methyl,Chemical,3.0 pts/acre,27,Success,Thiophanate-methyl used during Seedling stage under Cold conditions for Critical Black Rot. Outcome: Success. Recommended.
477f6625,7/15/2025,Apple,Cedar Apple Rust,Fruiting,Rainy,Critical,Propiconazole,Chemical,3.0 pts/acre,30,Success,Propiconazole used during Fruiting stage under Rainy conditions for Critical Cedar Apple Rust. Outcome: Success. Recommended.
025aa188,9/23/2025,Apple,Black Rot,Fruiting,Dry/Sunny,High,Lime Sulfur,Organic,3.0 pts/acre,7,Failure,Lime Sulfur used during Fruiting stage under Dry/Sunny conditions for High Black Rot. Outcome: Failure. Recommended.
f618ac01,9/7/2025,Grape,Esca (Black Measles),Vegetative,Hot,High,Trichoderma species,Organic,3.0 pts/acre,43,Failure,Trichoderma species used during Vegetative stage under Hot conditions for High Esca (Black Measles). Outcome: Failure. Recommended.
8106ad1d,4/28/2025,Apple,Apple Scab,Flowering,Rainy,Critical,Myclobutanil,Chemical,3.0 pts/acre,38,Success,Myclobutanil used during Flowering stage under Rainy conditions for Critical Apple Scab. Outcome: Success. Recommended.
94b73a78,5/22/2025,Apple,Black Rot,Flowering,Rainy,Moderate,Lime Sulfur,Organic,2.0 pts/acre,12,Failure,Lime Sulfur used during Flowering stage under Rainy conditions for Moderate Black Rot. Outcome: Failure. Recommended.
4011b096,6/17/2025,Grape,Black Rot,Harvest Ready,Humid,Moderate,Captan,Chemical,2.0 pts/acre,24,Success,Captan used during Harvest Ready stage under Humid conditions for Moderate Black Rot. Outcome: Success. Recommended.
a9583b40,3/18/2025,Grape,Black Rot,Seedling,Cold,Low,Captan,Chemical,2.0 pts/acre,21,Success,Captan used during Seedling stage under Cold conditions for Low Black Rot. Outcome: Success. Recommended.
69685d6a,5/16/2025,Potato,Late Blight,Flowering,Dry/Sunny,High,Ridomil Gold,Chemical,3.0 pts/acre,59,Success,Ridomil Gold used during Flowering stage under Dry/Sunny conditions for High Late Blight. Outcome: Success. Recommended.
6401fad7,4/25/2025,Apple,Cedar Apple Rust,Harvest Ready,Hot,Low,Myclobutanil,Chemical,2.0 pts/acre,41,Failure,Myclobutanil used during Harvest Ready stage under Hot conditions for Low Cedar Apple Rust. Outcome: Failure. unsafe due to PHI (14 days).
2cfb30bc,7/21/2025,Apple,Apple Scab,Fruiting,Dry/Sunny,Critical,Captan,Chemical,3.0 pts/acre,26,Success,Captan used during Fruiting stage under Dry/Sunny conditions for Critical Apple Scab. Outcome: Success. Recommended.
c51d8758,4/25/2025,Potato,Early Blight,Flowering,Hot,Low,Azoxystrobin (Quadris),Chemical,2.0 pts/acre,46,Success,Azoxystrobin (Quadris) used during Flowering stage under Hot conditions for Low Early Blight. Outcome: Success. Recommended.
6fa57948,1/6/2026,Potato,Early Blight,Harvest Ready,Rainy,Critical,Azoxystrobin (Quadris),Chemical,3.0 pts/acre,40,Success,Azoxystrobin (Quadris) used during Harvest Ready stage under Rainy conditions for Critical Early Blight. Outcome: Success. Recommended.
b5178f95,2/3/2026,Apple,Apple Scab,Flowering,Humid,Critical,Myclobutanil,Chemical,3.0 pts/acre,42,Success,Myclobutanil used during Flowering stage under Humid conditions for Critical Apple Scab. Outcome: Success. Recommended.
1af475f9,5/31/2025,Grape,Black Rot,Seedling,Dry/Sunny,Low,Lime Sulfur,Organic,2.0 pts/acre,11,Partial Control,Lime Sulfur used during Seedling stage under Dry/Sunny conditions for Low Black Rot. Outcome: Partial Control. Recommended.
f64c986a,6/30/2025,Tomato,Late Blight,Seedling,Humid,Critical,Fixed Copper,Organic,3.0 pts/acre,13,Failure,Fixed Copper used during Seedling stage under Humid conditions for Critical Late Blight. Outcome: Failure. Recommended.
7f265b50,7/13/2025,Apple,Black Rot,Harvest Ready,Dry/Sunny,High,Thiophanate-methyl,Chemical,3.0 pts/acre,34,Success,Thiophanate-methyl used during Harvest Ready stage under Dry/Sunny conditions for High Black Rot. Outcome: Success. Recommended.
1ce70535,2/5/2026,Potato,Early Blight,Harvest Ready,Dry/Sunny,Critical,Copper Hydroxide,Organic,3.0 pts/acre,20,Failure,Copper Hydroxide used during Harvest Ready stage under Dry/Sunny conditions for Critical Early Blight. Outcome: Failure. Recommended.
efc56b9c,5/22/2025,Apple,Apple Scab,Harvest Ready,Rainy,High,Sulfur,Organic,3.0 pts/acre,15,Failure,Sulfur used during Harvest Ready stage under Rainy conditions for High Apple Scab. Outcome: Failure. Recommended.
217b870c,4/26/2025,Apple,Black Rot,Fruiting,Hot,Moderate,Thiophanate-methyl,Chemical,2.0 pts/acre,29,Success,Thiophanate-methyl used during Fruiting stage under Hot conditions for Moderate Black Rot. Outcome: Success. Recommended.
3e9fe48e,3/22/2025,Potato,Late Blight,Seedling,Cold,Low,Propamocarb,Chemical,2.0 pts/acre,35,Success,Propamocarb used during Seedling stage under Cold conditions for Low Late Blight. Outcome: Success. Recommended.
c4dddf8a,10/12/2025,Grape,Black Rot,Flowering,Rainy,High,Lime Sulfur,Organic,3.0 pts/acre,12,Failure,Lime Sulfur used during Flowering stage under Rainy conditions for High Black Rot. Outcome: Failure. Recommended.
c8bfac8f,12/10/2025,Potato,Late Blight,Seedling,Humid,Moderate,Ridomil Gold,Chemical,2.0 pts/acre,58,Success,Ridomil Gold used during Seedling stage under Humid conditions for Moderate Late Blight. Outcome: Success. Recommended.
be7031f1,5/26/2025,Grape,Black Rot,Seedling,Hot,Critical,Lime Sulfur,Organic,3.0 pts/acre,8,Failure,Lime Sulfur used during Seedling stage under Hot conditions for Critical Black Rot. Outcome: Failure. Recommended.
7d1bc388,3/31/2025,Apple,Black Rot,Seedling,Humid,High,Thiophanate-methyl,Chemical,3.0 pts/acre,36,Success,Thiophanate-methyl used during Seedling stage under Humid conditions for High Black Rot. Outcome: Success. Recommended.
4b1427e5,4/9/2025,Tomato,Early Blight,Harvest Ready,Rainy,Low,Bacillus subtilis,Organic,2.0 pts/acre,25,Failure,Bacillus subtilis used during Harvest Ready stage under Rainy conditions for Low Early Blight. Outcome: Failure. Recommended.
859aad51,8/31/2025,Tomato,Late Blight,Seedling,Rainy,Low,Fixed Copper,Organic,2.0 pts/acre,12,Partial Control,Fixed Copper used during Seedling stage under Rainy conditions for Low Late Blight. Outcome: Partial Control. Recommended.
2f0ff8d2,9/11/2025,Potato,Late Blight,Vegetative,Rainy,Moderate,Ridomil Gold,Chemical,2.0 pts/acre,59,Success,Ridomil Gold used during Vegetative stage under Rainy conditions for Moderate Late Blight. Outcome: Success. Recommended.
65b17002,7/2/2025,Potato,Early Blight,Fruiting,Cold,Moderate,Azoxystrobin (Quadris),Chemical,2.0 pts/acre,50,Success,Azoxystrobin (Quadris) used during Fruiting stage under Cold conditions for Moderate Early Blight. Outcome: Success. Recommended.
d6e20eca,9/7/2025,Apple,Apple Scab,Vegetative,Humid,Low,Sulfur,Organic,2.0 pts/acre,10,Partial Control,Sulfur used during Vegetative stage under Humid conditions for Low Apple Scab. Outcome: Partial Control. Recommended.
36f1d774,8/26/2025,Tomato,Early Blight,Harvest Ready,Cold,High,Chlorothalonil (Bravo),Chemical,3.0 pts/acre,24,Success,Chlorothalonil (Bravo) used during Harvest Ready stage under Cold conditions for High Early Blight. Outcome: Success. Recommended.
cf59bdea,6/28/2025,Apple,Cedar Apple Rust,Fruiting,Dry/Sunny,Low,Propiconazole,Chemical,2.0 pts/acre,25,Success,Propiconazole used during Fruiting stage under Dry/Sunny conditions for Low Cedar Apple Rust. Outcome: Success. Recommended.
1bf6df79,10/26/2025,Grape,Esca (Black Measles),Flowering,Dry/Sunny,Low,Pruning & Sanitation,Mechanical,2.0 pts/acre,104,Partial Control,Pruning & Sanitation used during Flowering stage under Dry/Sunny conditions for Low Esca (Black Measles). Outcome: Partial Control. Recommended.
0b93abd8,7/26/2025,Apple,Apple Scab,Harvest Ready,Rainy,Critical,Myclobutanil,Chemical,3.0 pts/acre,36,Failure,Myclobutanil used during Harvest Ready stage under Rainy conditions for Critical Apple Scab. Outcome: Failure. unsafe due to PHI (14 days).
bf4d79ea,2/13/2026,Apple,Apple Scab,Vegetative,Humid,Critical,Myclobutanil,Chemical,3.0 pts/acre,41,Success,Myclobutanil used during Vegetative stage under Humid conditions for Critical Apple Scab. Outcome: Success. Recommended.
d7758d7f,5/17/2025,Potato,Early Blight,Flowering,Humid,Low,Chlorothalonil (Bravo),Chemical,2.0 pts/acre,23,Success,Chlorothalonil (Bravo) used during Flowering stage under Humid conditions for Low Early Blight. Outcome: Success. Recommended.
30be52ad,5/31/2025,Potato,Late Blight,Flowering,Rainy,High,Fixed Copper,Organic,3.0 pts/acre,12,Failure,Fixed Copper used during Flowering stage under Rainy conditions for High Late Blight. Outcome: Failure. Recommended.
d5865a2d,9/2/2025,Grape,Black Rot,Harvest Ready,Humid,High,Thiophanate-methyl,Chemical,3.0 pts/acre,37,Success,Thiophanate-methyl used during Harvest Ready stage under Humid conditions for High Black Rot. Outcome: Success. Recommended.
0174719d,11/15/2025,Grape,Esca (Black Measles),Fruiting,Humid,Moderate,Trichoderma species,Organic,2.0 pts/acre,36,Partial Control,Trichoderma species used during Fruiting stage under Humid conditions for Moderate Esca (Black Measles). Outcome: Partial Control. Recommended.
8a6f4b16,11/6/2025,Apple,Cedar Apple Rust,Seedling,Dry/Sunny,Critical,Myclobutanil,Chemical,3.0 pts/acre,43,Success,Myclobutanil used during Seedling stage under Dry/Sunny conditions for Critical Cedar Apple Rust. Outcome: Success. Recommended.
b442da4d,1/25/2026,Grape,Black Rot,Flowering,Humid,High,Lime Sulfur,Organic,3.0 pts/acre,16,Failure,Lime Sulfur used during Flowering stage under Humid conditions for High Black Rot. Outcome: Failure. Recommended.
963bb408,11/28/2025,Potato,Late Blight,Harvest Ready,Hot,Low,Ridomil Gold,Chemical,2.0 pts/acre,60,Failure,Ridomil Gold used during Harvest Ready stage under Hot conditions for Low Late Blight. Outcome: Failure. unsafe due to PHI (5 days).
d0fbc5eb,7/19/2025,Potato,Early Blight,Harvest Ready,Cold,Moderate,Bacillus subtilis,Organic,2.0 pts/acre,26,Partial Control,Bacillus subtilis used during Harvest Ready stage under Cold conditions for Moderate Early Blight. Outcome: Partial Control. Recommended.
5089701c,5/2/2025,Potato,Late Blight,Seedling,Dry/Sunny,Moderate,Fixed Copper,Organic,2.0 pts/acre,20,Partial Control,Fixed Copper used during Seedling stage under Dry/Sunny conditions for Moderate Late Blight. Outcome: Partial Control. Recommended.
ed724ffa,2/22/2025,Tomato,Bacterial Spot,Harvest Ready,Cold,High,Agri-Mycin,Chemical,3.0 pts/acre,33,Partial Control,Agri-Mycin used during Harvest Ready stage under Cold conditions for High Bacterial Spot. Outcome: Partial Control. Recommended.
7db76089,1/8/2026,Grape,Leaf Blight,Seedling,Cold,Critical,Mancozeb,Chemical,3.0 pts/acre,21,Success,Mancozeb used during Seedling stage under Cold conditions for Critical Leaf Blight. Outcome: Success. Recommended.
51109090,7/11/2025,Potato,Late Blight,Harvest Ready,Humid,High,Propamocarb,Chemical,3.0 pts/acre,43,Failure,Propamocarb used during Harvest Ready stage under Humid conditions for High Late Blight. Outcome: Failure. unsafe due to PHI (5 days).
724d1675,11/21/2025,Potato,Late Blight,Flowering,Hot,Critical,Propamocarb,Chemical,3.0 pts/acre,37,Success,Propamocarb used during Flowering stage under Hot conditions for Critical Late Blight. Outcome: Success. Recommended.
52721aa2,6/30/2025,Apple,Cedar Apple Rust,Flowering,Hot,High,Myclobutanil,Chemical,3.0 pts/acre,42,Success,Myclobutanil used during Flowering stage under Hot conditions for High Cedar Apple Rust. Outcome: Success. Recommended.
f773beed,11/2/2025,Apple,Black Rot,Harvest Ready,Humid,High,Captan,Chemical,3.0 pts/acre,26,Partial Control,Captan used during Harvest Ready stage under Humid conditions for High Black Rot. Outcome: Partial Control. Recommended.
5bd313c0,2/1/2026,Grape,Esca (Black Measles),Vegetative,Cold,Critical,Pruning & Sanitation,Mechanical,3.0 pts/acre,98,Partial Control,Pruning & Sanitation used during Vegetative stage under Cold conditions for Critical Esca (Black Measles). Outcome: Partial Control. Recommended.
27fce036,12/25/2025,Potato,Early Blight,Harvest Ready,Humid,Critical,Chlorothalonil (Bravo),Chemical,3.0 pts/acre,25,Success,Chlorothalonil (Bravo) used during Harvest Ready stage under Humid conditions for Critical Early Blight. Outcome: Success. Recommended.
b7849f02,12/23/2025,Potato,Late Blight,Fruiting,Hot,High,Ridomil Gold,Chemical,3.0 pts/acre,53,Success,Ridomil Gold used during Fruiting stage under Hot conditions for High Late Blight. Outcome: Success. Recommended.
1c9b5076,9/12/2025,Potato,Late Blight,Fruiting,Humid,Moderate,Propamocarb,Chemical,2.0 pts/acre,42,Success,Propamocarb used during Fruiting stage under Humid conditions for Moderate Late Blight. Outcome: Success. Recommended.
dff390f0,12/6/2025,Apple,Apple Scab,Flowering,Cold,Moderate,Myclobutanil,Chemical,2.0 pts/acre,33,Success,Myclobutanil used during Flowering stage under Cold conditions for Moderate Apple Scab. Outcome: Success. Recommended.
f3e36489,5/27/2025,Tomato,Late Blight,Fruiting,Humid,Low,Propamocarb,Chemical,2.0 pts/acre,43,Success,Propamocarb used during Fruiting stage under Humid conditions for Low Late Blight. Outcome: Success. Recommended.
6.77E+12,10/22/2025,Tomato,Early Blight,Flowering,Dry/Sunny,Low,Bacillus subtilis,Organic,2.0 pts/acre,31,Partial Control,Bacillus subtilis used during Flowering stage under Dry/Sunny conditions for Low Early Blight. Outcome: Partial Control. Recommended.
97e16024,2/3/2026,Tomato,Early Blight,Harvest Ready,Hot,Critical,Azoxystrobin (Quadris),Chemical,3.0 pts/acre,45,Success,Azoxystrobin (Quadris) used during Harvest Ready stage under Hot conditions for Critical Early Blight. Outcome: Success. Recommended.
025f84b1,8/27/2025,Potato,Late Blight,Seedling,Rainy,Low,Propamocarb,Chemical,2.0 pts/acre,37,Partial Control,Propamocarb used during Seedling stage under Rainy conditions for Low Late Blight. Outcome: Partial Control. Recommended.
23ab3ebf,9/9/2025,Tomato,Bacterial Spot,Flowering,Dry/Sunny,High,Agri-Mycin,Chemical,3.0 pts/acre,35,Partial Control,Agri-Mycin used during Flowering stage under Dry/Sunny conditions for High Bacterial Spot. Outcome: Partial Control. Recommended.
cb82b64b,1/24/2026,Grape,Black Rot,Vegetative,Cold,Low,Captan,Chemical,2.0 pts/acre,17,Success,Captan used during Vegetative stage under Cold conditions for Low Black Rot. Outcome: Success. Recommended.
157b0d28,4/6/2025,Grape,Esca (Black Measles),Fruiting,Rainy,Critical,Trichoderma species,Organic,3.0 pts/acre,40,Failure,Trichoderma species used during Fruiting stage under Rainy conditions for Critical Esca (Black Measles). Outcome: Failure. Recommended.
90c0b6af,2/12/2026,Tomato,Bacterial Spot,Seedling,Dry/Sunny,Moderate,Agri-Mycin,Chemical,2.0 pts/acre,36,Partial Control,Agri-Mycin used during Seedling stage under Dry/Sunny conditions for Moderate Bacterial Spot. Outcome: Partial Control. Recommended.
f87a7391,8/13/2025,Grape,Leaf Blight,Harvest Ready,Dry/Sunny,Critical,Mancozeb,Chemical,3.0 pts/acre,19,Failure,Mancozeb used during Harvest Ready stage under Dry/Sunny conditions for Critical Leaf Blight. Outcome: Failure. unsafe due to PHI (66 days).
ce462ed2,8/19/2025,Potato,Late Blight,Seedling,Humid,Low,Propamocarb,Chemical,2.0 pts/acre,39,Success,Propamocarb used during Seedling stage under Humid conditions for Low Late Blight. Outcome: Success. Recommended.
98592823,4/24/2025,Potato,Early Blight,Flowering,Rainy,High,Copper Hydroxide,Organic,3.0 pts/acre,17,Failure,Copper Hydroxide used during Flowering stage under Rainy conditions for High Early Blight. Outcome: Failure. Recommended.
bf50104d,1/15/2026,Tomato,Bacterial Spot,Flowering,Rainy,Low,Copper + Mancozeb,Chemical,2.0 pts/acre,22,Partial Control,Copper + Mancozeb used during Flowering stage under Rainy conditions for Low Bacterial Spot. Outcome: Partial Control. Recommended.
73af85c7,3/26/2025,Apple,Cedar Apple Rust,Vegetative,Rainy,Low,Propiconazole,Chemical,2.0 pts/acre,28,Success,Propiconazole used during Vegetative stage under Rainy conditions for Low Cedar Apple Rust. Outcome: Success. Recommended.
219ab3ba,12/3/2025,Grape,Leaf Blight,Flowering,Rainy,Critical,Copper Oxychloride,Chemical,3.0 pts/acre,14,Partial Control,Copper Oxychloride used during Flowering stage under Rainy conditions for Critical Leaf Blight. Outcome: Partial Control. Recommended.
369343b4,5/5/2025,Tomato,Bacterial Spot,Fruiting,Hot,Critical,Copper + Mancozeb,Chemical,3.0 pts/acre,28,Success,Copper + Mancozeb used during Fruiting stage under Hot conditions for Critical Bacterial Spot. Outcome: Success. Recommended.
9666fd4b,4/29/2025,Tomato,Early Blight,Flowering,Dry/Sunny,Moderate,Azoxystrobin (Quadris),Chemical,2.0 pts/acre,43,Success,Azoxystrobin (Quadris) used during Flowering stage under Dry/Sunny conditions for Moderate Early Blight. Outcome: Success. Recommended.
3f3f82cb,9/24/2025,Apple,Cedar Apple Rust,Seedling,Dry/Sunny,Low,Propiconazole,Chemical,2.0 pts/acre,34,Success,Propiconazole used during Seedling stage under Dry/Sunny conditions for Low Cedar Apple Rust. Outcome: Success. Recommended.
e42b9b4d,2/18/2026,Potato,Early Blight,Flowering,Cold,Critical,Chlorothalonil (Bravo),Chemical,3.0 pts/acre,25,Success,Chlorothalonil (Bravo) used during Flowering stage under Cold conditions for Critical Early Blight. Outcome: Success. Recommended.
ef13aa4e,6/8/2025,Potato,Late Blight,Flowering,Dry/Sunny,Moderate,Ridomil Gold,Chemical,2.0 pts/acre,50,Success,Ridomil Gold used during Flowering stage under Dry/Sunny conditions for Moderate Late Blight. Outcome: Success. Recommended.
cd6a42c3,1/5/2026,Potato,Early Blight,Harvest Ready,Humid,Critical,Chlorothalonil (Bravo),Chemical,3.0 pts/acre,27,Success,Chlorothalonil (Bravo) used during Harvest Ready stage under Humid conditions for Critical Early Blight. Outcome: Success. Recommended.
124df4b3,2/24/2025,Apple,Apple Scab,Seedling,Rainy,Low,Myclobutanil,Chemical,2.0 pts/acre,39,Success,Myclobutanil used during Seedling stage under Rainy conditions for Low Apple Scab. Outcome: Success. Recommended.
672c696b,4/22/2025,Potato,Early Blight,Fruiting,Rainy,Moderate,Mancozeb (Dithane),Chemical,2.0 pts/acre,22,Partial Control,Mancozeb (Dithane) used during Fruiting stage under Rainy conditions for Moderate Early Blight. Outcome: Partial Control. Recommended.
22f7588a,2/27/2025,Apple,Black Rot,Flowering,Rainy,Low,Lime Sulfur,Organic,2.0 pts/acre,17,Failure,Lime Sulfur used during Flowering stage under Rainy conditions for Low Black Rot. Outcome: Failure. Recommended.
453e7d94,10/25/2025,Tomato,Bacterial Spot,Flowering,Dry/Sunny,Critical,Bacteriophages,Organic,3.0 pts/acre,47,Failure,Bacteriophages used during Flowering stage under Dry/Sunny conditions for Critical Bacterial Spot. Outcome: Failure. Recommended.
af29252b,7/31/2025,Tomato,Bacterial Spot,Fruiting,Dry/Sunny,High,Bacteriophages,Organic,3.0 pts/acre,55,Partial Control,Bacteriophages used during Fruiting stage under Dry/Sunny conditions for High Bacterial Spot. Outcome: Partial Control. Recommended.
de0d1429,7/9/2025,Apple,Apple Scab,Flowering,Hot,Moderate,Captan,Chemical,2.0 pts/acre,25,Success,Captan used during Flowering stage under Hot conditions for Moderate Apple Scab. Outcome: Success. Recommended.
95a5736f,2/25/2025,Potato,Early Blight,Fruiting,Dry/Sunny,Low,Azoxystrobin (Quadris),Chemical,2.0 pts/acre,44,Success,Azoxystrobin (Quadris) used during Fruiting stage under Dry/Sunny conditions for Low Early Blight. Outcome: Success. Recommended.
0d28a81f,12/4/2025,Apple,Cedar Apple Rust,Seedling,Dry/Sunny,Critical,Propiconazole,Chemical,3.0 pts/acre,29,Success,Propiconazole used during Seedling stage under Dry/Sunny conditions for Critical Cedar Apple Rust. Outcome: Success. Recommended.
60c25fa8,6/13/2025,Tomato,Early Blight,Seedling,Hot,Moderate,Chlorothalonil (Bravo),Chemical,2.0 pts/acre,28,Success,Chlorothalonil (Bravo) used during Seedling stage under Hot conditions for Moderate Early Blight. Outcome: Success. Recommended.
e7a795cd,11/9/2025,Tomato,Bacterial Spot,Seedling,Humid,Moderate,Agri-Mycin,Chemical,2.0 pts/acre,40,Partial Control,Agri-Mycin used during Seedling stage under Humid conditions for Moderate Bacterial Spot. Outcome: Partial Control. Recommended.
cdec2ba0,11/23/2025,Grape,Esca (Black Measles),Fruiting,Humid,Low,Pruning & Sanitation,Mechanical,2.0 pts/acre,103,Partial Control,Pruning & Sanitation used during Fruiting stage under Humid conditions for Low Esca (Black Measles). Outcome: Partial Control. Recommended.
2399d486,6/3/2025,Grape,Black Rot,Flowering,Dry/Sunny,Moderate,Thiophanate-methyl,Chemical,2.0 pts/acre,36,Success,Thiophanate-methyl used during Flowering stage under Dry/Sunny conditions for Moderate Black Rot. Outcome: Success. Recommended.
c13897ae,8/28/2025,Apple,Apple Scab,Flowering,Rainy,Low,Myclobutanil,Chemical,2.0 pts/acre,33,Success,Myclobutanil used during Flowering stage under Rainy conditions for Low Apple Scab. Outcome: Success. Recommended.
3468336b,3/5/2025,Grape,Esca (Black Measles),Fruiting,Dry/Sunny,Moderate,Pruning & Sanitation,Mechanical,2.0 pts/acre,100,Partial Control,Pruning & Sanitation used during Fruiting stage under Dry/Sunny conditions for Moderate Esca (Black Measles). Outcome: Partial Control. Recommended.
ae350d2d,10/17/2025,Potato,Early Blight,Harvest Ready,Dry/Sunny,Low,Copper Hydroxide,Organic,2.0 pts/acre,17,Partial Control,Copper Hydroxide used during Harvest Ready stage under Dry/Sunny conditions for Low Early Blight. Outcome: Partial Control. Recommended.
2ac59529,6/7/2025,Apple,Apple Scab,Vegetative,Hot,Low,Captan,Chemical,2.0 pts/acre,27,Success,Captan used during Vegetative stage under Hot conditions for Low Apple Scab. Outcome: Success. Recommended.
972f61c6,7/17/2025,Apple,Black Rot,Fruiting,Rainy,High,Captan,Chemical,3.0 pts/acre,17,Partial Control,Captan used during Fruiting stage under Rainy conditions for High Black Rot. Outcome: Partial Control. Recommended.
e4e2a353,12/12/2025,Grape,Esca (Black Measles),Flowering,Dry/Sunny,Critical,Pruning & Sanitation,Mechanical,3.0 pts/acre,100,Partial Control,Pruning & Sanitation used during Flowering stage under Dry/Sunny conditions for Critical Esca (Black Measles). Outcome: Partial Control. Recommended.
af48ab1c,11/8/2025,Potato,Early Blight,Vegetative,Hot,High,Copper Hydroxide,Organic,3.0 pts/acre,15,Partial Control,Copper Hydroxide used during Vegetative stage under Hot conditions for High Early Blight. Outcome: Partial Control. Recommended.
191b4347,6/11/2025,Potato,Late Blight,Fruiting,Rainy,Critical,Ridomil Gold,Chemical,3.0 pts/acre,54,Success,Ridomil Gold used during Fruiting stage under Rainy conditions for Critical Late Blight. Outcome: Success. Recommended.
432d51e6,6/13/2025,Apple,Black Rot,Harvest Ready,Humid,Critical,Thiophanate-methyl,Chemical,3.0 pts/acre,28,Success,Thiophanate-methyl used during Harvest Ready stage under Humid conditions for Critical Black Rot. Outcome: Success. Recommended.
0af4a5ea,3/21/2025,Apple,Apple Scab,Harvest Ready,Rainy,Low,Myclobutanil,Chemical,2.0 pts/acre,33,Failure,Myclobutanil used during Harvest Ready stage under Rainy conditions for Low Apple Scab. Outcome: Failure. unsafe due to PHI (14 days).
646936ff,2/6/2026,Grape,Esca (Black Measles),Harvest Ready,Dry/Sunny,High,Trichoderma species,Organic,3.0 pts/acre,42,Failure,Trichoderma species used during Harvest Ready stage under Dry/Sunny conditions for High Esca (Black Measles). Outcome: Failure. Recommended.
81a59c2b,2/19/2025,Tomato,Bacterial Spot,Flowering,Cold,Low,Agri-Mycin,Chemical,2.0 pts/acre,39,Partial Control,Agri-Mycin used during Flowering stage under Cold conditions for Low Bacterial Spot. Outcome: Partial Control. Recommended.
233b5c77,7/17/2025,Tomato,Late Blight,Harvest Ready,Hot,High,Fixed Copper,Organic,3.0 pts/acre,16,Partial Control,Fixed Copper used during Harvest Ready stage under Hot conditions for High Late Blight. Outcome: Partial Control. Recommended.
a053f63c,3/31/2025,Tomato,Early Blight,Vegetative,Humid,Low,Mancozeb (Dithane),Chemical,2.0 pts/acre,24,Success,Mancozeb (Dithane) used during Vegetative stage under Humid conditions for Low Early Blight. Outcome: Success. Recommended.
6f337d3e,10/14/2025,Tomato,Late Blight,Flowering,Rainy,Low,Fixed Copper,Organic,2.0 pts/acre,10,Partial Control,Fixed Copper used during Flowering stage under Rainy conditions for Low Late Blight. Outcome: Partial Control. Recommended.
1c76cb13,5/4/2025,Potato,Late Blight,Seedling,Hot,Low,Ridomil Gold,Chemical,2.0 pts/acre,50,Success,Ridomil Gold used during Seedling stage under Hot conditions for Low Late Blight. Outcome: Success. Recommended.
ab4428b5,5/16/2025,Apple,Cedar Apple Rust,Vegetative,Hot,Critical,Propiconazole,Chemical,3.0 pts/acre,28,Success,Propiconazole used during Vegetative stage under Hot conditions for Critical Cedar Apple Rust. Outcome: Success. Recommended.
c3ec431c,5/2/2025,Tomato,Early Blight,Seedling,Humid,Moderate,Chlorothalonil (Bravo),Chemical,2.0 pts/acre,27,Success,Chlorothalonil (Bravo) used during Seedling stage under Humid conditions for Moderate Early Blight. Outcome: Success. Recommended.
016da30b,8/7/2025,Grape,Esca (Black Measles),Vegetative,Dry/Sunny,High,Pruning & Sanitation,Mechanical,3.0 pts/acre,99,Partial Control,Pruning & Sanitation used during Vegetative stage under Dry/Sunny conditions for High Esca (Black Measles). Outcome: Partial Control. Recommended.
7ccdd7c8,4/21/2025,Potato,Late Blight,Harvest Ready,Rainy,Low,Propamocarb,Chemical,2.0 pts/acre,45,Failure,Propamocarb used during Harvest Ready stage under Rainy conditions for Low Late Blight. Outcome: Failure. unsafe due to PHI (5 days).
7a6beb29,6/3/2025,Apple,Cedar Apple Rust,Seedling,Cold,Critical,Myclobutanil,Chemical,3.0 pts/acre,33,Success,Myclobutanil used during Seedling stage under Cold conditions for Critical Cedar Apple Rust. Outcome: Success. Recommended.
819652c1,11/12/2025,Tomato,Bacterial Spot,Harvest Ready,Rainy,Moderate,Bacteriophages,Organic,2.0 pts/acre,50,Partial Control,Bacteriophages used during Harvest Ready stage under Rainy conditions for Moderate Bacterial Spot. Outcome: Partial Control. Recommended.
e9939f1d,10/5/2025,Potato,Early Blight,Vegetative,Dry/Sunny,Low,Mancozeb (Dithane),Chemical,2.0 pts/acre,21,Success,Mancozeb (Dithane) used during Vegetative stage under Dry/Sunny conditions for Low Early Blight. Outcome: Success. Recommended.
9f27d818,4/20/2025,Apple,Black Rot,Seedling,Cold,High,Thiophanate-methyl,Chemical,3.0 pts/acre,30,Success,Thiophanate-methyl used during Seedling stage under Cold conditions for High Black Rot. Outcome: Success. Recommended.
fedaa04b,12/6/2025,Tomato,Late Blight,Seedling,Cold,Moderate,Ridomil Gold,Chemical,2.0 pts/acre,53,Success,Ridomil Gold used during Seedling stage under Cold conditions for Moderate Late Blight. Outcome: Success. Recommended.
b0007ce4,1/13/2026,Potato,Early Blight,Vegetative,Dry/Sunny,Low,Azoxystrobin (Quadris),Chemical,2.0 pts/acre,43,Success,Azoxystrobin (Quadris) used during Vegetative stage under Dry/Sunny conditions for Low Early Blight. Outcome: Success. Recommended.
30c4fc92,2/15/2026,Tomato,Bacterial Spot,Fruiting,Dry/Sunny,Critical,Agri-Mycin,Chemical,3.0 pts/acre,31,Partial Control,Agri-Mycin used during Fruiting stage under Dry/Sunny conditions for Critical Bacterial Spot. Outcome: Partial Control. Recommended.
b57d8dfe,12/15/2025,Potato,Early Blight,Flowering,Humid,High,Copper Hydroxide,Organic,3.0 pts/acre,11,Partial Control,Copper Hydroxide used during Flowering stage under Humid conditions for High Early Blight. Outcome: Partial Control. Recommended.
c121adb6,7/23/2025,Potato,Early Blight,Seedling,Dry/Sunny,Moderate,Azoxystrobin (Quadris),Chemical,2.0 pts/acre,44,Success,Azoxystrobin (Quadris) used during Seedling stage under Dry/Sunny conditions for Moderate Early Blight. Outcome: Success. Recommended.
80da0dae,2/18/2025,Potato,Early Blight,Seedling,Humid,Moderate,Copper Hydroxide,Organic,2.0 pts/acre,15,Partial Control,Copper Hydroxide used during Seedling stage under Humid conditions for Moderate Early Blight. Outcome: Partial Control. Recommended.
6dbe8fc3,5/17/2025,Grape,Black Rot,Flowering,Rainy,Low,Captan,Chemical,2.0 pts/acre,17,Partial Control,Captan used during Flowering stage under Rainy conditions for Low Black Rot. Outcome: Partial Control. Recommended.
131d44c1,1/26/2026,Tomato,Bacterial Spot,Flowering,Dry/Sunny,High,Agri-Mycin,Chemical,3.0 pts/acre,31,Partial Control,Agri-Mycin used during Flowering stage under Dry/Sunny conditions for High Bacterial Spot. Outcome: Partial Control. Recommended.
5c36968a,2/14/2026,Apple,Cedar Apple Rust,Vegetative,Dry/Sunny,Critical,Myclobutanil,Chemical,3.0 pts/acre,43,Success,Myclobutanil used during Vegetative stage under Dry/Sunny conditions for Critical Cedar Apple Rust. Outcome: Success. Recommended.
f4bb6883,8/8/2025,Tomato,Late Blight,Fruiting,Hot,High,Fixed Copper,Organic,3.0 pts/acre,12,Partial Control,Fixed Copper used during Fruiting stage under Hot conditions for High Late Blight. Outcome: Partial Control. Recommended.
ccc93faf,11/2/2025,Grape,Leaf Blight,Flowering,Hot,Low,Mancozeb,Chemical,2.0 pts/acre,17,Success,Mancozeb used during Flowering stage under Hot conditions for Low Leaf Blight. Outcome: Success. Recommended.
3da61c50,5/2/2025,Grape,Black Rot,Seedling,Cold,Moderate,Lime Sulfur,Organic,2.0 pts/acre,13,Partial Control,Lime Sulfur used during Seedling stage under Cold conditions for Moderate Black Rot. Outcome: Partial Control. Recommended.
f18bd67f,2/12/2026,Apple,Apple Scab,Harvest Ready,Hot,Moderate,Captan,Chemical,2.0 pts/acre,18,Success,Captan used during Harvest Ready stage under Hot conditions for Moderate Apple Scab. Outcome: Success. Recommended.
3d060fc0,8/22/2025,Potato,Early Blight,Vegetative,Rainy,Moderate,Mancozeb (Dithane),Chemical,2.0 pts/acre,24,Partial Control,Mancozeb (Dithane) used during Vegetative stage under Rainy conditions for Moderate Early Blight. Outcome: Partial Control. Recommended.
97950155,11/20/2025,Potato,Late Blight,Flowering,Rainy,Moderate,Fixed Copper,Organic,2.0 pts/acre,19,Partial Control,Fixed Copper used during Flowering stage under Rainy conditions for Moderate Late Blight. Outcome: Partial Control. Recommended.
51fa116b,6/17/2025,Apple,Black Rot,Vegetative,Hot,Low,Thiophanate-methyl,Chemical,2.0 pts/acre,36,Success,Thiophanate-methyl used during Vegetative stage under Hot conditions for Low Black Rot. Outcome: Success. Recommended.
a5042181,6/27/2025,Apple,Black Rot,Harvest Ready,Dry/Sunny,Critical,Captan,Chemical,3.0 pts/acre,19,Success,Captan used during Harvest Ready stage under Dry/Sunny conditions for Critical Black Rot. Outcome: Success. Recommended.
e17c0910,9/30/2025,Apple,Apple Scab,Fruiting,Cold,High,Myclobutanil,Chemical,3.0 pts/acre,36,Success,Myclobutanil used during Fruiting stage under Cold conditions for High Apple Scab. Outcome: Success. Recommended.
cf4bc489,2/28/2025,Apple,Apple Scab,Fruiting,Rainy,High,Sulfur,Organic,3.0 pts/acre,10,Failure,Sulfur used during Fruiting stage under Rainy conditions for High Apple Scab. Outcome: Failure. Recommended.
be1cd190,5/1/2025,Potato,Early Blight,Harvest Ready,Dry/Sunny,Critical,Mancozeb (Dithane),Chemical,3.0 pts/acre,20,Failure,Mancozeb (Dithane) used during Harvest Ready stage under Dry/Sunny conditions for Critical Early Blight. Outcome: Failure. unsafe due to PHI (5 days).
f287ea9d,11/16/2025,Tomato,Late Blight,Harvest Ready,Cold,Critical,Propamocarb,Chemical,3.0 pts/acre,44,Failure,Propamocarb used during Harvest Ready stage under Cold conditions for Critical Late Blight. Outcome: Failure. unsafe due to PHI (5 days).
75e7f034,2/4/2026,Grape,Black Rot,Fruiting,Hot,Moderate,Thiophanate-methyl,Chemical,2.0 pts/acre,33,Success,Thiophanate-methyl used during Fruiting stage under Hot conditions for Moderate Black Rot. Outcome: Success. Recommended.
c8fc5d3b,5/7/2025,Potato,Early Blight,Flowering,Cold,Moderate,Copper Hydroxide,Organic,2.0 pts/acre,19,Partial Control,Copper Hydroxide used during Flowering stage under Cold conditions for Moderate Early Blight. Outcome: Partial Control. Recommended.
9e079e5f,8/10/2025,Apple,Cedar Apple Rust,Vegetative,Humid,Critical,Myclobutanil,Chemical,3.0 pts/acre,33,Success,Myclobutanil used during Vegetative stage under Humid conditions for Critical Cedar Apple Rust. Outcome: Success. Recommended.
07d4212b,3/16/2025,Tomato,Late Blight,Vegetative,Rainy,High,Fixed Copper,Organic,3.0 pts/acre,19,Failure,Fixed Copper used during Vegetative stage under Rainy conditions for High Late Blight. Outcome: Failure. Recommended.
542d5d96,1/28/2026,Apple,Black Rot,Fruiting,Cold,Low,Thiophanate-methyl,Chemical,2.0 pts/acre,31,Success,Thiophanate-methyl used during Fruiting stage under Cold conditions for Low Black Rot. Outcome: Success. Recommended.
35458528,11/26/2025,Tomato,Late Blight,Flowering,Dry/Sunny,Low,Fixed Copper,Organic,2.0 pts/acre,16,Partial Control,Fixed Copper used during Flowering stage under Dry/Sunny conditions for Low Late Blight. Outcome: Partial Control. Recommended.
72a5e4f7,5/1/2025,Grape,Leaf Blight,Seedling,Cold,High,Copper Oxychloride,Chemical,3.0 pts/acre,17,Partial Control,Copper Oxychloride used during Seedling stage under Cold conditions for High Leaf Blight. Outcome: Partial Control. Recommended.
e88d8f0a,12/31/2025,Grape,Leaf Blight,Seedling,Rainy,Critical,Copper Oxychloride,Chemical,3.0 pts/acre,22,Partial Control,Copper Oxychloride used during Seedling stage under Rainy conditions for Critical Leaf Blight. Outcome: Partial Control. Recommended.
25a3d103,4/8/2025,Tomato,Late Blight,Fruiting,Rainy,High,Fixed Copper,Organic,3.0 pts/acre,17,Failure,Fixed Copper used during Fruiting stage under Rainy conditions for High Late Blight. Outcome: Failure. Recommended.
e42a11d1,3/30/2025,Potato,Early Blight,Fruiting,Dry/Sunny,Moderate,Chlorothalonil (Bravo),Chemical,2.0 pts/acre,28,Success,Chlorothalonil (Bravo) used during Fruiting stage under Dry/Sunny conditions for Moderate Early Blight. Outcome: Success. Recommended.
3961a258,12/2/2025,Potato,Late Blight,Flowering,Rainy,Moderate,Propamocarb,Chemical,2.0 pts/acre,43,Partial Control,Propamocarb used during Flowering stage under Rainy conditions for Moderate Late Blight. Outcome: Partial Control. Recommended.
94b26e87,11/26/2025,Tomato,Bacterial Spot,Seedling,Humid,Low,Copper + Mancozeb,Chemical,2.0 pts/acre,29,Success,Copper + Mancozeb used during Seedling stage under Humid conditions for Low Bacterial Spot. Outcome: Success. Recommended.
ab02b0a1,7/27/2025,Apple,Cedar Apple Rust,Flowering,Hot,Critical,Myclobutanil,Chemical,3.0 pts/acre,33,Success,Myclobutanil used during Flowering stage under Hot conditions for Critical Cedar Apple Rust. Outcome: Success. Recommended.
bcb5785e,3/16/2025,Tomato,Late Blight,Fruiting,Hot,High,Ridomil Gold,Chemical,3.0 pts/acre,56,Success,Ridomil Gold used during Fruiting stage under Hot conditions for High Late Blight. Outcome: Success. Recommended.
a33b6415,9/2/2025,Tomato,Late Blight,Seedling,Dry/Sunny,High,Fixed Copper,Organic,3.0 pts/acre,19,Partial Control,Fixed Copper used during Seedling stage under Dry/Sunny conditions for High Late Blight. Outcome: Partial Control. Recommended.
f39cef93,6/6/2025,Tomato,Early Blight,Flowering,Dry/Sunny,Low,Bacillus subtilis,Organic,2.0 pts/acre,30,Partial Control,Bacillus subtilis used during Flowering stage under Dry/Sunny conditions for Low Early Blight. Outcome: Partial Control. Recommended.
215c2b64,12/24/2025,Tomato,Bacterial Spot,Seedling,Humid,High,Copper + Mancozeb,Chemical,3.0 pts/acre,21,Partial Control,Copper + Mancozeb used during Seedling stage under Humid conditions for High Bacterial Spot. Outcome: Partial Control. Recommended.
2f8e93db,9/30/2025,Apple,Black Rot,Harvest Ready,Cold,Moderate,Thiophanate-methyl,Chemical,2.0 pts/acre,34,Success,Thiophanate-methyl used during Harvest Ready stage under Cold conditions for Moderate Black Rot. Outcome: Success. Recommended.
bcabec7d,3/5/2025,Apple,Apple Scab,Harvest Ready,Humid,Critical,Myclobutanil,Chemical,3.0 pts/acre,33,Failure,Myclobutanil used during Harvest Ready stage under Humid conditions for Critical Apple Scab. Outcome: Failure. unsafe due to PHI (14 days).
ba968d45,5/31/2025,Grape,Esca (Black Measles),Seedling,Humid,Low,Pruning & Sanitation,Mechanical,2.0 pts/acre,96,Partial Control,Pruning & Sanitation used during Seedling stage under Humid conditions for Low Esca (Black Measles). Outcome: Partial Control. Recommended.
fb7ade94,9/19/2025,Grape,Esca (Black Measles),Harvest Ready,Dry/Sunny,Low,Trichoderma species,Organic,2.0 pts/acre,45,Partial Control,Trichoderma species used during Harvest Ready stage under Dry/Sunny conditions for Low Esca (Black Measles). Outcome: Partial Control. Recommended.
97126e6c,3/4/2025,Tomato,Late Blight,Seedling,Humid,High,Propamocarb,Chemical,3.0 pts/acre,38,Success,Propamocarb used during Seedling stage under Humid conditions for High Late Blight. Outcome: Success. Recommended.
33cfd4d4,2/22/2025,Tomato,Bacterial Spot,Flowering,Rainy,Moderate,Bacteriophages,Organic,2.0 pts/acre,52,Partial Control,Bacteriophages used during Flowering stage under Rainy conditions for Moderate Bacterial Spot. Outcome: Partial Control. Recommended.
1b782a39,11/15/2025,Potato,Early Blight,Harvest Ready,Dry/Sunny,Critical,Bacillus subtilis,Organic,3.0 pts/acre,31,Failure,Bacillus subtilis used during Harvest Ready stage under Dry/Sunny conditions for Critical Early Blight. Outcome: Failure. Recommended.
1c7079e1,9/16/2025,Grape,Black Rot,Harvest Ready,Dry/Sunny,High,Thiophanate-methyl,Chemical,3.0 pts/acre,30,Success,Thiophanate-methyl used during Harvest Ready stage under Dry/Sunny conditions for High Black Rot. Outcome: Success. Recommended.
8d6cc850,11/16/2025,Grape,Esca (Black Measles),Flowering,Hot,High,Pruning & Sanitation,Mechanical,3.0 pts/acre,96,Partial Control,Pruning & Sanitation used during Flowering stage under Hot conditions for High Esca (Black Measles). Outcome: Partial Control. Recommended.
8fbece76,3/30/2025,Grape,Esca (Black Measles),Fruiting,Hot,Low,Trichoderma species,Organic,2.0 pts/acre,35,Partial Control,Trichoderma species used during Fruiting stage under Hot conditions for Low Esca (Black Measles). Outcome: Partial Control. Recommended.
664d12d4,4/25/2025,Grape,Leaf Blight,Harvest Ready,Rainy,Critical,Mancozeb,Chemical,3.0 pts/acre,18,Failure,Mancozeb used during Harvest Ready stage under Rainy conditions for Critical Leaf Blight. Outcome: Failure. unsafe due to PHI (66 days).
e5bc5a7d,3/12/2025,Apple,Apple Scab,Seedling,Rainy,Low,Sulfur,Organic,2.0 pts/acre,12,Failure,Sulfur used during Seedling stage under Rainy conditions for Low Apple Scab. Outcome: Failure. Recommended.
856860c4,11/12/2025,Grape,Esca (Black Measles),Vegetative,Humid,Moderate,Trichoderma species,Organic,2.0 pts/acre,37,Partial Control,Trichoderma species used during Vegetative stage under Humid conditions for Moderate Esca (Black Measles). Outcome: Partial Control. Recommended.
363a986e,11/8/2025,Tomato,Early Blight,Fruiting,Hot,Low,Chlorothalonil (Bravo),Chemical,2.0 pts/acre,22,Success,Chlorothalonil (Bravo) used during Fruiting stage under Hot conditions for Low Early Blight. Outcome: Success. Recommended.
df1f9ec2,12/16/2025,Tomato,Early Blight,Fruiting,Humid,Critical,Copper Hydroxide,Organic,3.0 pts/acre,13,Failure,Copper Hydroxide used during Fruiting stage under Humid conditions for Critical Early Blight. Outcome: Failure. Recommended.
f6cc88f2,12/20/2025,Apple,Cedar Apple Rust,Harvest Ready,Dry/Sunny,Critical,Myclobutanil,Chemical,3.0 pts/acre,41,Failure,Myclobutanil used during Harvest Ready stage under Dry/Sunny conditions for Critical Cedar Apple Rust. Outcome: Failure. unsafe due to PHI (14 days).
f8f4dcfc,12/10/2025,Tomato,Late Blight,Seedling,Humid,Moderate,Fixed Copper,Organic,2.0 pts/acre,17,Partial Control,Fixed Copper used during Seedling stage under Humid conditions for Moderate Late Blight. Outcome: Partial Control. Recommended.
5ce4e682,6/5/2025,Apple,Black Rot,Fruiting,Dry/Sunny,High,Thiophanate-methyl,Chemical,3.0 pts/acre,29,Success,Thiophanate-methyl used during Fruiting stage under Dry/Sunny conditions for High Black Rot. Outcome: Success. Recommended.
9fab0405,10/21/2025,Grape,Leaf Blight,Harvest Ready,Cold,Low,Copper Oxychloride,Chemical,2.0 pts/acre,19,Partial Control,Copper Oxychloride used during Harvest Ready stage under Cold conditions for Low Leaf Blight. Outcome: Partial Control. Recommended.
3f1fc7f5,5/11/2025,Apple,Cedar Apple Rust,Fruiting,Humid,Critical,Myclobutanil,Chemical,3.0 pts/acre,34,Success,Myclobutanil used during Fruiting stage under Humid conditions for Critical Cedar Apple Rust. Outcome: Success. Recommended.
f791a590,12/9/2025,Grape,Esca (Black Measles),Fruiting,Dry/Sunny,High,Pruning & Sanitation,Mechanical,3.0 pts/acre,97,Partial Control,Pruning & Sanitation used during Fruiting stage under Dry/Sunny conditions for High Esca (Black Measles). Outcome: Partial Control. Recommended.
be22f941,12/23/2025,Apple,Cedar Apple Rust,Seedling,Rainy,Moderate,Myclobutanil,Chemical,2.0 pts/acre,38,Success,Myclobutanil used during Seedling stage under Rainy conditions for Moderate Cedar Apple Rust. Outcome: Success. Recommended.
50437243,6/16/2025,Potato,Early Blight,Harvest Ready,Rainy,Critical,Bacillus subtilis,Organic,3.0 pts/acre,25,Failure,Bacillus subtilis used during Harvest Ready stage under Rainy conditions for Critical Early Blight. Outcome: Failure. Recommended.
38a926c1,7/21/2025,Potato,Early Blight,Vegetative,Cold,High,Copper Hydroxide,Organic,3.0 pts/acre,16,Partial Control,Copper Hydroxide used during Vegetative stage under Cold conditions for High Early Blight. Outcome: Partial Control. Recommended.
40787936,1/24/2026,Grape,Leaf Blight,Vegetative,Humid,High,Mancozeb,Chemical,3.0 pts/acre,21,Partial Control,Mancozeb used during Vegetative stage under Humid conditions for High Leaf Blight. Outcome: Partial Control. Recommended.
541ed4ca,4/6/2025,Apple,Cedar Apple Rust,Harvest Ready,Humid,High,Myclobutanil,Chemical,3.0 pts/acre,34,Failure,Myclobutanil used during Harvest Ready stage under Humid conditions for High Cedar Apple Rust. Outcome: Failure. unsafe due to PHI (14 days).
ad365d63,10/24/2025,Grape,Esca (Black Measles),Harvest Ready,Cold,Low,Pruning & Sanitation,Mechanical,2.0 pts/acre,99,Partial Control,Pruning & Sanitation used during Harvest Ready stage under Cold conditions for Low Esca (Black Measles). Outcome: Partial Control. Recommended.
4e9e2685,2/14/2026,Apple,Black Rot,Flowering,Humid,Moderate,Captan,Chemical,2.0 pts/acre,22,Success,Captan used during Flowering stage under Humid conditions for Moderate Black Rot. Outcome: Success. Recommended.
d4f181ec,8/6/2025,Tomato,Early Blight,Vegetative,Rainy,High,Bacillus subtilis,Organic,3.0 pts/acre,25,Failure,Bacillus subtilis used during Vegetative stage under Rainy conditions for High Early Blight. Outcome: Failure. Recommended.
3820358b,8/29/2025,Grape,Leaf Blight,Seedling,Hot,High,Copper Oxychloride,Chemical,3.0 pts/acre,18,Partial Control,Copper Oxychloride used during Seedling stage under Hot conditions for High Leaf Blight. Outcome: Partial Control. Recommended.
8cc3631a,11/6/2025,Tomato,Late Blight,Fruiting,Dry/Sunny,High,Ridomil Gold,Chemical,3.0 pts/acre,57,Success,Ridomil Gold used during Fruiting stage under Dry/Sunny conditions for High Late Blight. Outcome: Success. Recommended.
e3c1eaa5,4/6/2025,Grape,Esca (Black Measles),Harvest Ready,Dry/Sunny,Moderate,Pruning & Sanitation,Mechanical,2.0 pts/acre,100,Partial Control,Pruning & Sanitation used during Harvest Ready stage under Dry/Sunny conditions for Moderate Esca (Black Measles). Outcome: Partial Control. Recommended.
3d59e8cb,2/7/2026,Tomato,Late Blight,Seedling,Hot,Moderate,Ridomil Gold,Chemical,2.0 pts/acre,60,Success,Ridomil Gold used during Seedling stage under Hot conditions for Moderate Late Blight. Outcome: Success. Recommended.
bdda527c,2/14/2026,Apple,Cedar Apple Rust,Fruiting,Cold,Low,Myclobutanil,Chemical,2.0 pts/acre,35,Success,Myclobutanil used during Fruiting stage under Cold conditions for Low Cedar Apple Rust. Outcome: Success. Recommended.
dfd47f1d,9/2/2025,Potato,Late Blight,Vegetative,Dry/Sunny,Low,Propamocarb,Chemical,2.0 pts/acre,43,Success,Propamocarb used during Vegetative stage under Dry/Sunny conditions for Low Late Blight. Outcome: Success. Recommended.
ab0f214d,12/21/2025,Tomato,Bacterial Spot,Fruiting,Dry/Sunny,Low,Copper + Mancozeb,Chemical,2.0 pts/acre,22,Success,Copper + Mancozeb used during Fruiting stage under Dry/Sunny conditions for Low Bacterial Spot. Outcome: Success. Recommended.
bf9f0da1,9/4/2025,Potato,Late Blight,Harvest Ready,Rainy,Critical,Propamocarb,Chemical,3.0 pts/acre,35,Failure,Propamocarb used during Harvest Ready stage under Rainy conditions for Critical Late Blight. Outcome: Failure. unsafe due to PHI (5 days).
b50e0c8e,8/3/2025,Apple,Cedar Apple Rust,Harvest Ready,Cold,High,Propiconazole,Chemical,3.0 pts/acre,35,Failure,Propiconazole used during Harvest Ready stage under Cold conditions for High Cedar Apple Rust. Outcome: Failure. unsafe due to PHI (14 days).
a244de2a,1/6/2026,Tomato,Early Blight,Seedling,Humid,Moderate,Mancozeb (Dithane),Chemical,2.0 pts/acre,15,Success,Mancozeb (Dithane) used during Seedling stage under Humid conditions for Moderate Early Blight. Outcome: Success. Recommended.
7186b9a4,7/19/2025,Tomato,Early Blight,Vegetative,Cold,Critical,Chlorothalonil (Bravo),Chemical,3.0 pts/acre,26,Success,Chlorothalonil (Bravo) used during Vegetative stage under Cold conditions for Critical Early Blight. Outcome: Success. Recommended.
96c6d8dd,4/21/2025,Grape,Black Rot,Fruiting,Rainy,Critical,Thiophanate-methyl,Chemical,3.0 pts/acre,35,Partial Control,Thiophanate-methyl used during Fruiting stage under Rainy conditions for Critical Black Rot. Outcome: Partial Control. Recommended.
40964b8c,6/13/2025,Potato,Late Blight,Seedling,Humid,Moderate,Ridomil Gold,Chemical,2.0 pts/acre,54,Success,Ridomil Gold used during Seedling stage under Humid conditions for Moderate Late Blight. Outcome: Success. Recommended.
68286638,2/1/2026,Apple,Black Rot,Vegetative,Rainy,Critical,Thiophanate-methyl,Chemical,3.0 pts/acre,33,Partial Control,Thiophanate-methyl used during Vegetative stage under Rainy conditions for Critical Black Rot. Outcome: Partial Control. Recommended.
ccb8d000,7/5/2025,Grape,Leaf Blight,Flowering,Hot,Critical,Copper Oxychloride,Chemical,3.0 pts/acre,23,Partial Control,Copper Oxychloride used during Flowering stage under Hot conditions for Critical Leaf Blight. Outcome: Partial Control. Recommended.
a855a29a,10/30/2025,Potato,Early Blight,Vegetative,Rainy,Low,Azoxystrobin (Quadris),Chemical,2.0 pts/acre,49,Success,Azoxystrobin (Quadris) used during Vegetative stage under Rainy conditions for Low Early Blight. Outcome: Success. Recommended.
e72c3a1a,12/26/2025,Potato,Late Blight,Seedling,Dry/Sunny,Moderate,Fixed Copper,Organic,2.0 pts/acre,19,Partial Control,Fixed Copper used during Seedling stage under Dry/Sunny conditions for Moderate Late Blight. Outcome: Partial Control. Recommended.
a959bedc,11/15/2025,Potato,Early Blight,Vegetative,Humid,High,Azoxystrobin (Quadris),Chemical,3.0 pts/acre,47,Success,Azoxystrobin (Quadris) used during Vegetative stage under Humid conditions for High Early Blight. Outcome: Success. Recommended.
8df59d84,10/7/2025,Potato,Early Blight,Fruiting,Rainy,High,Chlorothalonil (Bravo),Chemical,3.0 pts/acre,27,Partial Control,Chlorothalonil (Bravo) used during Fruiting stage under Rainy conditions for High Early Blight. Outcome: Partial Control. Recommended.
1d64fa0b,1/3/2026,Apple,Cedar Apple Rust,Seedling,Hot,Low,Propiconazole,Chemical,2.0 pts/acre,29,Success,Propiconazole used during Seedling stage under Hot conditions for Low Cedar Apple Rust. Outcome: Success. Recommended.
a19933d2,11/5/2025,Tomato,Late Blight,Vegetative,Cold,Critical,Propamocarb,Chemical,3.0 pts/acre,41,Success,Propamocarb used during Vegetative stage under Cold conditions for Critical Late Blight. Outcome: Success. Recommended.
f4e261c5,10/16/2025,Grape,Black Rot,Seedling,Rainy,Low,Lime Sulfur,Organic,2.0 pts/acre,9,Failure,Lime Sulfur used during Seedling stage under Rainy conditions for Low Black Rot. Outcome: Failure. Recommended.
3ba11478,5/16/2025,Tomato,Early Blight,Flowering,Rainy,Low,Bacillus subtilis,Organic,2.0 pts/acre,31,Failure,Bacillus subtilis used during Flowering stage under Rainy conditions for Low Early Blight. Outcome: Failure. Recommended.
eb175ad7,5/5/2025,Apple,Black Rot,Seedling,Cold,Moderate,Thiophanate-methyl,Chemical,2.0 pts/acre,29,Success,Thiophanate-methyl used during Seedling stage under Cold conditions for Moderate Black Rot. Outcome: Success. Recommended.
5efd2cdc,5/8/2025,Potato,Late Blight,Vegetative,Humid,High,Propamocarb,Chemical,3.0 pts/acre,45,Success,Propamocarb used during Vegetative stage under Humid conditions for High Late Blight. Outcome: Success. Recommended.
376d507d,9/3/2025,Apple,Black Rot,Flowering,Hot,Moderate,Lime Sulfur,Organic,2.0 pts/acre,16,Partial Control,Lime Sulfur used during Flowering stage under Hot conditions for Moderate Black Rot. Outcome: Partial Control. Recommended.
6921349d,11/20/2025,Tomato,Bacterial Spot,Flowering,Rainy,Moderate,Agri-Mycin,Chemical,2.0 pts/acre,37,Partial Control,Agri-Mycin used during Flowering stage under Rainy conditions for Moderate Bacterial Spot. Outcome: Partial Control. Recommended.
9ff315a0,6/20/2025,Apple,Apple Scab,Vegetative,Dry/Sunny,Low,Captan,Chemical,2.0 pts/acre,19,Success,Captan used during Vegetative stage under Dry/Sunny conditions for Low Apple Scab. Outcome: Success. Recommended.
b7914a76,8/13/2025,Grape,Black Rot,Fruiting,Rainy,Moderate,Lime Sulfur,Organic,2.0 pts/acre,7,Failure,Lime Sulfur used during Fruiting stage under Rainy conditions for Moderate Black Rot. Outcome: Failure. Recommended.
513ce89c,6/12/2025,Apple,Cedar Apple Rust,Seedling,Humid,Moderate,Myclobutanil,Chemical,2.0 pts/acre,33,Success,Myclobutanil used during Seedling stage under Humid conditions for Moderate Cedar Apple Rust. Outcome: Success. Recommended.
2e1e12c0,7/1/2025,Grape,Leaf Blight,Harvest Ready,Humid,Moderate,Copper Oxychloride,Chemical,2.0 pts/acre,15,Partial Control,Copper Oxychloride used during Harvest Ready stage under Humid conditions for Moderate Leaf Blight. Outcome: Partial Control. Recommended.
59374406,7/24/2025,Grape,Black Rot,Harvest Ready,Rainy,Moderate,Lime Sulfur,Organic,2.0 pts/acre,14,Failure,Lime Sulfur used during Harvest Ready stage under Rainy conditions for Moderate Black Rot. Outcome: Failure. Recommended.
69722513,1/4/2026,Tomato,Late Blight,Vegetative,Humid,Moderate,Ridomil Gold,Chemical,2.0 pts/acre,55,Success,Ridomil Gold used during Vegetative stage under Humid conditions for Moderate Late Blight. Outcome: Success. Recommended.
f9b699d0,1/3/2026,Potato,Late Blight,Fruiting,Hot,Moderate,Fixed Copper,Organic,2.0 pts/acre,16,Partial Control,Fixed Copper used during Fruiting stage under Hot conditions for Moderate Late Blight. Outcome: Partial Control. Recommended.
2f59633a,1/5/2026,Apple,Cedar Apple Rust,Flowering,Hot,Moderate,Propiconazole,Chemical,2.0 pts/acre,25,Success,Propiconazole used during Flowering stage under Hot conditions for Moderate Cedar Apple Rust. Outcome: Success. Recommended.
e3d3c8a9,9/11/2025,Grape,Esca (Black Measles),Flowering,Hot,Critical,Pruning & Sanitation,Mechanical,3.0 pts/acre,95,Partial Control,Pruning & Sanitation used during Flowering stage under Hot conditions for Critical Esca (Black Measles). Outcome: Partial Control. Recommended.
8f17829a,7/31/2025,Grape,Esca (Black Measles),Fruiting,Dry/Sunny,Moderate,Trichoderma species,Organic,2.0 pts/acre,42,Partial Control,Trichoderma species used during Fruiting stage under Dry/Sunny conditions for Moderate Esca (Black Measles). Outcome: Partial Control. Recommended.
598f534a,11/1/2025,Potato,Early Blight,Vegetative,Cold,Moderate,Azoxystrobin (Quadris),Chemical,2.0 pts/acre,42,Success,Azoxystrobin (Quadris) used during Vegetative stage under Cold conditions for Moderate Early Blight. Outcome: Success. Recommended.
d4452d7d,4/28/2025,Grape,Leaf Blight,Vegetative,Hot,Moderate,Copper Oxychloride,Chemical,2.0 pts/acre,23,Partial Control,Copper Oxychloride used during Vegetative stage under Hot conditions for Moderate Leaf Blight. Outcome: Partial Control. Recommended.
bb59bbbb,12/16/2025,Tomato,Bacterial Spot,Flowering,Rainy,Low,Copper + Mancozeb,Chemical,2.0 pts/acre,25,Partial Control,Copper + Mancozeb used during Flowering stage under Rainy conditions for Low Bacterial Spot. Outcome: Partial Control. Recommended.
376ba51c,3/1/2025,Tomato,Early Blight,Flowering,Dry/Sunny,Critical,Azoxystrobin (Quadris),Chemical,3.0 pts/acre,46,Success,Azoxystrobin (Quadris) used during Flowering stage under Dry/Sunny conditions for Critical Early Blight. Outcome: Success. Recommended.
f9e4c0bc,9/5/2025,Grape,Esca (Black Measles),Vegetative,Rainy,Moderate,Pruning & Sanitation,Mechanical,2.0 pts/acre,103,Partial Control,Pruning & Sanitation used during Vegetative stage under Rainy conditions for Moderate Esca (Black Measles). Outcome: Partial Control. Recommended.
5dfee8d5,2/20/2025,Apple,Apple Scab,Seedling,Hot,High,Sulfur,Organic,3.0 pts/acre,15,Partial Control,Sulfur used during Seedling stage under Hot conditions for High Apple Scab. Outcome: Partial Control. Recommended.
c68eebc8,2/24/2025,Apple,Cedar Apple Rust,Seedling,Rainy,Critical,Propiconazole,Chemical,3.0 pts/acre,32,Success,Propiconazole used during Seedling stage under Rainy conditions for Critical Cedar Apple Rust. Outcome: Success. Recommended.
bb80288d,7/13/2025,Grape,Leaf Blight,Fruiting,Rainy,High,Mancozeb,Chemical,3.0 pts/acre,18,Partial Control,Mancozeb used during Fruiting stage under Rainy conditions for High Leaf Blight. Outcome: Partial Control. Recommended.
be1f8880,1/16/2026,Tomato,Bacterial Spot,Fruiting,Cold,High,Agri-Mycin,Chemical,3.0 pts/acre,31,Partial Control,Agri-Mycin used during Fruiting stage under Cold conditions for High Bacterial Spot. Outcome: Partial Control. Recommended.
0b37e590,6/5/2025,Tomato,Early Blight,Vegetative,Hot,High,Copper Hydroxide,Organic,3.0 pts/acre,18,Partial Control,Copper Hydroxide used during Vegetative stage under Hot conditions for High Early Blight. Outcome: Partial Control. Recommended.
248392f1,7/12/2025,Grape,Esca (Black Measles),Vegetative,Rainy,Moderate,Trichoderma species,Organic,2.0 pts/acre,42,Failure,Trichoderma species used during Vegetative stage under Rainy conditions for Moderate Esca (Black Measles). Outcome: Failure. Recommended.
89316738,12/12/2025,Apple,Black Rot,Vegetative,Hot,Low,Thiophanate-methyl,Chemical,2.0 pts/acre,27,Success,Thiophanate-methyl used during Vegetative stage under Hot conditions for Low Black Rot. Outcome: Success. Recommended.
b548b322,1/23/2026,Potato,Early Blight,Flowering,Cold,Moderate,Copper Hydroxide,Organic,2.0 pts/acre,18,Partial Control,Copper Hydroxide used during Flowering stage under Cold conditions for Moderate Early Blight. Outcome: Partial Control. Recommended.
0025b20f,4/23/2025,Potato,Early Blight,Harvest Ready,Cold,High,Mancozeb (Dithane),Chemical,3.0 pts/acre,15,Failure,Mancozeb (Dithane) used during Harvest Ready stage under Cold conditions for High Early Blight. Outcome: Failure. unsafe due to PHI (5 days).
5d23de5c,12/23/2025,Tomato,Late Blight,Seedling,Hot,High,Ridomil Gold,Chemical,3.0 pts/acre,60,Success,Ridomil Gold used during Seedling stage under Hot conditions for High Late Blight. Outcome: Success. Recommended.
e2f7a860,3/25/2025,Tomato,Bacterial Spot,Flowering,Rainy,Moderate,Bacteriophages,Organic,2.0 pts/acre,46,Partial Control,Bacteriophages used during Flowering stage under Rainy conditions for Moderate Bacterial Spot. Outcome: Partial Control. Recommended.
9ccb97ed,8/12/2025,Grape,Leaf Blight,Fruiting,Rainy,High,Copper Oxychloride,Chemical,3.0 pts/acre,17,Partial Control,Copper Oxychloride used during Fruiting stage under Rainy conditions for High Leaf Blight. Outcome: Partial Control. Recommended.
7b7ab460,10/7/2025,Tomato,Early Blight,Seedling,Hot,High,Copper Hydroxide,Organic,3.0 pts/acre,19,Partial Control,Copper Hydroxide used during Seedling stage under Hot conditions for High Early Blight. Outcome: Partial Control. Recommended.
44b3dc2f,4/13/2025,Apple,Cedar Apple Rust,Harvest Ready,Hot,Moderate,Propiconazole,Chemical,2.0 pts/acre,33,Failure,Propiconazole used during Harvest Ready stage under Hot conditions for Moderate Cedar Apple Rust. Outcome: Failure. unsafe due to PHI (14 days).
bbc3c9d7,2/11/2026,Apple,Apple Scab,Flowering,Hot,Low,Captan,Chemical,2.0 pts/acre,23,Success,Captan used during Flowering stage under Hot conditions for Low Apple Scab. Outcome: Success. Recommended.
3a22d280,12/16/2025,Grape,Black Rot,Harvest Ready,Humid,Moderate,Lime Sulfur,Organic,2.0 pts/acre,7,Partial Control,Lime Sulfur used during Harvest Ready stage under Humid conditions for Moderate Black Rot. Outcome: Partial Control. Recommended.
3b2a8b44,3/13/2025,Apple,Cedar Apple Rust,Fruiting,Cold,Moderate,Myclobutanil,Chemical,2.0 pts/acre,37,Success,Myclobutanil used during Fruiting stage under Cold conditions for Moderate Cedar Apple Rust. Outcome: Success. Recommended.
cdf7f507,9/6/2025,Tomato,Late Blight,Harvest Ready,Dry/Sunny,Low,Propamocarb,Chemical,2.0 pts/acre,42,Failure,Propamocarb used during Harvest Ready stage under Dry/Sunny conditions for Low Late Blight. Outcome: Failure. unsafe due to PHI (5 days).
7a8adc45,7/12/2025,Grape,Leaf Blight,Fruiting,Dry/Sunny,Critical,Copper Oxychloride,Chemical,3.0 pts/acre,18,Partial Control,Copper Oxychloride used during Fruiting stage under Dry/Sunny conditions for Critical Leaf Blight. Outcome: Partial Control. Recommended.
bcbcea95,10/28/2025,Grape,Esca (Black Measles),Vegetative,Hot,Moderate,Pruning & Sanitation,Mechanical,2.0 pts/acre,104,Partial Control,Pruning & Sanitation used during Vegetative stage under Hot conditions for Moderate Esca (Black Measles). Outcome: Partial Control. Recommended.
656d4844,5/23/2025,Grape,Leaf Blight,Flowering,Hot,High,Copper Oxychloride,Chemical,3.0 pts/acre,17,Partial Control,Copper Oxychloride used during Flowering stage under Hot conditions for High Leaf Blight. Outcome: Partial Control. Recommended.
3ec9536b,8/26/2025,Grape,Esca (Black Measles),Flowering,Rainy,Low,Trichoderma species,Organic,2.0 pts/acre,45,Failure,Trichoderma species used during Flowering stage under Rainy conditions for Low Esca (Black Measles). Outcome: Failure. Recommended.
02ecb974,8/5/2025,Apple,Cedar Apple Rust,Seedling,Hot,High,Propiconazole,Chemical,3.0 pts/acre,32,Success,Propiconazole used during Seedling stage under Hot conditions for High Cedar Apple Rust. Outcome: Success. Recommended.
1a5327ed,3/18/2025,Potato,Early Blight,Flowering,Cold,High,Azoxystrobin (Quadris),Chemical,3.0 pts/acre,41,Success,Azoxystrobin (Quadris) used during Flowering stage under Cold conditions for High Early Blight. Outcome: Success. Recommended.
fc6227c5,7/22/2025,Tomato,Early Blight,Flowering,Humid,Low,Bacillus subtilis,Organic,2.0 pts/acre,27,Partial Control,Bacillus subtilis used during Flowering stage under Humid conditions for Low Early Blight. Outcome: Partial Control. Recommended.
227abe8d,7/17/2025,Potato,Early Blight,Harvest Ready,Cold,Moderate,Copper Hydroxide,Organic,2.0 pts/acre,15,Partial Control,Copper Hydroxide used during Harvest Ready stage under Cold conditions for Moderate Early Blight. Outcome: Partial Control. Recommended.
f9f2936a,12/7/2025,Potato,Early Blight,Fruiting,Rainy,Critical,Bacillus subtilis,Organic,3.0 pts/acre,35,Failure,Bacillus subtilis used during Fruiting stage under Rainy conditions for Critical Early Blight. Outcome: Failure. Recommended.
dd8a6c88,4/25/2025,Potato,Early Blight,Fruiting,Rainy,Critical,Azoxystrobin (Quadris),Chemical,3.0 pts/acre,40,Success,Azoxystrobin (Quadris) used during Fruiting stage under Rainy conditions for Critical Early Blight. Outcome: Success. Recommended.
c011337c,7/7/2025,Grape,Esca (Black Measles),Flowering,Rainy,High,Trichoderma species,Organic,3.0 pts/acre,39,Failure,Trichoderma species used during Flowering stage under Rainy conditions for High Esca (Black Measles). Outcome: Failure. Recommended.
ec5e0a36,9/23/2025,Potato,Early Blight,Fruiting,Dry/Sunny,Moderate,Copper Hydroxide,Organic,2.0 pts/acre,11,Partial Control,Copper Hydroxide used during Fruiting stage under Dry/Sunny conditions for Moderate Early Blight. Outcome: Partial Control. Recommended.
5c756022,12/20/2025,Apple,Black Rot,Fruiting,Humid,Low,Lime Sulfur,Organic,2.0 pts/acre,7,Partial Control,Lime Sulfur used during Fruiting stage under Humid conditions for Low Black Rot. Outcome: Partial Control. Recommended.
8a19fa7e,11/29/2025,Apple,Black Rot,Seedling,Rainy,Moderate,Captan,Chemical,2.0 pts/acre,22,Partial Control,Captan used during Seedling stage under Rainy conditions for Moderate Black Rot. Outcome: Partial Control. Recommended.
2382b03e,9/18/2025,Grape,Esca (Black Measles),Fruiting,Rainy,Critical,Pruning & Sanitation,Mechanical,3.0 pts/acre,100,Partial Control,Pruning & Sanitation used during Fruiting stage under Rainy conditions for Critical Esca (Black Measles). Outcome: Partial Control. Recommended.
b33279c4,7/28/2025,Apple,Black Rot,Harvest Ready,Hot,High,Thiophanate-methyl,Chemical,3.0 pts/acre,33,Success,Thiophanate-methyl used during Harvest Ready stage under Hot conditions for High Black Rot. Outcome: Success. Recommended.
e4997d2e,2/16/2026,Potato,Early Blight,Harvest Ready,Hot,Moderate,Bacillus subtilis,Organic,2.0 pts/acre,32,Partial Control,Bacillus subtilis used during Harvest Ready stage under Hot conditions for Moderate Early Blight. Outcome: Partial Control. Recommended.
c6191cb2,12/16/2025,Apple,Black Rot,Fruiting,Humid,High,Captan,Chemical,3.0 pts/acre,21,Partial Control,Captan used during Fruiting stage under Humid conditions for High Black Rot. Outcome: Partial Control. Recommended.
68d753a0,9/27/2025,Potato,Early Blight,Seedling,Rainy,Low,Chlorothalonil (Bravo),Chemical,2.0 pts/acre,30,Partial Control,Chlorothalonil (Bravo) used during Seedling stage under Rainy conditions for Low Early Blight. Outcome: Partial Control. Recommended.
c5841921,5/13/2025,Potato,Early Blight,Fruiting,Humid,Critical,Bacillus subtilis,Organic,3.0 pts/acre,30,Failure,Bacillus subtilis used during Fruiting stage under Humid conditions for Critical Early Blight. Outcome: Failure. Recommended.
97907044,12/7/2025,Apple,Black Rot,Flowering,Rainy,Critical,Lime Sulfur,Organic,3.0 pts/acre,15,Failure,Lime Sulfur used during Flowering stage under Rainy conditions for Critical Black Rot. Outcome: Failure. Recommended.
5488da30,9/21/2025,Tomato,Bacterial Spot,Harvest Ready,Rainy,High,Agri-Mycin,Chemical,3.0 pts/acre,30,Partial Control,Agri-Mycin used during Harvest Ready stage under Rainy conditions for High Bacterial Spot. Outcome: Partial Control. Recommended.
3648fa40,10/21/2025,Grape,Esca (Black Measles),Vegetative,Dry/Sunny,High,Trichoderma species,Organic,3.0 pts/acre,44,Failure,Trichoderma species used during Vegetative stage under Dry/Sunny conditions for High Esca (Black Measles). Outcome: Failure. Recommended.
e9eef9d8,6/20/2025,Potato,Late Blight,Flowering,Hot,Critical,Propamocarb,Chemical,3.0 pts/acre,37,Success,Propamocarb used during Flowering stage under Hot conditions for Critical Late Blight. Outcome: Success. Recommended.
cf44275e,4/20/2025,Apple,Black Rot,Fruiting,Cold,High,Captan,Chemical,3.0 pts/acre,21,Partial Control,Captan used during Fruiting stage under Cold conditions for High Black Rot. Outcome: Partial Control. Recommended.
f5506800,12/3/2025,Potato,Early Blight,Seedling,Humid,Low,Azoxystrobin (Quadris),Chemical,2.0 pts/acre,50,Success,Azoxystrobin (Quadris) used during Seedling stage under Humid conditions for Low Early Blight. Outcome: Success. Recommended.
1ffa8d48,6/6/2025,Potato,Early Blight,Harvest Ready,Hot,Low,Mancozeb (Dithane),Chemical,2.0 pts/acre,24,Failure,Mancozeb (Dithane) used during Harvest Ready stage under Hot conditions for Low Early Blight. Outcome: Failure. unsafe due to PHI (5 days).
44cdfd8e,6/8/2025,Grape,Black Rot,Vegetative,Cold,Low,Lime Sulfur,Organic,2.0 pts/acre,7,Partial Control,Lime Sulfur used during Vegetative stage under Cold conditions for Low Black Rot. Outcome: Partial Control. Recommended.
69116173,10/30/2025,Grape,Black Rot,Seedling,Cold,High,Thiophanate-methyl,Chemical,3.0 pts/acre,35,Success,Thiophanate-methyl used during Seedling stage under Cold conditions for High Black Rot. Outcome: Success. Recommended.
82dd3cca,6/5/2025,Potato,Early Blight,Flowering,Hot,High,Azoxystrobin (Quadris),Chemical,3.0 pts/acre,40,Success,Azoxystrobin (Quadris) used during Flowering stage under Hot conditions for High Early Blight. Outcome: Success. Recommended.
e02ebe48,9/28/2025,Tomato,Early Blight,Seedling,Cold,Low,Chlorothalonil (Bravo),Chemical,2.0 pts/acre,20,Success,Chlorothalonil (Bravo) used during Seedling stage under Cold conditions for Low Early Blight. Outcome: Success. Recommended.
5df37a75,2/23/2025,Tomato,Bacterial Spot,Harvest Ready,Cold,Low,Bacteriophages,Organic,2.0 pts/acre,49,Partial Control,Bacteriophages used during Harvest Ready stage under Cold conditions for Low Bacterial Spot. Outcome: Partial Control. Recommended.
c1547152,7/11/2025,Grape,Esca (Black Measles),Seedling,Humid,Moderate,Pruning & Sanitation,Mechanical,2.0 pts/acre,105,Partial Control,Pruning & Sanitation used during Seedling stage under Humid conditions for Moderate Esca (Black Measles). Outcome: Partial Control. Recommended.
e06cbbf8,7/6/2025,Tomato,Early Blight,Fruiting,Humid,High,Bacillus subtilis,Organic,3.0 pts/acre,35,Partial Control,Bacillus subtilis used during Fruiting stage under Humid conditions for High Early Blight. Outcome: Partial Control. Recommended.
33228573,10/7/2025,Apple,Black Rot,Harvest Ready,Cold,Moderate,Captan,Chemical,2.0 pts/acre,25,Success,Captan used during Harvest Ready stage under Cold conditions for Moderate Black Rot. Outcome: Success. Recommended.
212ef4eb,12/10/2025,Grape,Esca (Black Measles),Fruiting,Humid,Low,Trichoderma species,Organic,2.0 pts/acre,44,Partial Control,Trichoderma species used during Fruiting stage under Humid conditions for Low Esca (Black Measles). Outcome: Partial Control. Recommended.
bdb6eb74,7/24/2025,Tomato,Bacterial Spot,Harvest Ready,Hot,Low,Agri-Mycin,Chemical,2.0 pts/acre,39,Partial Control,Agri-Mycin used during Harvest Ready stage under Hot conditions for Low Bacterial Spot. Outcome: Partial Control. Recommended.
ebe6f80b,9/21/2025,Tomato,Bacterial Spot,Harvest Ready,Rainy,Moderate,Copper + Mancozeb,Chemical,2.0 pts/acre,29,Failure,Copper + Mancozeb used during Harvest Ready stage under Rainy conditions for Moderate Bacterial Spot. Outcome: Failure. unsafe due to PHI (5 days).
de5c8cba,7/4/2025,Grape,Leaf Blight,Harvest Ready,Humid,High,Mancozeb,Chemical,3.0 pts/acre,18,Failure,Mancozeb used during Harvest Ready stage under Humid conditions for High Leaf Blight. Outcome: Failure. unsafe due to PHI (66 days).
6a70edf9,1/16/2026,Grape,Esca (Black Measles),Harvest Ready,Rainy,Low,Pruning & Sanitation,Mechanical,2.0 pts/acre,99,Partial Control,Pruning & Sanitation used during Harvest Ready stage under Rainy conditions for Low Esca (Black Measles). Outcome: Partial Control. Recommended.
0f456e6d,11/16/2025,Grape,Black Rot,Flowering,Hot,Moderate,Captan,Chemical,2.0 pts/acre,24,Success,Captan used during Flowering stage under Hot conditions for Moderate Black Rot. Outcome: Success. Recommended.
19dd6567,12/27/2025,Apple,Apple Scab,Flowering,Humid,Critical,Sulfur,Organic,3.0 pts/acre,8,Failure,Sulfur used during Flowering stage under Humid conditions for Critical Apple Scab. Outcome: Failure. Recommended.
d6556db2,6/12/2025,Grape,Esca (Black Measles),Vegetative,Humid,High,Pruning & Sanitation,Mechanical,3.0 pts/acre,102,Partial Control,Pruning & Sanitation used during Vegetative stage under Humid conditions for High Esca (Black Measles). Outcome: Partial Control. Recommended.
317e1c63,10/19/2025,Potato,Late Blight,Vegetative,Rainy,Low,Ridomil Gold,Chemical,2.0 pts/acre,56,Success,Ridomil Gold used during Vegetative stage under Rainy conditions for Low Late Blight. Outcome: Success. Recommended.
68a446ec,10/27/2025,Tomato,Bacterial Spot,Harvest Ready,Hot,Critical,Copper + Mancozeb,Chemical,3.0 pts/acre,20,Failure,Copper + Mancozeb used during Harvest Ready stage under Hot conditions for Critical Bacterial Spot. Outcome: Failure. unsafe due to PHI (5 days).
4d8e2995,4/24/2025,Potato,Late Blight,Harvest Ready,Humid,High,Propamocarb,Chemical,3.0 pts/acre,42,Failure,Propamocarb used during Harvest Ready stage under Humid conditions for High Late Blight. Outcome: Failure. unsafe due to PHI (5 days).
1aa9fc86,3/8/2025,Apple,Black Rot,Seedling,Humid,High,Lime Sulfur,Organic,3.0 pts/acre,7,Failure,Lime Sulfur used during Seedling stage under Humid conditions for High Black Rot. Outcome: Failure. Recommended.
9e758a78,10/26/2025,Grape,Leaf Blight,Harvest Ready,Rainy,Low,Mancozeb,Chemical,2.0 pts/acre,20,Failure,Mancozeb used during Harvest Ready stage under Rainy conditions for Low Leaf Blight. Outcome: Failure. unsafe due to PHI (66 days).
c4196ddd,7/16/2025,Potato,Early Blight,Harvest Ready,Humid,High,Bacillus subtilis,Organic,3.0 pts/acre,29,Partial Control,Bacillus subtilis used during Harvest Ready stage under Humid conditions for High Early Blight. Outcome: Partial Control. Recommended.
2b9dc007,5/17/2025,Grape,Black Rot,Harvest Ready,Hot,Low,Thiophanate-methyl,Chemical,2.0 pts/acre,37,Success,Thiophanate-methyl used during Harvest Ready stage under Hot conditions for Low Black Rot. Outcome: Success. Recommended.
4db8ed52,9/12/2025,Grape,Leaf Blight,Harvest Ready,Rainy,Critical,Copper Oxychloride,Chemical,3.0 pts/acre,14,Partial Control,Copper Oxychloride used during Harvest Ready stage under Rainy conditions for Critical Leaf Blight. Outcome: Partial Control. Recommended.
c0777539,11/28/2025,Potato,Early Blight,Vegetative,Cold,Low,Bacillus subtilis,Organic,2.0 pts/acre,29,Partial Control,Bacillus subtilis used during Vegetative stage under Cold conditions for Low Early Blight. Outcome: Partial Control. Recommended.
b3abd001,8/8/2025,Grape,Black Rot,Seedling,Rainy,Critical,Lime Sulfur,Organic,3.0 pts/acre,12,Failure,Lime Sulfur used during Seedling stage under Rainy conditions for Critical Black Rot. Outcome: Failure. Recommended.
0ce87348,6/12/2025,Grape,Leaf Blight,Fruiting,Cold,Critical,Copper Oxychloride,Chemical,3.0 pts/acre,21,Partial Control,Copper Oxychloride used during Fruiting stage under Cold conditions for Critical Leaf Blight. Outcome: Partial Control. Recommended.
0694b5af,10/25/2025,Grape,Black Rot,Fruiting,Hot,Low,Captan,Chemical,2.0 pts/acre,23,Success,Captan used during Fruiting stage under Hot conditions for Low Black Rot. Outcome: Success. Recommended.
b702659e,6/4/2025,Grape,Leaf Blight,Seedling,Hot,High,Copper Oxychloride,Chemical,3.0 pts/acre,18,Partial Control,Copper Oxychloride used during Seedling stage under Hot conditions for High Leaf Blight. Outcome: Partial Control. Recommended.
9d2fe958,4/10/2025,Potato,Late Blight,Vegetative,Hot,Critical,Propamocarb,Chemical,3.0 pts/acre,36,Success,Propamocarb used during Vegetative stage under Hot conditions for Critical Late Blight. Outcome: Success. Recommended.
1af4785f,1/16/2026,Tomato,Late Blight,Vegetative,Dry/Sunny,Moderate,Propamocarb,Chemical,2.0 pts/acre,40,Success,Propamocarb used during Vegetative stage under Dry/Sunny conditions for Moderate Late Blight. Outcome: Success. Recommended.
bb956120,10/3/2025,Tomato,Early Blight,Seedling,Cold,Low,Bacillus subtilis,Organic,2.0 pts/acre,26,Partial Control,Bacillus subtilis used during Seedling stage under Cold conditions for Low Early Blight. Outcome: Partial Control. Recommended.
9bd0f9ef,12/3/2025,Apple,Cedar Apple Rust,Vegetative,Cold,Critical,Myclobutanil,Chemical,3.0 pts/acre,40,Success,Myclobutanil used during Vegetative stage under Cold conditions for Critical Cedar Apple Rust. Outcome: Success. Recommended.
b3b641b9,1/27/2026,Potato,Early Blight,Harvest Ready,Hot,High,Azoxystrobin (Quadris),Chemical,3.0 pts/acre,47,Success,Azoxystrobin (Quadris) used during Harvest Ready stage under Hot conditions for High Early Blight. Outcome: Success. Recommended.
84ae3af9,1/7/2026,Apple,Black Rot,Flowering,Rainy,Moderate,Captan,Chemical,2.0 pts/acre,26,Partial Control,Captan used during Flowering stage under Rainy conditions for Moderate Black Rot. Outcome: Partial Control. Recommended.
5.37E+12,11/25/2025,Grape,Leaf Blight,Vegetative,Humid,Critical,Mancozeb,Chemical,3.0 pts/acre,19,Success,Mancozeb used during Vegetative stage under Humid conditions for Critical Leaf Blight. Outcome: Success. Recommended.
90b22f5b,3/17/2025,Apple,Black Rot,Fruiting,Hot,Low,Captan,Chemical,2.0 pts/acre,19,Success,Captan used during Fruiting stage under Hot conditions for Low Black Rot. Outcome: Success. Recommended.
3b2f320d,8/23/2025,Apple,Black Rot,Seedling,Rainy,Moderate,Lime Sulfur,Organic,2.0 pts/acre,7,Failure,Lime Sulfur used during Seedling stage under Rainy conditions for Moderate Black Rot. Outcome: Failure. Recommended.
edce77ad,8/28/2025,Potato,Early Blight,Vegetative,Humid,Moderate,Azoxystrobin (Quadris),Chemical,2.0 pts/acre,48,Success,Azoxystrobin (Quadris) used during Vegetative stage under Humid conditions for Moderate Early Blight. Outcome: Success. Recommended.
58e7e1bd,4/24/2025,Apple,Black Rot,Fruiting,Humid,Low,Thiophanate-methyl,Chemical,2.0 pts/acre,27,Success,Thiophanate-methyl used during Fruiting stage under Humid conditions for Low Black Rot. Outcome: Success. Recommended.
e4da1e1b,1/30/2026,Grape,Black Rot,Harvest Ready,Rainy,High,Thiophanate-methyl,Chemical,3.0 pts/acre,33,Partial Control,Thiophanate-methyl used during Harvest Ready stage under Rainy conditions for High Black Rot. Outcome: Partial Control. Recommended.
aeae4bf0,4/24/2025,Potato,Late Blight,Harvest Ready,Humid,High,Propamocarb,Chemical,3.0 pts/acre,43,Failure,Propamocarb used during Harvest Ready stage under Humid conditions for High Late Blight. Outcome: Failure. unsafe due to PHI (5 days).
e56a51e0,5/8/2025,Tomato,Early Blight,Seedling,Cold,Critical,Mancozeb (Dithane),Chemical,3.0 pts/acre,15,Success,Mancozeb (Dithane) used during Seedling stage under Cold conditions for Critical Early Blight. Outcome: Success. Recommended.
fd8a094e,10/7/2025,Potato,Late Blight,Seedling,Hot,Low,Ridomil Gold,Chemical,2.0 pts/acre,60,Success,Ridomil Gold used during Seedling stage under Hot conditions for Low Late Blight. Outcome: Success. Recommended.
3da1fc06,5/27/2025,Apple,Cedar Apple Rust,Flowering,Dry/Sunny,Critical,Propiconazole,Chemical,3.0 pts/acre,30,Success,Propiconazole used during Flowering stage under Dry/Sunny conditions for Critical Cedar Apple Rust. Outcome: Success. Recommended.
b3c9be4f,4/9/2025,Apple,Cedar Apple Rust,Flowering,Hot,Critical,Myclobutanil,Chemical,3.0 pts/acre,42,Success,Myclobutanil used during Flowering stage under Hot conditions for Critical Cedar Apple Rust. Outcome: Success. Recommended.
1a08e494,4/25/2025,Tomato,Late Blight,Vegetative,Dry/Sunny,High,Fixed Copper,Organic,3.0 pts/acre,13,Partial Control,Fixed Copper used during Vegetative stage under Dry/Sunny conditions for High Late Blight. Outcome: Partial Control. Recommended.
a03c7c3b,4/17/2025,Potato,Early Blight,Harvest Ready,Hot,High,Chlorothalonil (Bravo),Chemical,3.0 pts/acre,24,Success,Chlorothalonil (Bravo) used during Harvest Ready stage under Hot conditions for High Early Blight. Outcome: Success. Recommended.
f0257678,6/8/2025,Apple,Cedar Apple Rust,Seedling,Cold,Critical,Myclobutanil,Chemical,3.0 pts/acre,34,Success,Myclobutanil used during Seedling stage under Cold conditions for Critical Cedar Apple Rust. Outcome: Success. Recommended.
71c73845,3/6/2025,Potato,Early Blight,Vegetative,Dry/Sunny,Moderate,Chlorothalonil (Bravo),Chemical,2.0 pts/acre,24,Success,Chlorothalonil (Bravo) used during Vegetative stage under Dry/Sunny conditions for Moderate Early Blight. Outcome: Success. Recommended.
f64b5f81,9/3/2025,Grape,Esca (Black Measles),Seedling,Cold,High,Pruning & Sanitation,Mechanical,3.0 pts/acre,95,Partial Control,Pruning & Sanitation used during Seedling stage under Cold conditions for High Esca (Black Measles). Outcome: Partial Control. Recommended.
e52486ff,12/9/2025,Apple,Apple Scab,Vegetative,Humid,Low,Captan,Chemical,2.0 pts/acre,17,Success,Captan used during Vegetative stage under Humid conditions for Low Apple Scab. Outcome: Success. Recommended.
e3083598,9/5/2025,Apple,Black Rot,Seedling,Cold,Low,Thiophanate-methyl,Chemical,2.0 pts/acre,36,Success,Thiophanate-methyl used during Seedling stage under Cold conditions for Low Black Rot. Outcome: Success. Recommended.
6b10035a,3/28/2025,Tomato,Late Blight,Harvest Ready,Hot,High,Propamocarb,Chemical,3.0 pts/acre,39,Failure,Propamocarb used during Harvest Ready stage under Hot conditions for High Late Blight. Outcome: Failure. unsafe due to PHI (5 days).
8edadd66,2/2/2026,Potato,Early Blight,Flowering,Rainy,Moderate,Azoxystrobin (Quadris),Chemical,2.0 pts/acre,43,Success,Azoxystrobin (Quadris) used during Flowering stage under Rainy conditions for Moderate Early Blight. Outcome: Success. Recommended.
fff178e1,3/16/2025,Apple,Apple Scab,Seedling,Cold,Critical,Captan,Chemical,3.0 pts/acre,17,Success,Captan used during Seedling stage under Cold conditions for Critical Apple Scab. Outcome: Success. Recommended.
fa1c51f8,11/12/2025,Potato,Late Blight,Fruiting,Rainy,Moderate,Ridomil Gold,Chemical,2.0 pts/acre,56,Success,Ridomil Gold used during Fruiting stage under Rainy conditions for Moderate Late Blight. Outcome: Success. Recommended.
6b4c2302,3/3/2025,Potato,Late Blight,Fruiting,Cold,Critical,Fixed Copper,Organic,3.0 pts/acre,14,Failure,Fixed Copper used during Fruiting stage under Cold conditions for Critical Late Blight. Outcome: Failure. Recommended.
be3377cf,10/1/2025,Grape,Esca (Black Measles),Seedling,Hot,Low,Trichoderma species,Organic,2.0 pts/acre,37,Partial Control,Trichoderma species used during Seedling stage under Hot conditions for Low Esca (Black Measles). Outcome: Partial Control. Recommended.
024ebcb4,5/7/2025,Potato,Early Blight,Harvest Ready,Hot,High,Bacillus subtilis,Organic,3.0 pts/acre,32,Partial Control,Bacillus subtilis used during Harvest Ready stage under Hot conditions for High Early Blight. Outcome: Partial Control. Recommended.
15b5d04a,2/19/2025,Apple,Cedar Apple Rust,Seedling,Rainy,High,Propiconazole,Chemical,3.0 pts/acre,34,Partial Control,Propiconazole used during Seedling stage under Rainy conditions for High Cedar Apple Rust. Outcome: Partial Control. Recommended.
6c712ac1,9/26/2025,Tomato,Late Blight,Seedling,Humid,Critical,Ridomil Gold,Chemical,3.0 pts/acre,50,Success,Ridomil Gold used during Seedling stage under Humid conditions for Critical Late Blight. Outcome: Success. Recommended.
3759b81c,9/18/2025,Apple,Black Rot,Flowering,Rainy,Critical,Lime Sulfur,Organic,3.0 pts/acre,10,Failure,Lime Sulfur used during Flowering stage under Rainy conditions for Critical Black Rot. Outcome: Failure. Recommended.
efcfbd56,5/16/2025,Apple,Cedar Apple Rust,Fruiting,Hot,High,Myclobutanil,Chemical,3.0 pts/acre,36,Success,Myclobutanil used during Fruiting stage under Hot conditions for High Cedar Apple Rust. Outcome: Success. Recommended.
0a576163,10/6/2025,Potato,Late Blight,Flowering,Hot,Critical,Propamocarb,Chemical,3.0 pts/acre,41,Success,Propamocarb used during Flowering stage under Hot conditions for Critical Late Blight. Outcome: Success. Recommended.
4b42ac84,2/17/2026,Grape,Leaf Blight,Fruiting,Rainy,Critical,Mancozeb,Chemical,3.0 pts/acre,16,Partial Control,Mancozeb used during Fruiting stage under Rainy conditions for Critical Leaf Blight. Outcome: Partial Control. Recommended.
c987e158,8/24/2025,Potato,Late Blight,Seedling,Cold,Critical,Propamocarb,Chemical,3.0 pts/acre,39,Success,Propamocarb used during Seedling stage under Cold conditions for Critical Late Blight. Outcome: Success. Recommended.
4f14ff5c,3/8/2025,Potato,Late Blight,Seedling,Rainy,Low,Propamocarb,Chemical,2.0 pts/acre,38,Partial Control,Propamocarb used during Seedling stage under Rainy conditions for Low Late Blight. Outcome: Partial Control. Recommended.
78f24bff,2/25/2025,Potato,Late Blight,Vegetative,Humid,Low,Fixed Copper,Organic,2.0 pts/acre,11,Partial Control,Fixed Copper used during Vegetative stage under Humid conditions for Low Late Blight. Outcome: Partial Control. Recommended.
f27c1d64,11/20/2025,Grape,Esca (Black Measles),Harvest Ready,Hot,Critical,Pruning & Sanitation,Mechanical,3.0 pts/acre,102,Partial Control,Pruning & Sanitation used during Harvest Ready stage under Hot conditions for Critical Esca (Black Measles). Outcome: Partial Control. Recommended.
9125842e,3/13/2025,Apple,Cedar Apple Rust,Seedling,Humid,High,Myclobutanil,Chemical,3.0 pts/acre,42,Success,Myclobutanil used during Seedling stage under Humid conditions for High Cedar Apple Rust. Outcome: Success. Recommended.
bfd93559,10/16/2025,Apple,Black Rot,Seedling,Humid,Moderate,Lime Sulfur,Organic,2.0 pts/acre,8,Partial Control,Lime Sulfur used during Seedling stage under Humid conditions for Moderate Black Rot. Outcome: Partial Control. Recommended.
2e6acbcf,2/26/2025,Tomato,Bacterial Spot,Flowering,Dry/Sunny,Low,Bacteriophages,Organic,2.0 pts/acre,46,Partial Control,Bacteriophages used during Flowering stage under Dry/Sunny conditions for Low Bacterial Spot. Outcome: Partial Control. Recommended.
217cd853,2/13/2026,Apple,Cedar Apple Rust,Fruiting,Dry/Sunny,High,Propiconazole,Chemical,3.0 pts/acre,32,Success,Propiconazole used during Fruiting stage under Dry/Sunny conditions for High Cedar Apple Rust. Outcome: Success. Recommended.
05fab894,4/6/2025,Potato,Early Blight,Fruiting,Rainy,High,Copper Hydroxide,Organic,3.0 pts/acre,20,Failure,Copper Hydroxide used during Fruiting stage under Rainy conditions for High Early Blight. Outcome: Failure. Recommended.
ccee68e9,2/11/2026,Tomato,Bacterial Spot,Harvest Ready,Humid,Low,Bacteriophages,Organic,2.0 pts/acre,55,Partial Control,Bacteriophages used during Harvest Ready stage under Humid conditions for Low Bacterial Spot. Outcome: Partial Control. Recommended.
5d0be4b1,8/23/2025,Grape,Esca (Black Measles),Vegetative,Dry/Sunny,Critical,Pruning & Sanitation,Mechanical,3.0 pts/acre,105,Partial Control,Pruning & Sanitation used during Vegetative stage under Dry/Sunny conditions for Critical Esca (Black Measles). Outcome: Partial Control. Recommended.
d09cc97a,5/10/2025,Potato,Early Blight,Seedling,Rainy,Moderate,Copper Hydroxide,Organic,2.0 pts/acre,19,Failure,Copper Hydroxide used during Seedling stage under Rainy conditions for Moderate Early Blight. Outcome: Failure. Recommended.
6e05f1ea,2/25/2025,Grape,Leaf Blight,Vegetative,Rainy,Moderate,Mancozeb,Chemical,2.0 pts/acre,24,Partial Control,Mancozeb used during Vegetative stage under Rainy conditions for Moderate Leaf Blight. Outcome: Partial Control. Recommended.
e5edd36c,3/1/2025,Grape,Leaf Blight,Vegetative,Dry/Sunny,Low,Copper Oxychloride,Chemical,2.0 pts/acre,23,Partial Control,Copper Oxychloride used during Vegetative stage under Dry/Sunny conditions for Low Leaf Blight. Outcome: Partial Control. Recommended.
7e7bd49f,6/1/2025,Grape,Black Rot,Flowering,Rainy,Low,Thiophanate-methyl,Chemical,2.0 pts/acre,27,Partial Control,Thiophanate-methyl used during Flowering stage under Rainy conditions for Low Black Rot. Outcome: Partial Control. Recommended.
d741116e,12/26/2025,Grape,Leaf Blight,Harvest Ready,Humid,Moderate,Mancozeb,Chemical,2.0 pts/acre,24,Failure,Mancozeb used during Harvest Ready stage under Humid conditions for Moderate Leaf Blight. Outcome: Failure. unsafe due to PHI (66 days).
9b27615f,8/30/2025,Apple,Black Rot,Flowering,Cold,Moderate,Captan,Chemical,2.0 pts/acre,21,Success,Captan used during Flowering stage under Cold conditions for Moderate Black Rot. Outcome: Success. Recommended.
37deda92,10/25/2025,Apple,Black Rot,Flowering,Dry/Sunny,High,Thiophanate-methyl,Chemical,3.0 pts/acre,35,Success,Thiophanate-methyl used during Flowering stage under Dry/Sunny conditions for High Black Rot. Outcome: Success. Recommended.
6846ea2c,5/19/2025,Apple,Cedar Apple Rust,Vegetative,Dry/Sunny,Critical,Propiconazole,Chemical,3.0 pts/acre,26,Success,Propiconazole used during Vegetative stage under Dry/Sunny conditions for Critical Cedar Apple Rust. Outcome: Success. Recommended.
b135991f,5/2/2025,Apple,Black Rot,Seedling,Dry/Sunny,Low,Lime Sulfur,Organic,2.0 pts/acre,10,Partial Control,Lime Sulfur used during Seedling stage under Dry/Sunny conditions for Low Black Rot. Outcome: Partial Control. Recommended.
87d52ffc,6/7/2025,Tomato,Early Blight,Flowering,Rainy,Critical,Copper Hydroxide,Organic,3.0 pts/acre,10,Failure,Copper Hydroxide used during Flowering stage under Rainy conditions for Critical Early Blight. Outcome: Failure. Recommended.
65a8cef8,3/29/2025,Potato,Early Blight,Fruiting,Cold,Low,Copper Hydroxide,Organic,2.0 pts/acre,17,Partial Control,Copper Hydroxide used during Fruiting stage under Cold conditions for Low Early Blight. Outcome: Partial Control. Recommended.
40cba862,5/21/2025,Tomato,Late Blight,Seedling,Hot,High,Ridomil Gold,Chemical,3.0 pts/acre,58,Success,Ridomil Gold used during Seedling stage under Hot conditions for High Late Blight. Outcome: Success. Recommended.
50ec7d90,6/10/2025,Grape,Black Rot,Seedling,Rainy,High,Lime Sulfur,Organic,3.0 pts/acre,14,Failure,Lime Sulfur used during Seedling stage under Rainy conditions for High Black Rot. Outcome: Failure. Recommended.
e616f284,5/22/2025,Potato,Early Blight,Fruiting,Humid,Moderate,Azoxystrobin (Quadris),Chemical,2.0 pts/acre,46,Success,Azoxystrobin (Quadris) used during Fruiting stage under Humid conditions for Moderate Early Blight. Outcome: Success. Recommended.
1a1da824,4/3/2025,Tomato,Late Blight,Harvest Ready,Humid,Critical,Ridomil Gold,Chemical,3.0 pts/acre,58,Failure,Ridomil Gold used during Harvest Ready stage under Humid conditions for Critical Late Blight. Outcome: Failure. unsafe due to PHI (5 days).
86d2ec33,5/6/2025,Tomato,Early Blight,Fruiting,Hot,Critical,Bacillus subtilis,Organic,3.0 pts/acre,35,Failure,Bacillus subtilis used during Fruiting stage under Hot conditions for Critical Early Blight. Outcome: Failure. Recommended.
8db70778,12/21/2025,Tomato,Late Blight,Fruiting,Dry/Sunny,Critical,Ridomil Gold,Chemical,3.0 pts/acre,53,Success,Ridomil Gold used during Fruiting stage under Dry/Sunny conditions for Critical Late Blight. Outcome: Success. Recommended.
e3c06847,7/23/2025,Tomato,Late Blight,Seedling,Rainy,Moderate,Ridomil Gold,Chemical,2.0 pts/acre,50,Success,Ridomil Gold used during Seedling stage under Rainy conditions for Moderate Late Blight. Outcome: Success. Recommended.
5dcd26c4,6/11/2025,Potato,Early Blight,Harvest Ready,Hot,Critical,Mancozeb (Dithane),Chemical,3.0 pts/acre,22,Failure,Mancozeb (Dithane) used during Harvest Ready stage under Hot conditions for Critical Early Blight. Outcome: Failure. unsafe due to PHI (5 days).
b3a22e8e,12/4/2025,Grape,Leaf Blight,Vegetative,Rainy,High,Copper Oxychloride,Chemical,3.0 pts/acre,14,Partial Control,Copper Oxychloride used during Vegetative stage under Rainy conditions for High Leaf Blight. Outcome: Partial Control. Recommended.
794ed259,7/30/2025,Apple,Cedar Apple Rust,Vegetative,Cold,High,Myclobutanil,Chemical,3.0 pts/acre,33,Success,Myclobutanil used during Vegetative stage under Cold conditions for High Cedar Apple Rust. Outcome: Success. Recommended.
f02eaff9,5/15/2025,Grape,Leaf Blight,Fruiting,Hot,High,Mancozeb,Chemical,3.0 pts/acre,19,Partial Control,Mancozeb used during Fruiting stage under Hot conditions for High Leaf Blight. Outcome: Partial Control. Recommended.
04175c8e,12/4/2025,Potato,Late Blight,Flowering,Dry/Sunny,Low,Propamocarb,Chemical,2.0 pts/acre,36,Success,Propamocarb used during Flowering stage under Dry/Sunny conditions for Low Late Blight. Outcome: Success. Recommended.
ddecba74,8/24/2025,Apple,Cedar Apple Rust,Harvest Ready,Dry/Sunny,Moderate,Myclobutanil,Chemical,2.0 pts/acre,33,Failure,Myclobutanil used during Harvest Ready stage under Dry/Sunny conditions for Moderate Cedar Apple Rust. Outcome: Failure. unsafe due to PHI (14 days).
9e2f40ae,7/14/2025,Potato,Early Blight,Harvest Ready,Cold,Critical,Chlorothalonil (Bravo),Chemical,3.0 pts/acre,23,Success,Chlorothalonil (Bravo) used during Harvest Ready stage under Cold conditions for Critical Early Blight. Outcome: Success. Recommended.
4813ec05,7/7/2025,Tomato,Early Blight,Harvest Ready,Hot,Moderate,Chlorothalonil (Bravo),Chemical,2.0 pts/acre,22,Success,Chlorothalonil (Bravo) used during Harvest Ready stage under Hot conditions for Moderate Early Blight. Outcome: Success. Recommended.
af7130b1,4/26/2025,Tomato,Bacterial Spot,Vegetative,Cold,Low,Agri-Mycin,Chemical,2.0 pts/acre,33,Partial Control,Agri-Mycin used during Vegetative stage under Cold conditions for Low Bacterial Spot. Outcome: Partial Control. Recommended.
66945cd0,12/25/2025,Grape,Leaf Blight,Harvest Ready,Hot,Moderate,Mancozeb,Chemical,2.0 pts/acre,21,Failure,Mancozeb used during Harvest Ready stage under Hot conditions for Moderate Leaf Blight. Outcome: Failure. unsafe due to PHI (66 days).
4880eb5f,10/4/2025,Apple,Cedar Apple Rust,Harvest Ready,Rainy,Moderate,Propiconazole,Chemical,2.0 pts/acre,32,Failure,Propiconazole used during Harvest Ready stage under Rainy conditions for Moderate Cedar Apple Rust. Outcome: Failure. unsafe due to PHI (14 days).
77a533d9,12/10/2025,Apple,Apple Scab,Flowering,Hot,Moderate,Sulfur,Organic,2.0 pts/acre,7,Partial Control,Sulfur used during Flowering stage under Hot conditions for Moderate Apple Scab. Outcome: Partial Control. Recommended.
6c479ca4,8/25/2025,Potato,Early Blight,Seedling,Cold,High,Copper Hydroxide,Organic,3.0 pts/acre,16,Partial Control,Copper Hydroxide used during Seedling stage under Cold conditions for High Early Blight. Outcome: Partial Control. Recommended.
6297c99f,5/24/2025,Potato,Early Blight,Flowering,Hot,Moderate,Chlorothalonil (Bravo),Chemical,2.0 pts/acre,22,Success,Chlorothalonil (Bravo) used during Flowering stage under Hot conditions for Moderate Early Blight. Outcome: Success. Recommended.
bb35377c,9/5/2025,Apple,Apple Scab,Harvest Ready,Dry/Sunny,Moderate,Myclobutanil,Chemical,2.0 pts/acre,43,Failure,Myclobutanil used during Harvest Ready stage under Dry/Sunny conditions for Moderate Apple Scab. Outcome: Failure. unsafe due to PHI (14 days).
d5d98a79,8/30/2025,Potato,Early Blight,Seedling,Cold,Low,Bacillus subtilis,Organic,2.0 pts/acre,31,Partial Control,Bacillus subtilis used during Seedling stage under Cold conditions for Low Early Blight. Outcome: Partial Control. Recommended.
8fcfc1f1,5/2/2025,Grape,Esca (Black Measles),Vegetative,Dry/Sunny,Low,Trichoderma species,Organic,2.0 pts/acre,37,Partial Control,Trichoderma species used during Vegetative stage under Dry/Sunny conditions for Low Esca (Black Measles). Outcome: Partial Control. Recommended.
f15f6ca4,2/24/2025,Apple,Black Rot,Seedling,Hot,Moderate,Lime Sulfur,Organic,2.0 pts/acre,13,Partial Control,Lime Sulfur used during Seedling stage under Hot conditions for Moderate Black Rot. Outcome: Partial Control. Recommended.
969246f8,2/9/2026,Grape,Leaf Blight,Vegetative,Rainy,Critical,Copper Oxychloride,Chemical,3.0 pts/acre,15,Partial Control,Copper Oxychloride used during Vegetative stage under Rainy conditions for Critical Leaf Blight. Outcome: Partial Control. Recommended.
72bae92e,3/4/2025,Tomato,Late Blight,Vegetative,Humid,Moderate,Propamocarb,Chemical,2.0 pts/acre,40,Success,Propamocarb used during Vegetative stage under Humid conditions for Moderate Late Blight. Outcome: Success. Recommended.
6ca00174,1/8/2026,Grape,Esca (Black Measles),Fruiting,Humid,High,Trichoderma species,Organic,3.0 pts/acre,41,Failure,Trichoderma species used during Fruiting stage under Humid conditions for High Esca (Black Measles). Outcome: Failure. Recommended.
70e09e97,2/9/2026,Apple,Cedar Apple Rust,Flowering,Rainy,Low,Propiconazole,Chemical,2.0 pts/acre,33,Success,Propiconazole used during Flowering stage under Rainy conditions for Low Cedar Apple Rust. Outcome: Success. Recommended.
dfb8bf01,6/18/2025,Apple,Apple Scab,Flowering,Cold,Critical,Sulfur,Organic,3.0 pts/acre,5,Failure,Sulfur used during Flowering stage under Cold conditions for Critical Apple Scab. Outcome: Failure. Recommended.
cfedbed3,9/15/2025,Tomato,Bacterial Spot,Vegetative,Humid,Critical,Bacteriophages,Organic,3.0 pts/acre,46,Failure,Bacteriophages used during Vegetative stage under Humid conditions for Critical Bacterial Spot. Outcome: Failure. Recommended.
51eadd4e,5/25/2025,Potato,Early Blight,Fruiting,Rainy,Moderate,Copper Hydroxide,Organic,2.0 pts/acre,18,Failure,Copper Hydroxide used during Fruiting stage under Rainy conditions for Moderate Early Blight. Outcome: Failure. Recommended.
88f37a24,5/4/2025,Grape,Leaf Blight,Fruiting,Cold,Critical,Mancozeb,Chemical,3.0 pts/acre,21,Success,Mancozeb used during Fruiting stage under Cold conditions for Critical Leaf Blight. Outcome: Success. Recommended.
6dc0088b,1/20/2026,Apple,Black Rot,Seedling,Rainy,Moderate,Thiophanate-methyl,Chemical,2.0 pts/acre,37,Partial Control,Thiophanate-methyl used during Seedling stage under Rainy conditions for Moderate Black Rot. Outcome: Partial Control. Recommended.
27660559,7/15/2025,Grape,Leaf Blight,Fruiting,Dry/Sunny,High,Copper Oxychloride,Chemical,3.0 pts/acre,21,Partial Control,Copper Oxychloride used during Fruiting stage under Dry/Sunny conditions for High Leaf Blight. Outcome: Partial Control. Recommended.
cff221e5,5/18/2025,Apple,Apple Scab,Flowering,Hot,Critical,Sulfur,Organic,3.0 pts/acre,7,Failure,Sulfur used during Flowering stage under Hot conditions for Critical Apple Scab. Outcome: Failure. Recommended.
63ce0bfe,9/1/2025,Potato,Early Blight,Vegetative,Rainy,Low,Mancozeb (Dithane),Chemical,2.0 pts/acre,25,Partial Control,Mancozeb (Dithane) used during Vegetative stage under Rainy conditions for Low Early Blight. Outcome: Partial Control. Recommended.
ae537b3c,1/6/2026,Grape,Leaf Blight,Flowering,Cold,Low,Copper Oxychloride,Chemical,2.0 pts/acre,20,Partial Control,Copper Oxychloride used during Flowering stage under Cold conditions for Low Leaf Blight. Outcome: Partial Control. Recommended.
5efbce7d,12/8/2025,Tomato,Late Blight,Vegetative,Hot,Low,Fixed Copper,Organic,2.0 pts/acre,14,Partial Control,Fixed Copper used during Vegetative stage under Hot conditions for Low Late Blight. Outcome: Partial Control. Recommended.
796b4614,11/21/2025,Apple,Cedar Apple Rust,Vegetative,Humid,Moderate,Propiconazole,Chemical,2.0 pts/acre,29,Success,Propiconazole used during Vegetative stage under Humid conditions for Moderate Cedar Apple Rust. Outcome: Success. Recommended.
f0e0a39b,7/30/2025,Grape,Leaf Blight,Harvest Ready,Humid,Critical,Copper Oxychloride,Chemical,3.0 pts/acre,17,Partial Control,Copper Oxychloride used during Harvest Ready stage under Humid conditions for Critical Leaf Blight. Outcome: Partial Control. Recommended.
2865866f,3/12/2025,Potato,Early Blight,Vegetative,Rainy,Moderate,Chlorothalonil (Bravo),Chemical,2.0 pts/acre,28,Partial Control,Chlorothalonil (Bravo) used during Vegetative stage under Rainy conditions for Moderate Early Blight. Outcome: Partial Control. Recommended.
e0cbb21b,5/15/2025,Tomato,Early Blight,Vegetative,Humid,Moderate,Copper Hydroxide,Organic,2.0 pts/acre,12,Partial Control,Copper Hydroxide used during Vegetative stage under Humid conditions for Moderate Early Blight. Outcome: Partial Control. Recommended.
37ffb6e4,9/7/2025,Apple,Cedar Apple Rust,Fruiting,Hot,Critical,Myclobutanil,Chemical,3.0 pts/acre,38,Success,Myclobutanil used during Fruiting stage under Hot conditions for Critical Cedar Apple Rust. Outcome: Success. Recommended.
901415d1,2/24/2025,Grape,Leaf Blight,Vegetative,Humid,High,Mancozeb,Chemical,3.0 pts/acre,20,Partial Control,Mancozeb used during Vegetative stage under Humid conditions for High Leaf Blight. Outcome: Partial Control. Recommended.
3910c972,11/20/2025,Apple,Black Rot,Flowering,Humid,Moderate,Thiophanate-methyl,Chemical,2.0 pts/acre,37,Success,Thiophanate-methyl used during Flowering stage under Humid conditions for Moderate Black Rot. Outcome: Success. Recommended.
4e9f0e25,9/20/2025,Potato,Late Blight,Fruiting,Humid,Moderate,Propamocarb,Chemical,2.0 pts/acre,40,Success,Propamocarb used during Fruiting stage under Humid conditions for Moderate Late Blight. Outcome: Success. Recommended.
f8482b9d,6/24/2025,Apple,Black Rot,Harvest Ready,Cold,Critical,Captan,Chemical,3.0 pts/acre,17,Success,Captan used during Harvest Ready stage under Cold conditions for Critical Black Rot. Outcome: Success. Recommended.
53c4c957,9/29/2025,Apple,Apple Scab,Fruiting,Humid,High,Sulfur,Organic,3.0 pts/acre,9,Partial Control,Sulfur used during Fruiting stage under Humid conditions for High Apple Scab. Outcome: Partial Control. Recommended.
d18473a1,7/16/2025,Apple,Black Rot,Fruiting,Hot,High,Thiophanate-methyl,Chemical,3.0 pts/acre,35,Success,Thiophanate-methyl used during Fruiting stage under Hot conditions for High Black Rot. Outcome: Success. Recommended.
988f7c6f,10/8/2025,Potato,Late Blight,Vegetative,Dry/Sunny,Low,Propamocarb,Chemical,2.0 pts/acre,40,Success,Propamocarb used during Vegetative stage under Dry/Sunny conditions for Low Late Blight. Outcome: Success. Recommended.
eac3c9c3,5/12/2025,Grape,Black Rot,Fruiting,Humid,High,Thiophanate-methyl,Chemical,3.0 pts/acre,36,Success,Thiophanate-methyl used during Fruiting stage under Humid conditions for High Black Rot. Outcome: Success. Recommended.
94149940,1/18/2026,Tomato,Early Blight,Vegetative,Rainy,Low,Copper Hydroxide,Organic,2.0 pts/acre,19,Failure,Copper Hydroxide used during Vegetative stage under Rainy conditions for Low Early Blight. Outcome: Failure. Recommended.
591fff02,3/28/2025,Potato,Late Blight,Fruiting,Cold,Moderate,Ridomil Gold,Chemical,2.0 pts/acre,51,Success,Ridomil Gold used during Fruiting stage under Cold conditions for Moderate Late Blight. Outcome: Success. Recommended.
8cca2e6c,5/18/2025,Grape,Black Rot,Fruiting,Hot,High,Lime Sulfur,Organic,3.0 pts/acre,10,Failure,Lime Sulfur used during Fruiting stage under Hot conditions for High Black Rot. Outcome: Failure. Recommended.
f4ccbd56,12/5/2025,Potato,Late Blight,Fruiting,Hot,High,Ridomil Gold,Chemical,3.0 pts/acre,54,Success,Ridomil Gold used during Fruiting stage under Hot conditions for High Late Blight. Outcome: Success. Recommended.
6ad4364d,2/15/2026,Tomato,Bacterial Spot,Flowering,Dry/Sunny,Moderate,Agri-Mycin,Chemical,2.0 pts/acre,36,Partial Control,Agri-Mycin used during Flowering stage under Dry/Sunny conditions for Moderate Bacterial Spot. Outcome: Partial Control. Recommended.
06af939c,12/29/2025,Tomato,Late Blight,Fruiting,Hot,Moderate,Propamocarb,Chemical,2.0 pts/acre,37,Success,Propamocarb used during Fruiting stage under Hot conditions for Moderate Late Blight. Outcome: Success. Recommended.
5dbcef71,10/15/2025,Potato,Late Blight,Seedling,Humid,High,Ridomil Gold,Chemical,3.0 pts/acre,54,Success,Ridomil Gold used during Seedling stage under Humid conditions for High Late Blight. Outcome: Success. Recommended.
ac881637,11/14/2025,Tomato,Bacterial Spot,Harvest Ready,Hot,Critical,Bacteriophages,Organic,3.0 pts/acre,47,Failure,Bacteriophages used during Harvest Ready stage under Hot conditions for Critical Bacterial Spot. Outcome: Failure. Recommended.
66ee6c74,1/26/2026,Grape,Black Rot,Fruiting,Rainy,Moderate,Thiophanate-methyl,Chemical,2.0 pts/acre,34,Partial Control,Thiophanate-methyl used during Fruiting stage under Rainy conditions for Moderate Black Rot. Outcome: Partial Control. Recommended.
b69e8217,6/3/2025,Tomato,Early Blight,Fruiting,Rainy,Low,Copper Hydroxide,Organic,2.0 pts/acre,16,Failure,Copper Hydroxide used during Fruiting stage under Rainy conditions for Low Early Blight. Outcome: Failure. Recommended.
e85ec26e,12/10/2025,Potato,Late Blight,Flowering,Cold,Critical,Propamocarb,Chemical,3.0 pts/acre,39,Success,Propamocarb used during Flowering stage under Cold conditions for Critical Late Blight. Outcome: Success. Recommended.
c654e1d1,1/9/2026,Potato,Late Blight,Fruiting,Hot,Low,Propamocarb,Chemical,2.0 pts/acre,35,Success,Propamocarb used during Fruiting stage under Hot conditions for Low Late Blight. Outcome: Success. Recommended.
709aa6fa,6/9/2025,Tomato,Bacterial Spot,Vegetative,Dry/Sunny,Low,Bacteriophages,Organic,2.0 pts/acre,55,Partial Control,Bacteriophages used during Vegetative stage under Dry/Sunny conditions for Low Bacterial Spot. Outcome: Partial Control. Recommended.
a28db66c,1/14/2026,Tomato,Late Blight,Vegetative,Humid,Moderate,Ridomil Gold,Chemical,2.0 pts/acre,55,Success,Ridomil Gold used during Vegetative stage under Humid conditions for Moderate Late Blight. Outcome: Success. Recommended.
9479f8cd,10/14/2025,Tomato,Bacterial Spot,Fruiting,Rainy,Low,Copper + Mancozeb,Chemical,2.0 pts/acre,26,Partial Control,Copper + Mancozeb used during Fruiting stage under Rainy conditions for Low Bacterial Spot. Outcome: Partial Control. Recommended.
328dde07,4/8/2025,Potato,Late Blight,Flowering,Dry/Sunny,Moderate,Propamocarb,Chemical,2.0 pts/acre,45,Success,Propamocarb used during Flowering stage under Dry/Sunny conditions for Moderate Late Blight. Outcome: Success. Recommended.
c698f9e4,6/15/2025,Apple,Black Rot,Harvest Ready,Humid,Critical,Captan,Chemical,3.0 pts/acre,18,Success,Captan used during Harvest Ready stage under Humid conditions for Critical Black Rot. Outcome: Success. Recommended.
c37d9006,3/14/2025,Grape,Black Rot,Seedling,Humid,High,Lime Sulfur,Organic,3.0 pts/acre,17,Failure,Lime Sulfur used during Seedling stage under Humid conditions for High Black Rot. Outcome: Failure. Recommended.
38eb2715,11/8/2025,Apple,Cedar Apple Rust,Fruiting,Rainy,Moderate,Myclobutanil,Chemical,2.0 pts/acre,39,Success,Myclobutanil used during Fruiting stage under Rainy conditions for Moderate Cedar Apple Rust. Outcome: Success. Recommended.
14269783,10/14/2025,Potato,Early Blight,Seedling,Dry/Sunny,Critical,Copper Hydroxide,Organic,3.0 pts/acre,11,Failure,Copper Hydroxide used during Seedling stage under Dry/Sunny conditions for Critical Early Blight. Outcome: Failure. Recommended.
cc382958,3/20/2025,Potato,Early Blight,Seedling,Cold,High,Azoxystrobin (Quadris),Chemical,3.0 pts/acre,47,Success,Azoxystrobin (Quadris) used during Seedling stage under Cold conditions for High Early Blight. Outcome: Success. Recommended.
5a333751,12/30/2025,Apple,Black Rot,Seedling,Hot,Low,Thiophanate-methyl,Chemical,2.0 pts/acre,30,Success,Thiophanate-methyl used during Seedling stage under Hot conditions for Low Black Rot. Outcome: Success. Recommended.
f47c1cc8,12/1/2025,Potato,Late Blight,Fruiting,Dry/Sunny,High,Fixed Copper,Organic,3.0 pts/acre,16,Partial Control,Fixed Copper used during Fruiting stage under Dry/Sunny conditions for High Late Blight. Outcome: Partial Control. Recommended.
d1989162,8/7/2025,Apple,Black Rot,Flowering,Humid,Low,Thiophanate-methyl,Chemical,2.0 pts/acre,29,Success,Thiophanate-methyl used during Flowering stage under Humid conditions for Low Black Rot. Outcome: Success. Recommended.
35d49dd4,6/18/2025,Potato,Late Blight,Seedling,Rainy,Moderate,Propamocarb,Chemical,2.0 pts/acre,44,Partial Control,Propamocarb used during Seedling stage under Rainy conditions for Moderate Late Blight. Outcome: Partial Control. Recommended.
21499121,2/3/2026,Grape,Esca (Black Measles),Vegetative,Cold,Moderate,Pruning & Sanitation,Mechanical,2.0 pts/acre,95,Partial Control,Pruning & Sanitation used during Vegetative stage under Cold conditions for Moderate Esca (Black Measles). Outcome: Partial Control. Recommended.
1383fcf5,1/16/2026,Tomato,Late Blight,Flowering,Dry/Sunny,High,Fixed Copper,Organic,3.0 pts/acre,11,Partial Control,Fixed Copper used during Flowering stage under Dry/Sunny conditions for High Late Blight. Outcome: Partial Control. Recommended.
fc1c03ac,10/16/2025,Apple,Cedar Apple Rust,Flowering,Humid,Low,Propiconazole,Chemical,2.0 pts/acre,34,Success,Propiconazole used during Flowering stage under Humid conditions for Low Cedar Apple Rust. Outcome: Success. Recommended.
e6b359e7,5/10/2025,Tomato,Early Blight,Seedling,Hot,Low,Azoxystrobin (Quadris),Chemical,2.0 pts/acre,46,Success,Azoxystrobin (Quadris) used during Seedling stage under Hot conditions for Low Early Blight. Outcome: Success. Recommended.
76afdb1f,6/7/2025,Potato,Early Blight,Flowering,Humid,Low,Mancozeb (Dithane),Chemical,2.0 pts/acre,18,Success,Mancozeb (Dithane) used during Flowering stage under Humid conditions for Low Early Blight. Outcome: Success. Recommended.
e97dcab4,9/15/2025,Potato,Late Blight,Seedling,Humid,Moderate,Fixed Copper,Organic,2.0 pts/acre,17,Partial Control,Fixed Copper used during Seedling stage under Humid conditions for Moderate Late Blight. Outcome: Partial Control. Recommended.
365256d0,12/8/2025,Potato,Early Blight,Seedling,Hot,High,Chlorothalonil (Bravo),Chemical,3.0 pts/acre,24,Success,Chlorothalonil (Bravo) used during Seedling stage under Hot conditions for High Early Blight. Outcome: Success. Recommended.
517de8d5,2/23/2025,Grape,Esca (Black Measles),Vegetative,Dry/Sunny,Low,Pruning & Sanitation,Mechanical,2.0 pts/acre,99,Partial Control,Pruning & Sanitation used during Vegetative stage under Dry/Sunny conditions for Low Esca (Black Measles). Outcome: Partial Control. Recommended.
32070220,1/30/2026,Tomato,Early Blight,Flowering,Humid,Moderate,Copper Hydroxide,Organic,2.0 pts/acre,19,Partial Control,Copper Hydroxide used during Flowering stage under Humid conditions for Moderate Early Blight. Outcome: Partial Control. Recommended.
cdad4b43,10/19/2025,Tomato,Early Blight,Seedling,Dry/Sunny,Moderate,Chlorothalonil (Bravo),Chemical,2.0 pts/acre,20,Success,Chlorothalonil (Bravo) used during Seedling stage under Dry/Sunny conditions for Moderate Early Blight. Outcome: Success. Recommended.
9ff782a8,7/6/2025,Apple,Cedar Apple Rust,Fruiting,Rainy,Moderate,Myclobutanil,Chemical,2.0 pts/acre,40,Success,Myclobutanil used during Fruiting stage under Rainy conditions for Moderate Cedar Apple Rust. Outcome: Success. Recommended.
6ae107e0,9/1/2025,Tomato,Late Blight,Flowering,Dry/Sunny,High,Ridomil Gold,Chemical,3.0 pts/acre,52,Success,Ridomil Gold used during Flowering stage under Dry/Sunny conditions for High Late Blight. Outcome: Success. Recommended.
c011ed23,5/30/2025,Grape,Esca (Black Measles),Fruiting,Humid,Critical,Trichoderma species,Organic,3.0 pts/acre,39,Failure,Trichoderma species used during Fruiting stage under Humid conditions for Critical Esca (Black Measles). Outcome: Failure. Recommended.
94e26169,5/8/2025,Apple,Cedar Apple Rust,Fruiting,Hot,Moderate,Propiconazole,Chemical,2.0 pts/acre,29,Success,Propiconazole used during Fruiting stage under Hot conditions for Moderate Cedar Apple Rust. Outcome: Success. Recommended.
2a0ddd75,11/23/2025,Tomato,Late Blight,Harvest Ready,Humid,Moderate,Propamocarb,Chemical,2.0 pts/acre,43,Failure,Propamocarb used during Harvest Ready stage under Humid conditions for Moderate Late Blight. Outcome: Failure. unsafe due to PHI (5 days).
ee0ba7d8,5/28/2025,Tomato,Bacterial Spot,Seedling,Rainy,Moderate,Bacteriophages,Organic,2.0 pts/acre,49,Partial Control,Bacteriophages used during Seedling stage under Rainy conditions for Moderate Bacterial Spot. Outcome: Partial Control. Recommended.
2603fd2c,4/10/2025,Grape,Leaf Blight,Vegetative,Cold,Low,Mancozeb,Chemical,2.0 pts/acre,17,Success,Mancozeb used during Vegetative stage under Cold conditions for Low Leaf Blight. Outcome: Success. Recommended.
84eddbc4,12/9/2025,Grape,Leaf Blight,Harvest Ready,Dry/Sunny,Moderate,Mancozeb,Chemical,2.0 pts/acre,16,Failure,Mancozeb used during Harvest Ready stage under Dry/Sunny conditions for Moderate Leaf Blight. Outcome: Failure. unsafe due to PHI (66 days).
30742f80,4/26/2025,Potato,Early Blight,Seedling,Rainy,Moderate,Azoxystrobin (Quadris),Chemical,2.0 pts/acre,40,Success,Azoxystrobin (Quadris) used during Seedling stage under Rainy conditions for Moderate Early Blight. Outcome: Success. Recommended.
c288ce67,12/11/2025,Potato,Early Blight,Seedling,Cold,Low,Azoxystrobin (Quadris),Chemical,2.0 pts/acre,42,Success,Azoxystrobin (Quadris) used during Seedling stage under Cold conditions for Low Early Blight. Outcome: Success. Recommended.
2a64d7d3,6/7/2025,Grape,Leaf Blight,Fruiting,Hot,Low,Mancozeb,Chemical,2.0 pts/acre,24,Success,Mancozeb used during Fruiting stage under Hot conditions for Low Leaf Blight. Outcome: Success. Recommended.
bed57e4d,9/19/2025,Apple,Black Rot,Seedling,Cold,High,Captan,Chemical,3.0 pts/acre,23,Partial Control,Captan used during Seedling stage under Cold conditions for High Black Rot. Outcome: Partial Control. Recommended.
85308fa0,8/13/2025,Tomato,Bacterial Spot,Fruiting,Dry/Sunny,Critical,Agri-Mycin,Chemical,3.0 pts/acre,36,Partial Control,Agri-Mycin used during Fruiting stage under Dry/Sunny conditions for Critical Bacterial Spot. Outcome: Partial Control. Recommended.
a54253a2,3/31/2025,Apple,Apple Scab,Seedling,Humid,Low,Captan,Chemical,2.0 pts/acre,23,Success,Captan used during Seedling stage under Humid conditions for Low Apple Scab. Outcome: Success. Recommended.
3ebebf36,2/19/2025,Apple,Cedar Apple Rust,Vegetative,Hot,Critical,Myclobutanil,Chemical,3.0 pts/acre,34,Success,Myclobutanil used during Vegetative stage under Hot conditions for Critical Cedar Apple Rust. Outcome: Success. Recommended.
ed2ed70a,12/27/2025,Potato,Late Blight,Harvest Ready,Cold,Critical,Propamocarb,Chemical,3.0 pts/acre,42,Failure,Propamocarb used during Harvest Ready stage under Cold conditions for Critical Late Blight. Outcome: Failure. unsafe due to PHI (5 days).
6f9ba0b1,8/25/2025,Grape,Esca (Black Measles),Seedling,Hot,High,Pruning & Sanitation,Mechanical,3.0 pts/acre,102,Partial Control,Pruning & Sanitation used during Seedling stage under Hot conditions for High Esca (Black Measles). Outcome: Partial Control. Recommended.
405b664c,10/3/2025,Potato,Late Blight,Seedling,Dry/Sunny,Low,Fixed Copper,Organic,2.0 pts/acre,17,Partial Control,Fixed Copper used during Seedling stage under Dry/Sunny conditions for Low Late Blight. Outcome: Partial Control. Recommended.
da54e678,3/3/2025,Potato,Late Blight,Fruiting,Humid,Critical,Propamocarb,Chemical,3.0 pts/acre,41,Success,Propamocarb used during Fruiting stage under Humid conditions for Critical Late Blight. Outcome: Success. Recommended.
275fef91,4/23/2025,Grape,Esca (Black Measles),Harvest Ready,Dry/Sunny,High,Pruning & Sanitation,Mechanical,3.0 pts/acre,104,Partial Control,Pruning & Sanitation used during Harvest Ready stage under Dry/Sunny conditions for High Esca (Black Measles). Outcome: Partial Control. Recommended.
2100dd07,12/25/2025,Grape,Esca (Black Measles),Fruiting,Dry/Sunny,Moderate,Pruning & Sanitation,Mechanical,2.0 pts/acre,96,Partial Control,Pruning & Sanitation used during Fruiting stage under Dry/Sunny conditions for Moderate Esca (Black Measles). Outcome: Partial Control. Recommended.
f50ceeca,12/23/2025,Potato,Early Blight,Fruiting,Cold,High,Bacillus subtilis,Organic,3.0 pts/acre,33,Partial Control,Bacillus subtilis used during Fruiting stage under Cold conditions for High Early Blight. Outcome: Partial Control. Recommended.
df60d1ab,9/10/2025,Potato,Late Blight,Harvest Ready,Humid,Critical,Fixed Copper,Organic,3.0 pts/acre,18,Failure,Fixed Copper used during Harvest Ready stage under Humid conditions for Critical Late Blight. Outcome: Failure. Recommended.
533a7a5e,8/18/2025,Apple,Black Rot,Vegetative,Humid,High,Captan,Chemical,3.0 pts/acre,21,Partial Control,Captan used during Vegetative stage under Humid conditions for High Black Rot. Outcome: Partial Control. Recommended.
9e5fee64,3/13/2025,Tomato,Bacterial Spot,Seedling,Rainy,Low,Copper + Mancozeb,Chemical,2.0 pts/acre,22,Partial Control,Copper + Mancozeb used during Seedling stage under Rainy conditions for Low Bacterial Spot. Outcome: Partial Control. Recommended.
4937f806,4/12/2025,Tomato,Bacterial Spot,Harvest Ready,Cold,Moderate,Agri-Mycin,Chemical,2.0 pts/acre,35,Partial Control,Agri-Mycin used during Harvest Ready stage under Cold conditions for Moderate Bacterial Spot. Outcome: Partial Control. Recommended.
9e6e6bb7,4/5/2025,Tomato,Late Blight,Fruiting,Humid,Low,Fixed Copper,Organic,2.0 pts/acre,14,Partial Control,Fixed Copper used during Fruiting stage under Humid conditions for Low Late Blight. Outcome: Partial Control. Recommended.
55d2b88b,6/14/2025,Potato,Early Blight,Fruiting,Rainy,Critical,Chlorothalonil (Bravo),Chemical,3.0 pts/acre,25,Partial Control,Chlorothalonil (Bravo) used during Fruiting stage under Rainy conditions for Critical Early Blight. Outcome: Partial Control. Recommended.
318cfdf3,6/25/2025,Grape,Leaf Blight,Vegetative,Dry/Sunny,Critical,Copper Oxychloride,Chemical,3.0 pts/acre,17,Partial Control,Copper Oxychloride used during Vegetative stage under Dry/Sunny conditions for Critical Leaf Blight. Outcome: Partial Control. Recommended.
2f2d110b,10/21/2025,Grape,Leaf Blight,Seedling,Cold,High,Copper Oxychloride,Chemical,3.0 pts/acre,23,Partial Control,Copper Oxychloride used during Seedling stage under Cold conditions for High Leaf Blight. Outcome: Partial Control. Recommended.
c65c57fa,8/14/2025,Grape,Leaf Blight,Vegetative,Cold,Critical,Copper Oxychloride,Chemical,3.0 pts/acre,22,Partial Control,Copper Oxychloride used during Vegetative stage under Cold conditions for Critical Leaf Blight. Outcome: Partial Control. Recommended.
b2fd6f9f,5/17/2025,Potato,Early Blight,Flowering,Dry/Sunny,Critical,Azoxystrobin (Quadris),Chemical,3.0 pts/acre,42,Success,Azoxystrobin (Quadris) used during Flowering stage under Dry/Sunny conditions for Critical Early Blight. Outcome: Success. Recommended.
804baf26,8/4/2025,Potato,Early Blight,Harvest Ready,Rainy,Moderate,Chlorothalonil (Bravo),Chemical,2.0 pts/acre,24,Partial Control,Chlorothalonil (Bravo) used during Harvest Ready stage under Rainy conditions for Moderate Early Blight. Outcome: Partial Control. Recommended.
a566a4e2,12/19/2025,Grape,Leaf Blight,Harvest Ready,Rainy,High,Copper Oxychloride,Chemical,3.0 pts/acre,23,Partial Control,Copper Oxychloride used during Harvest Ready stage under Rainy conditions for High Leaf Blight. Outcome: Partial Control. Recommended.
f1102e29,6/2/2025,Apple,Cedar Apple Rust,Fruiting,Hot,High,Propiconazole,Chemical,3.0 pts/acre,33,Success,Propiconazole used during Fruiting stage under Hot conditions for High Cedar Apple Rust. Outcome: Success. Recommended.
1.09E+13,12/15/2025,Tomato,Late Blight,Fruiting,Humid,Low,Fixed Copper,Organic,2.0 pts/acre,20,Partial Control,Fixed Copper used during Fruiting stage under Humid conditions for Low Late Blight. Outcome: Partial Control. Recommended.
9149a1c6,12/26/2025,Tomato,Late Blight,Fruiting,Hot,High,Propamocarb,Chemical,3.0 pts/acre,37,Success,Propamocarb used during Fruiting stage under Hot conditions for High Late Blight. Outcome: Success. Recommended.
6b460c04,12/4/2025,Potato,Late Blight,Seedling,Cold,Low,Propamocarb,Chemical,2.0 pts/acre,36,Success,Propamocarb used during Seedling stage under Cold conditions for Low Late Blight. Outcome: Success. Recommended.
dbda080c,1/7/2026,Potato,Late Blight,Fruiting,Rainy,High,Propamocarb,Chemical,3.0 pts/acre,38,Partial Control,Propamocarb used during Fruiting stage under Rainy conditions for High Late Blight. Outcome: Partial Control. Recommended.
ca2c49e2,4/29/2025,Potato,Late Blight,Flowering,Dry/Sunny,Low,Fixed Copper,Organic,2.0 pts/acre,10,Partial Control,Fixed Copper used during Flowering stage under Dry/Sunny conditions for Low Late Blight. Outcome: Partial Control. Recommended.
1faba345,12/29/2025,Grape,Esca (Black Measles),Flowering,Humid,Moderate,Pruning & Sanitation,Mechanical,2.0 pts/acre,96,Partial Control,Pruning & Sanitation used during Flowering stage under Humid conditions for Moderate Esca (Black Measles). Outcome: Partial Control. Recommended.
e4bdabcd,6/10/2025,Apple,Black Rot,Seedling,Hot,Moderate,Captan,Chemical,2.0 pts/acre,27,Success,Captan used during Seedling stage under Hot conditions for Moderate Black Rot. Outcome: Success. Recommended.
6fe20906,4/3/2025,Grape,Leaf Blight,Vegetative,Dry/Sunny,Moderate,Copper Oxychloride,Chemical,2.0 pts/acre,16,Partial Control,Copper Oxychloride used during Vegetative stage under Dry/Sunny conditions for Moderate Leaf Blight. Outcome: Partial Control. Recommended.
0fe3c828,6/21/2025,Apple,Cedar Apple Rust,Fruiting,Cold,Moderate,Propiconazole,Chemical,2.0 pts/acre,31,Success,Propiconazole used during Fruiting stage under Cold conditions for Moderate Cedar Apple Rust. Outcome: Success. Recommended.
babe4c42,7/16/2025,Potato,Late Blight,Flowering,Humid,Moderate,Ridomil Gold,Chemical,2.0 pts/acre,52,Success,Ridomil Gold used during Flowering stage under Humid conditions for Moderate Late Blight. Outcome: Success. Recommended.
9df13843,12/8/2025,Potato,Early Blight,Fruiting,Dry/Sunny,Critical,Mancozeb (Dithane),Chemical,3.0 pts/acre,19,Success,Mancozeb (Dithane) used during Fruiting stage under Dry/Sunny conditions for Critical Early Blight. Outcome: Success. Recommended.
3c720870,8/15/2025,Apple,Cedar Apple Rust,Seedling,Rainy,High,Myclobutanil,Chemical,3.0 pts/acre,40,Partial Control,Myclobutanil used during Seedling stage under Rainy conditions for High Cedar Apple Rust. Outcome: Partial Control. Recommended.
b2a4006c,3/29/2025,Tomato,Late Blight,Seedling,Humid,Moderate,Ridomil Gold,Chemical,2.0 pts/acre,58,Success,Ridomil Gold used during Seedling stage under Humid conditions for Moderate Late Blight. Outcome: Success. Recommended.
2e4ace68,12/8/2025,Potato,Early Blight,Harvest Ready,Hot,Critical,Chlorothalonil (Bravo),Chemical,3.0 pts/acre,29,Success,Chlorothalonil (Bravo) used during Harvest Ready stage under Hot conditions for Critical Early Blight. Outcome: Success. Recommended.
49ec4ad6,12/2/2025,Grape,Leaf Blight,Seedling,Hot,Critical,Copper Oxychloride,Chemical,3.0 pts/acre,18,Partial Control,Copper Oxychloride used during Seedling stage under Hot conditions for Critical Leaf Blight. Outcome: Partial Control. Recommended.
c1e58b41,1/28/2026,Grape,Leaf Blight,Vegetative,Cold,Low,Copper Oxychloride,Chemical,2.0 pts/acre,23,Partial Control,Copper Oxychloride used during Vegetative stage under Cold conditions for Low Leaf Blight. Outcome: Partial Control. Recommended.
a1082820,11/21/2025,Apple,Black Rot,Seedling,Hot,Critical,Lime Sulfur,Organic,3.0 pts/acre,16,Failure,Lime Sulfur used during Seedling stage under Hot conditions for Critical Black Rot. Outcome: Failure. Recommended.
aef3c087,9/25/2025,Grape,Black Rot,Fruiting,Hot,Critical,Thiophanate-methyl,Chemical,3.0 pts/acre,34,Success,Thiophanate-methyl used during Fruiting stage under Hot conditions for Critical Black Rot. Outcome: Success. Recommended.
7568bbb1,11/20/2025,Apple,Cedar Apple Rust,Harvest Ready,Dry/Sunny,Moderate,Myclobutanil,Chemical,2.0 pts/acre,40,Failure,Myclobutanil used during Harvest Ready stage under Dry/Sunny conditions for Moderate Cedar Apple Rust. Outcome: Failure. unsafe due to PHI (14 days).
67d1ca19,2/25/2025,Grape,Esca (Black Measles),Harvest Ready,Dry/Sunny,Moderate,Pruning & Sanitation,Mechanical,2.0 pts/acre,101,Partial Control,Pruning & Sanitation used during Harvest Ready stage under Dry/Sunny conditions for Moderate Esca (Black Measles). Outcome: Partial Control. Recommended.
a15cb685,10/30/2025,Potato,Late Blight,Flowering,Rainy,High,Fixed Copper,Organic,3.0 pts/acre,13,Failure,Fixed Copper used during Flowering stage under Rainy conditions for High Late Blight. Outcome: Failure. Recommended.
a2ba0ee6,9/27/2025,Tomato,Late Blight,Vegetative,Rainy,Critical,Ridomil Gold,Chemical,3.0 pts/acre,57,Success,Ridomil Gold used during Vegetative stage under Rainy conditions for Critical Late Blight. Outcome: Success. Recommended.
e4352c08,11/20/2025,Apple,Black Rot,Vegetative,Rainy,Moderate,Captan,Chemical,2.0 pts/acre,18,Partial Control,Captan used during Vegetative stage under Rainy conditions for Moderate Black Rot. Outcome: Partial Control. Recommended.
63163123,4/4/2025,Grape,Black Rot,Vegetative,Dry/Sunny,High,Captan,Chemical,3.0 pts/acre,23,Partial Control,Captan used during Vegetative stage under Dry/Sunny conditions for High Black Rot. Outcome: Partial Control. Recommended.
6512df0c,8/25/2025,Potato,Early Blight,Harvest Ready,Humid,Moderate,Bacillus subtilis,Organic,2.0 pts/acre,29,Partial Control,Bacillus subtilis used during Harvest Ready stage under Humid conditions for Moderate Early Blight. Outcome: Partial Control. Recommended.
c9b7b64a,8/16/2025,Potato,Late Blight,Vegetative,Humid,High,Fixed Copper,Organic,3.0 pts/acre,12,Partial Control,Fixed Copper used during Vegetative stage under Humid conditions for High Late Blight. Outcome: Partial Control. Recommended.
71354fc3,6/17/2025,Grape,Esca (Black Measles),Seedling,Hot,High,Pruning & Sanitation,Mechanical,3.0 pts/acre,98,Partial Control,Pruning & Sanitation used during Seedling stage under Hot conditions for High Esca (Black Measles). Outcome: Partial Control. Recommended.
e2150f11,8/29/2025,Grape,Black Rot,Harvest Ready,Hot,Low,Captan,Chemical,2.0 pts/acre,20,Success,Captan used during Harvest Ready stage under Hot conditions for Low Black Rot. Outcome: Success. Recommended.
4bcf1f9d,6/19/2025,Tomato,Early Blight,Vegetative,Dry/Sunny,Critical,Azoxystrobin (Quadris),Chemical,3.0 pts/acre,42,Success,Azoxystrobin (Quadris) used during Vegetative stage under Dry/Sunny conditions for Critical Early Blight. Outcome: Success. Recommended.
a5ce73f6,5/10/2025,Grape,Esca (Black Measles),Flowering,Cold,Low,Trichoderma species,Organic,2.0 pts/acre,44,Partial Control,Trichoderma species used during Flowering stage under Cold conditions for Low Esca (Black Measles). Outcome: Partial Control. Recommended.
33fa9464,12/9/2025,Tomato,Early Blight,Flowering,Cold,Low,Azoxystrobin (Quadris),Chemical,2.0 pts/acre,48,Success,Azoxystrobin (Quadris) used during Flowering stage under Cold conditions for Low Early Blight. Outcome: Success. Recommended.
4ef84a28,8/7/2025,Apple,Black Rot,Seedling,Rainy,High,Captan,Chemical,3.0 pts/acre,18,Partial Control,Captan used during Seedling stage under Rainy conditions for High Black Rot. Outcome: Partial Control. Recommended.
ed7ce333,3/30/2025,Potato,Early Blight,Seedling,Hot,Critical,Chlorothalonil (Bravo),Chemical,3.0 pts/acre,27,Success,Chlorothalonil (Bravo) used during Seedling stage under Hot conditions for Critical Early Blight. Outcome: Success. Recommended.
09a02d7f,1/23/2026,Grape,Black Rot,Flowering,Dry/Sunny,High,Lime Sulfur,Organic,3.0 pts/acre,12,Failure,Lime Sulfur used during Flowering stage under Dry/Sunny conditions for High Black Rot. Outcome: Failure. Recommended.
8bea4c91,3/30/2025,Potato,Late Blight,Harvest Ready,Dry/Sunny,Low,Fixed Copper,Organic,2.0 pts/acre,14,Partial Control,Fixed Copper used during Harvest Ready stage under Dry/Sunny conditions for Low Late Blight. Outcome: Partial Control. Recommended.
4570db32,11/22/2025,Grape,Esca (Black Measles),Seedling,Hot,High,Trichoderma species,Organic,3.0 pts/acre,39,Failure,Trichoderma species used during Seedling stage under Hot conditions for High Esca (Black Measles). Outcome: Failure. Recommended.
a292afe1,8/14/2025,Tomato,Late Blight,Fruiting,Cold,Critical,Fixed Copper,Organic,3.0 pts/acre,10,Failure,Fixed Copper used during Fruiting stage under Cold conditions for Critical Late Blight. Outcome: Failure. Recommended.
900a0c6c,11/20/2025,Tomato,Late Blight,Fruiting,Cold,Critical,Fixed Copper,Organic,3.0 pts/acre,14,Failure,Fixed Copper used during Fruiting stage under Cold conditions for Critical Late Blight. Outcome: Failure. Recommended.
82ec1b72,10/7/2025,Grape,Black Rot,Flowering,Humid,Moderate,Thiophanate-methyl,Chemical,2.0 pts/acre,29,Success,Thiophanate-methyl used during Flowering stage under Humid conditions for Moderate Black Rot. Outcome: Success. Recommended.
d7c8dfd1,1/18/2026,Tomato,Early Blight,Flowering,Hot,Critical,Copper Hydroxide,Organic,3.0 pts/acre,19,Failure,Copper Hydroxide used during Flowering stage under Hot conditions for Critical Early Blight. Outcome: Failure. Recommended.
8dedf9f6,5/10/2025,Potato,Early Blight,Seedling,Dry/Sunny,Critical,Bacillus subtilis,Organic,3.0 pts/acre,35,Failure,Bacillus subtilis used during Seedling stage under Dry/Sunny conditions for Critical Early Blight. Outcome: Failure. Recommended.
739b0f66,9/24/2025,Potato,Early Blight,Harvest Ready,Hot,Critical,Mancozeb (Dithane),Chemical,3.0 pts/acre,21,Failure,Mancozeb (Dithane) used during Harvest Ready stage under Hot conditions for Critical Early Blight. Outcome: Failure. unsafe due to PHI (5 days).
b46977d3,10/13/2025,Potato,Late Blight,Harvest Ready,Cold,Moderate,Ridomil Gold,Chemical,2.0 pts/acre,54,Failure,Ridomil Gold used during Harvest Ready stage under Cold conditions for Moderate Late Blight. Outcome: Failure. unsafe due to PHI (5 days).
10116225,12/30/2025,Potato,Late Blight,Harvest Ready,Cold,Low,Ridomil Gold,Chemical,2.0 pts/acre,54,Failure,Ridomil Gold used during Harvest Ready stage under Cold conditions for Low Late Blight. Outcome: Failure. unsafe due to PHI (5 days).
4eb6aa68,4/18/2025,Grape,Leaf Blight,Seedling,Hot,Moderate,Mancozeb,Chemical,2.0 pts/acre,20,Success,Mancozeb used during Seedling stage under Hot conditions for Moderate Leaf Blight. Outcome: Success. Recommended.
987bdf81,6/15/2025,Potato,Early Blight,Vegetative,Humid,High,Mancozeb (Dithane),Chemical,3.0 pts/acre,25,Partial Control,Mancozeb (Dithane) used during Vegetative stage under Humid conditions for High Early Blight. Outcome: Partial Control. Recommended.
b05c3135,3/31/2025,Grape,Black Rot,Fruiting,Rainy,Moderate,Lime Sulfur,Organic,2.0 pts/acre,16,Failure,Lime Sulfur used during Fruiting stage under Rainy conditions for Moderate Black Rot. Outcome: Failure. Recommended.
b783baa6,11/4/2025,Grape,Esca (Black Measles),Fruiting,Cold,Critical,Pruning & Sanitation,Mechanical,3.0 pts/acre,101,Partial Control,Pruning & Sanitation used during Fruiting stage under Cold conditions for Critical Esca (Black Measles). Outcome: Partial Control. Recommended.
08faaf3e,12/30/2025,Potato,Early Blight,Flowering,Dry/Sunny,High,Chlorothalonil (Bravo),Chemical,3.0 pts/acre,26,Success,Chlorothalonil (Bravo) used during Flowering stage under Dry/Sunny conditions for High Early Blight. Outcome: Success. Recommended.
c7f500db,9/26/2025,Apple,Cedar Apple Rust,Flowering,Rainy,Low,Myclobutanil,Chemical,2.0 pts/acre,35,Success,Myclobutanil used during Flowering stage under Rainy conditions for Low Cedar Apple Rust. Outcome: Success. Recommended.
a9c8be39,11/28/2025,Tomato,Bacterial Spot,Fruiting,Humid,Critical,Bacteriophages,Organic,3.0 pts/acre,53,Failure,Bacteriophages used during Fruiting stage under Humid conditions for Critical Bacterial Spot. Outcome: Failure. Recommended.
5bc198db,4/29/2025,Tomato,Late Blight,Harvest Ready,Dry/Sunny,Critical,Fixed Copper,Organic,3.0 pts/acre,14,Failure,Fixed Copper used during Harvest Ready stage under Dry/Sunny conditions for Critical Late Blight. Outcome: Failure. Recommended.
8b2a0371,4/24/2025,Potato,Early Blight,Flowering,Rainy,Critical,Azoxystrobin (Quadris),Chemical,3.0 pts/acre,40,Success,Azoxystrobin (Quadris) used during Flowering stage under Rainy conditions for Critical Early Blight. Outcome: Success. Recommended.
2c302c28,11/24/2025,Tomato,Bacterial Spot,Flowering,Cold,Moderate,Bacteriophages,Organic,2.0 pts/acre,51,Partial Control,Bacteriophages used during Flowering stage under Cold conditions for Moderate Bacterial Spot. Outcome: Partial Control. Recommended.
95f11c10,10/23/2025,Apple,Black Rot,Seedling,Cold,Low,Thiophanate-methyl,Chemical,2.0 pts/acre,28,Success,Thiophanate-methyl used during Seedling stage under Cold conditions for Low Black Rot. Outcome: Success. Recommended.
4fcfb128,3/20/2025,Grape,Leaf Blight,Flowering,Humid,Moderate,Copper Oxychloride,Chemical,2.0 pts/acre,17,Partial Control,Copper Oxychloride used during Flowering stage under Humid conditions for Moderate Leaf Blight. Outcome: Partial Control. Recommended.
0ec0f234,11/11/2025,Grape,Leaf Blight,Fruiting,Cold,High,Mancozeb,Chemical,3.0 pts/acre,17,Partial Control,Mancozeb used during Fruiting stage under Cold conditions for High Leaf Blight. Outcome: Partial Control. Recommended.
d9200ebd,2/5/2026,Tomato,Bacterial Spot,Vegetative,Cold,Critical,Copper + Mancozeb,Chemical,3.0 pts/acre,26,Success,Copper + Mancozeb used during Vegetative stage under Cold conditions for Critical Bacterial Spot. Outcome: Success. Recommended.
8.15E+14,1/21/2026,Potato,Late Blight,Vegetative,Cold,Moderate,Propamocarb,Chemical,2.0 pts/acre,45,Success,Propamocarb used during Vegetative stage under Cold conditions for Moderate Late Blight. Outcome: Success. Recommended.
3796e3b2,9/4/2025,Apple,Black Rot,Vegetative,Dry/Sunny,High,Thiophanate-methyl,Chemical,3.0 pts/acre,37,Success,Thiophanate-methyl used during Vegetative stage under Dry/Sunny conditions for High Black Rot. Outcome: Success. Recommended.
0cd4a8de,10/28/2025,Apple,Cedar Apple Rust,Vegetative,Humid,Low,Myclobutanil,Chemical,2.0 pts/acre,42,Success,Myclobutanil used during Vegetative stage under Humid conditions for Low Cedar Apple Rust. Outcome: Success. Recommended.
2e381941,11/14/2025,Potato,Late Blight,Fruiting,Humid,Moderate,Fixed Copper,Organic,2.0 pts/acre,13,Partial Control,Fixed Copper used during Fruiting stage under Humid conditions for Moderate Late Blight. Outcome: Partial Control. Recommended.
23f78fe9,9/20/2025,Apple,Cedar Apple Rust,Seedling,Hot,Low,Myclobutanil,Chemical,2.0 pts/acre,33,Success,Myclobutanil used during Seedling stage under Hot conditions for Low Cedar Apple Rust. Outcome: Success. Recommended.
54ce6ca3,1/31/2026,Potato,Early Blight,Flowering,Rainy,High,Azoxystrobin (Quadris),Chemical,3.0 pts/acre,46,Partial Control,Azoxystrobin (Quadris) used during Flowering stage under Rainy conditions for High Early Blight. Outcome: Partial Control. Recommended.
795cf0d8,3/24/2025,Apple,Apple Scab,Seedling,Hot,High,Captan,Chemical,3.0 pts/acre,19,Partial Control,Captan used during Seedling stage under Hot conditions for High Apple Scab. Outcome: Partial Control. Recommended.
8ef7aa41,9/6/2025,Apple,Black Rot,Harvest Ready,Rainy,Low,Thiophanate-methyl,Chemical,2.0 pts/acre,35,Partial Control,Thiophanate-methyl used during Harvest Ready stage under Rainy conditions for Low Black Rot. Outcome: Partial Control. Recommended.
fbbcfe62,5/18/2025,Tomato,Early Blight,Harvest Ready,Rainy,High,Mancozeb (Dithane),Chemical,3.0 pts/acre,21,Failure,Mancozeb (Dithane) used during Harvest Ready stage under Rainy conditions for High Early Blight. Outcome: Failure. unsafe due to PHI (5 days).
e44a3d74,7/29/2025,Apple,Apple Scab,Fruiting,Cold,Moderate,Sulfur,Organic,2.0 pts/acre,13,Partial Control,Sulfur used during Fruiting stage under Cold conditions for Moderate Apple Scab. Outcome: Partial Control. Recommended.
7340d902,3/6/2025,Tomato,Bacterial Spot,Harvest Ready,Humid,High,Agri-Mycin,Chemical,3.0 pts/acre,32,Partial Control,Agri-Mycin used during Harvest Ready stage under Humid conditions for High Bacterial Spot. Outcome: Partial Control. Recommended.
2aca9b9c,6/23/2025,Tomato,Early Blight,Seedling,Dry/Sunny,Low,Mancozeb (Dithane),Chemical,2.0 pts/acre,16,Success,Mancozeb (Dithane) used during Seedling stage under Dry/Sunny conditions for Low Early Blight. Outcome: Success. Recommended.
9696dd66,9/9/2025,Potato,Late Blight,Seedling,Cold,High,Propamocarb,Chemical,3.0 pts/acre,42,Success,Propamocarb used during Seedling stage under Cold conditions for High Late Blight. Outcome: Success. Recommended.
ff9b3691,7/6/2025,Grape,Leaf Blight,Vegetative,Cold,Critical,Mancozeb,Chemical,3.0 pts/acre,20,Success,Mancozeb used during Vegetative stage under Cold conditions for Critical Leaf Blight. Outcome: Success. Recommended.
a13e21ad,6/10/2025,Potato,Early Blight,Vegetative,Hot,Moderate,Copper Hydroxide,Organic,2.0 pts/acre,13,Partial Control,Copper Hydroxide used during Vegetative stage under Hot conditions for Moderate Early Blight. Outcome: Partial Control. Recommended.
4d574eeb,7/18/2025,Grape,Leaf Blight,Seedling,Humid,Moderate,Mancozeb,Chemical,2.0 pts/acre,16,Success,Mancozeb used during Seedling stage under Humid conditions for Moderate Leaf Blight. Outcome: Success. Recommended.
cdb15365,12/31/2025,Tomato,Late Blight,Harvest Ready,Humid,Moderate,Fixed Copper,Organic,2.0 pts/acre,10,Partial Control,Fixed Copper used during Harvest Ready stage under Humid conditions for Moderate Late Blight. Outcome: Partial Control. Recommended.
1b2182f1,12/24/2025,Apple,Black Rot,Harvest Ready,Rainy,Low,Captan,Chemical,2.0 pts/acre,20,Partial Control,Captan used during Harvest Ready stage under Rainy conditions for Low Black Rot. Outcome: Partial Control. Recommended.
33916c82,8/10/2025,Tomato,Late Blight,Fruiting,Hot,High,Propamocarb,Chemical,3.0 pts/acre,45,Success,Propamocarb used during Fruiting stage under Hot conditions for High Late Blight. Outcome: Success. Recommended.
06c98476,10/9/2025,Potato,Late Blight,Vegetative,Dry/Sunny,Moderate,Fixed Copper,Organic,2.0 pts/acre,20,Partial Control,Fixed Copper used during Vegetative stage under Dry/Sunny conditions for Moderate Late Blight. Outcome: Partial Control. Recommended.
914fa27b,12/27/2025,Apple,Cedar Apple Rust,Harvest Ready,Dry/Sunny,Low,Propiconazole,Chemical,2.0 pts/acre,30,Failure,Propiconazole used during Harvest Ready stage under Dry/Sunny conditions for Low Cedar Apple Rust. Outcome: Failure. unsafe due to PHI (14 days).
bbc85c1f,10/10/2025,Tomato,Bacterial Spot,Flowering,Cold,Moderate,Copper + Mancozeb,Chemical,2.0 pts/acre,28,Success,Copper + Mancozeb used during Flowering stage under Cold conditions for Moderate Bacterial Spot. Outcome: Success. Recommended.
37a57806,1/23/2026,Apple,Apple Scab,Fruiting,Hot,High,Myclobutanil,Chemical,3.0 pts/acre,33,Success,Myclobutanil used during Fruiting stage under Hot conditions for High Apple Scab. Outcome: Success. Recommended.
4972b57f,8/1/2025,Apple,Cedar Apple Rust,Flowering,Hot,Moderate,Propiconazole,Chemical,2.0 pts/acre,27,Success,Propiconazole used during Flowering stage under Hot conditions for Moderate Cedar Apple Rust. Outcome: Success. Recommended.
a3df2df1,8/15/2025,Potato,Early Blight,Harvest Ready,Hot,Moderate,Copper Hydroxide,Organic,2.0 pts/acre,13,Partial Control,Copper Hydroxide used during Harvest Ready stage under Hot conditions for Moderate Early Blight. Outcome: Partial Control. Recommended.
f646243b,6/19/2025,Apple,Cedar Apple Rust,Fruiting,Humid,Low,Myclobutanil,Chemical,2.0 pts/acre,35,Success,Myclobutanil used during Fruiting stage under Humid conditions for Low Cedar Apple Rust. Outcome: Success. Recommended.
5f375514,4/30/2025,Potato,Late Blight,Fruiting,Rainy,Critical,Fixed Copper,Organic,3.0 pts/acre,18,Failure,Fixed Copper used during Fruiting stage under Rainy conditions for Critical Late Blight. Outcome: Failure. Recommended.
66e08a5c,8/11/2025,Grape,Leaf Blight,Seedling,Hot,Low,Copper Oxychloride,Chemical,2.0 pts/acre,21,Partial Control,Copper Oxychloride used during Seedling stage under Hot conditions for Low Leaf Blight. Outcome: Partial Control. Recommended.
5077b66c,5/15/2025,Apple,Black Rot,Seedling,Hot,High,Thiophanate-methyl,Chemical,3.0 pts/acre,28,Success,Thiophanate-methyl used during Seedling stage under Hot conditions for High Black Rot. Outcome: Success. Recommended.
0770cc28,5/16/2025,Potato,Late Blight,Flowering,Hot,Moderate,Propamocarb,Chemical,2.0 pts/acre,45,Success,Propamocarb used during Flowering stage under Hot conditions for Moderate Late Blight. Outcome: Success. Recommended.
2c076d01,5/19/2025,Grape,Esca (Black Measles),Vegetative,Rainy,Low,Trichoderma species,Organic,2.0 pts/acre,38,Failure,Trichoderma species used during Vegetative stage under Rainy conditions for Low Esca (Black Measles). Outcome: Failure. Recommended.
c9ea9dc8,1/7/2026,Grape,Black Rot,Harvest Ready,Cold,Critical,Lime Sulfur,Organic,3.0 pts/acre,15,Failure,Lime Sulfur used during Harvest Ready stage under Cold conditions for Critical Black Rot. Outcome: Failure. Recommended.
e978fce1,11/21/2025,Potato,Early Blight,Seedling,Dry/Sunny,High,Chlorothalonil (Bravo),Chemical,3.0 pts/acre,24,Success,Chlorothalonil (Bravo) used during Seedling stage under Dry/Sunny conditions for High Early Blight. Outcome: Success. Recommended.
6206ecb5,2/4/2026,Apple,Black Rot,Harvest Ready,Humid,High,Lime Sulfur,Organic,3.0 pts/acre,9,Failure,Lime Sulfur used during Harvest Ready stage under Humid conditions for High Black Rot. Outcome: Failure. Recommended.
676b749e,12/27/2025,Potato,Early Blight,Harvest Ready,Cold,Moderate,Copper Hydroxide,Organic,2.0 pts/acre,10,Partial Control,Copper Hydroxide used during Harvest Ready stage under Cold conditions for Moderate Early Blight. Outcome: Partial Control. Recommended.
a5b57981,1/27/2026,Apple,Black Rot,Harvest Ready,Humid,Low,Thiophanate-methyl,Chemical,2.0 pts/acre,29,Success,Thiophanate-methyl used during Harvest Ready stage under Humid conditions for Low Black Rot. Outcome: Success. Recommended.
e5ddb2f2,6/29/2025,Tomato,Early Blight,Seedling,Cold,Moderate,Bacillus subtilis,Organic,2.0 pts/acre,27,Partial Control,Bacillus subtilis used during Seedling stage under Cold conditions for Moderate Early Blight. Outcome: Partial Control. Recommended.
2d699fc8,3/14/2025,Tomato,Bacterial Spot,Fruiting,Rainy,Critical,Bacteriophages,Organic,3.0 pts/acre,47,Failure,Bacteriophages used during Fruiting stage under Rainy conditions for Critical Bacterial Spot. Outcome: Failure. Recommended.
2660de52,6/28/2025,Apple,Cedar Apple Rust,Fruiting,Humid,Low,Propiconazole,Chemical,2.0 pts/acre,31,Success,Propiconazole used during Fruiting stage under Humid conditions for Low Cedar Apple Rust. Outcome: Success. Recommended.
9760bcc0,12/20/2025,Grape,Esca (Black Measles),Seedling,Dry/Sunny,High,Pruning & Sanitation,Mechanical,3.0 pts/acre,95,Partial Control,Pruning & Sanitation used during Seedling stage under Dry/Sunny conditions for High Esca (Black Measles). Outcome: Partial Control. Recommended.
958f4efa,7/29/2025,Tomato,Early Blight,Fruiting,Hot,Critical,Bacillus subtilis,Organic,3.0 pts/acre,35,Failure,Bacillus subtilis used during Fruiting stage under Hot conditions for Critical Early Blight. Outcome: Failure. Recommended.
340f1e89,11/5/2025,Grape,Esca (Black Measles),Harvest Ready,Hot,Low,Pruning & Sanitation,Mechanical,2.0 pts/acre,105,Partial Control,Pruning & Sanitation used during Harvest Ready stage under Hot conditions for Low Esca (Black Measles). Outcome: Partial Control. Recommended.
d5bbe8b8,7/18/2025,Apple,Apple Scab,Vegetative,Cold,Critical,Sulfur,Organic,3.0 pts/acre,7,Failure,Sulfur used during Vegetative stage under Cold conditions for Critical Apple Scab. Outcome: Failure. Recommended.
1fe3f3dd,7/6/2025,Apple,Apple Scab,Flowering,Cold,Low,Myclobutanil,Chemical,2.0 pts/acre,43,Success,Myclobutanil used during Flowering stage under Cold conditions for Low Apple Scab. Outcome: Success. Recommended.
bf835564,8/12/2025,Grape,Black Rot,Harvest Ready,Hot,Moderate,Lime Sulfur,Organic,2.0 pts/acre,7,Partial Control,Lime Sulfur used during Harvest Ready stage under Hot conditions for Moderate Black Rot. Outcome: Partial Control. Recommended.
252e6e21,5/1/2025,Apple,Cedar Apple Rust,Fruiting,Hot,Moderate,Myclobutanil,Chemical,2.0 pts/acre,38,Success,Myclobutanil used during Fruiting stage under Hot conditions for Moderate Cedar Apple Rust. Outcome: Success. Recommended.
059d300e,10/5/2025,Grape,Black Rot,Vegetative,Rainy,Low,Captan,Chemical,2.0 pts/acre,23,Partial Control,Captan used during Vegetative stage under Rainy conditions for Low Black Rot. Outcome: Partial Control. Recommended.
3961ee3d,6/28/2025,Apple,Black Rot,Vegetative,Rainy,Moderate,Lime Sulfur,Organic,2.0 pts/acre,16,Failure,Lime Sulfur used during Vegetative stage under Rainy conditions for Moderate Black Rot. Outcome: Failure. Recommended.
900cdb7b,12/18/2025,Potato,Late Blight,Fruiting,Humid,Low,Fixed Copper,Organic,2.0 pts/acre,16,Partial Control,Fixed Copper used during Fruiting stage under Humid conditions for Low Late Blight. Outcome: Partial Control. Recommended.
568c5a9b,6/28/2025,Potato,Early Blight,Seedling,Hot,Low,Chlorothalonil (Bravo),Chemical,2.0 pts/acre,22,Success,Chlorothalonil (Bravo) used during Seedling stage under Hot conditions for Low Early Blight. Outcome: Success. Recommended.
6bf3819c,2/14/2026,Apple,Cedar Apple Rust,Flowering,Rainy,Critical,Myclobutanil,Chemical,3.0 pts/acre,36,Success,Myclobutanil used during Flowering stage under Rainy conditions for Critical Cedar Apple Rust. Outcome: Success. Recommended.
143c2028,5/12/2025,Potato,Early Blight,Fruiting,Hot,High,Copper Hydroxide,Organic,3.0 pts/acre,19,Partial Control,Copper Hydroxide used during Fruiting stage under Hot conditions for High Early Blight. Outcome: Partial Control. Recommended.
312b33ce,1/29/2026,Potato,Late Blight,Vegetative,Cold,High,Fixed Copper,Organic,3.0 pts/acre,15,Partial Control,Fixed Copper used during Vegetative stage under Cold conditions for High Late Blight. Outcome: Partial Control. Recommended.
80b56ca8,3/29/2025,Apple,Black Rot,Harvest Ready,Rainy,Moderate,Thiophanate-methyl,Chemical,2.0 pts/acre,32,Partial Control,Thiophanate-methyl used during Harvest Ready stage under Rainy conditions for Moderate Black Rot. Outcome: Partial Control. Recommended.
0a3abd73,1/26/2026,Grape,Leaf Blight,Seedling,Dry/Sunny,Low,Mancozeb,Chemical,2.0 pts/acre,21,Success,Mancozeb used during Seedling stage under Dry/Sunny conditions for Low Leaf Blight. Outcome: Success. Recommended.
486a4d6d,6/11/2025,Tomato,Early Blight,Vegetative,Rainy,Critical,Chlorothalonil (Bravo),Chemical,3.0 pts/acre,22,Partial Control,Chlorothalonil (Bravo) used during Vegetative stage under Rainy conditions for Critical Early Blight. Outcome: Partial Control. Recommended.
0d9029a7,9/13/2025,Apple,Cedar Apple Rust,Flowering,Dry/Sunny,Critical,Myclobutanil,Chemical,3.0 pts/acre,33,Success,Myclobutanil used during Flowering stage under Dry/Sunny conditions for Critical Cedar Apple Rust. Outcome: Success. Recommended.
091496c2,8/22/2025,Tomato,Early Blight,Vegetative,Rainy,Low,Bacillus subtilis,Organic,2.0 pts/acre,35,Failure,Bacillus subtilis used during Vegetative stage under Rainy conditions for Low Early Blight. Outcome: Failure. Recommended.
6f604279,9/29/2025,Grape,Esca (Black Measles),Vegetative,Cold,Low,Trichoderma species,Organic,2.0 pts/acre,43,Partial Control,Trichoderma species used during Vegetative stage under Cold conditions for Low Esca (Black Measles). Outcome: Partial Control. Recommended.
6650314b,10/7/2025,Grape,Esca (Black Measles),Flowering,Humid,High,Trichoderma species,Organic,3.0 pts/acre,44,Failure,Trichoderma species used during Flowering stage under Humid conditions for High Esca (Black Measles). Outcome: Failure. Recommended.
9851c046,1/8/2026,Grape,Black Rot,Flowering,Hot,Moderate,Lime Sulfur,Organic,2.0 pts/acre,10,Partial Control,Lime Sulfur used during Flowering stage under Hot conditions for Moderate Black Rot. Outcome: Partial Control. Recommended.
b6c0a38d,11/4/2025,Potato,Late Blight,Harvest Ready,Hot,Critical,Propamocarb,Chemical,3.0 pts/acre,44,Failure,Propamocarb used during Harvest Ready stage under Hot conditions for Critical Late Blight. Outcome: Failure. unsafe due to PHI (5 days).
dc7952c2,11/8/2025,Tomato,Early Blight,Flowering,Rainy,Moderate,Azoxystrobin (Quadris),Chemical,2.0 pts/acre,49,Success,Azoxystrobin (Quadris) used during Flowering stage under Rainy conditions for Moderate Early Blight. Outcome: Success. Recommended.
cf752a69,7/28/2025,Grape,Esca (Black Measles),Vegetative,Hot,Moderate,Trichoderma species,Organic,2.0 pts/acre,35,Partial Control,Trichoderma species used during Vegetative stage under Hot conditions for Moderate Esca (Black Measles). Outcome: Partial Control. Recommended.
e33bca69,5/4/2025,Potato,Late Blight,Harvest Ready,Humid,Low,Fixed Copper,Organic,2.0 pts/acre,12,Partial Control,Fixed Copper used during Harvest Ready stage under Humid conditions for Low Late Blight. Outcome: Partial Control. Recommended.
40b7784b,9/13/2025,Tomato,Early Blight,Vegetative,Humid,Low,Mancozeb (Dithane),Chemical,2.0 pts/acre,20,Success,Mancozeb (Dithane) used during Vegetative stage under Humid conditions for Low Early Blight. Outcome: Success. Recommended.
5c986aa0,9/13/2025,Apple,Apple Scab,Harvest Ready,Dry/Sunny,Critical,Sulfur,Organic,3.0 pts/acre,11,Failure,Sulfur used during Harvest Ready stage under Dry/Sunny conditions for Critical Apple Scab. Outcome: Failure. Recommended.
261dfeda,3/1/2025,Apple,Cedar Apple Rust,Harvest Ready,Cold,Critical,Propiconazole,Chemical,3.0 pts/acre,25,Failure,Propiconazole used during Harvest Ready stage under Cold conditions for Critical Cedar Apple Rust. Outcome: Failure. unsafe due to PHI (14 days).
fd378eeb,12/19/2025,Grape,Black Rot,Seedling,Dry/Sunny,Moderate,Thiophanate-methyl,Chemical,2.0 pts/acre,35,Success,Thiophanate-methyl used during Seedling stage under Dry/Sunny conditions for Moderate Black Rot. Outcome: Success. Recommended.
757af8a7,8/22/2025,Potato,Late Blight,Fruiting,Dry/Sunny,High,Propamocarb,Chemical,3.0 pts/acre,44,Success,Propamocarb used during Fruiting stage under Dry/Sunny conditions for High Late Blight. Outcome: Success. Recommended.
d4289b7e,4/12/2025,Tomato,Bacterial Spot,Flowering,Dry/Sunny,Low,Copper + Mancozeb,Chemical,2.0 pts/acre,23,Success,Copper + Mancozeb used during Flowering stage under Dry/Sunny conditions for Low Bacterial Spot. Outcome: Success. Recommended.
6f4bdf0c,5/20/2025,Apple,Black Rot,Vegetative,Cold,Moderate,Lime Sulfur,Organic,2.0 pts/acre,15,Partial Control,Lime Sulfur used during Vegetative stage under Cold conditions for Moderate Black Rot. Outcome: Partial Control. Recommended.
b3ede15b,3/5/2025,Potato,Late Blight,Flowering,Hot,Moderate,Propamocarb,Chemical,2.0 pts/acre,35,Success,Propamocarb used during Flowering stage under Hot conditions for Moderate Late Blight. Outcome: Success. Recommended.
15bb4b37,9/5/2025,Grape,Esca (Black Measles),Vegetative,Humid,High,Trichoderma species,Organic,3.0 pts/acre,41,Failure,Trichoderma species used during Vegetative stage under Humid conditions for High Esca (Black Measles). Outcome: Failure. Recommended.
75854abd,11/23/2025,Apple,Apple Scab,Seedling,Rainy,Critical,Captan,Chemical,3.0 pts/acre,20,Partial Control,Captan used during Seedling stage under Rainy conditions for Critical Apple Scab. Outcome: Partial Control. Recommended.
a8515377,5/31/2025,Potato,Early Blight,Vegetative,Cold,High,Chlorothalonil (Bravo),Chemical,3.0 pts/acre,30,Success,Chlorothalonil (Bravo) used during Vegetative stage under Cold conditions for High Early Blight. Outcome: Success. Recommended.
272590d7,8/7/2025,Apple,Black Rot,Vegetative,Humid,High,Thiophanate-methyl,Chemical,3.0 pts/acre,31,Success,Thiophanate-methyl used during Vegetative stage under Humid conditions for High Black Rot. Outcome: Success. Recommended.
74ea1ac7,5/15/2025,Potato,Late Blight,Flowering,Humid,Critical,Propamocarb,Chemical,3.0 pts/acre,44,Success,Propamocarb used during Flowering stage under Humid conditions for Critical Late Blight. Outcome: Success. Recommended.
bad8adc2,10/22/2025,Potato,Early Blight,Fruiting,Cold,High,Azoxystrobin (Quadris),Chemical,3.0 pts/acre,48,Success,Azoxystrobin (Quadris) used during Fruiting stage under Cold conditions for High Early Blight. Outcome: Success. Recommended.
e2bf5197,9/29/2025,Grape,Esca (Black Measles),Harvest Ready,Cold,High,Trichoderma species,Organic,3.0 pts/acre,41,Failure,Trichoderma species used during Harvest Ready stage under Cold conditions for High Esca (Black Measles). Outcome: Failure. Recommended.
a517b0fb,10/14/2025,Tomato,Late Blight,Fruiting,Dry/Sunny,High,Fixed Copper,Organic,3.0 pts/acre,12,Partial Control,Fixed Copper used during Fruiting stage under Dry/Sunny conditions for High Late Blight. Outcome: Partial Control. Recommended.
717fafaa,2/16/2026,Apple,Apple Scab,Seedling,Humid,Low,Sulfur,Organic,2.0 pts/acre,6,Partial Control,Sulfur used during Seedling stage under Humid conditions for Low Apple Scab. Outcome: Partial Control. Recommended.
3b0ff54f,6/14/2025,Potato,Late Blight,Vegetative,Rainy,Critical,Fixed Copper,Organic,3.0 pts/acre,13,Failure,Fixed Copper used during Vegetative stage under Rainy conditions for Critical Late Blight. Outcome: Failure. Recommended.
a3780ad9,1/25/2026,Apple,Black Rot,Flowering,Dry/Sunny,Moderate,Lime Sulfur,Organic,2.0 pts/acre,13,Partial Control,Lime Sulfur used during Flowering stage under Dry/Sunny conditions for Moderate Black Rot. Outcome: Partial Control. Recommended.
57547836,8/7/2025,Potato,Early Blight,Seedling,Dry/Sunny,Moderate,Bacillus subtilis,Organic,2.0 pts/acre,25,Partial Control,Bacillus subtilis used during Seedling stage under Dry/Sunny conditions for Moderate Early Blight. Outcome: Partial Control. Recommended.
9775c228,8/3/2025,Grape,Leaf Blight,Harvest Ready,Rainy,Moderate,Mancozeb,Chemical,2.0 pts/acre,24,Failure,Mancozeb used during Harvest Ready stage under Rainy conditions for Moderate Leaf Blight. Outcome: Failure. unsafe due to PHI (66 days).
370da67e,7/5/2025,Apple,Cedar Apple Rust,Vegetative,Humid,Critical,Myclobutanil,Chemical,3.0 pts/acre,37,Success,Myclobutanil used during Vegetative stage under Humid conditions for Critical Cedar Apple Rust. Outcome: Success. Recommended.
9c29fcbc,11/17/2025,Apple,Cedar Apple Rust,Fruiting,Hot,High,Myclobutanil,Chemical,3.0 pts/acre,37,Success,Myclobutanil used during Fruiting stage under Hot conditions for High Cedar Apple Rust. Outcome: Success. Recommended.
c2280200,11/11/2025,Grape,Leaf Blight,Flowering,Humid,Low,Mancozeb,Chemical,2.0 pts/acre,16,Success,Mancozeb used during Flowering stage under Humid conditions for Low Leaf Blight. Outcome: Success. Recommended.
7baa9106,6/18/2025,Potato,Early Blight,Fruiting,Dry/Sunny,Low,Azoxystrobin (Quadris),Chemical,2.0 pts/acre,48,Success,Azoxystrobin (Quadris) used during Fruiting stage under Dry/Sunny conditions for Low Early Blight. Outcome: Success. Recommended.
ed2398ae,11/12/2025,Grape,Leaf Blight,Fruiting,Humid,High,Copper Oxychloride,Chemical,3.0 pts/acre,15,Partial Control,Copper Oxychloride used during Fruiting stage under Humid conditions for High Leaf Blight. Outcome: Partial Control. Recommended.
5c28d862,7/15/2025,Potato,Late Blight,Vegetative,Rainy,High,Propamocarb,Chemical,3.0 pts/acre,36,Partial Control,Propamocarb used during Vegetative stage under Rainy conditions for High Late Blight. Outcome: Partial Control. Recommended.
be6a2412,4/16/2025,Apple,Cedar Apple Rust,Seedling,Cold,Moderate,Propiconazole,Chemical,2.0 pts/acre,35,Success,Propiconazole used during Seedling stage under Cold conditions for Moderate Cedar Apple Rust. Outcome: Success. Recommended.
db9b1d7f,3/3/2025,Potato,Early Blight,Seedling,Dry/Sunny,High,Chlorothalonil (Bravo),Chemical,3.0 pts/acre,21,Success,Chlorothalonil (Bravo) used during Seedling stage under Dry/Sunny conditions for High Early Blight. Outcome: Success. Recommended.
e470055a,9/6/2025,Potato,Late Blight,Harvest Ready,Dry/Sunny,Low,Fixed Copper,Organic,2.0 pts/acre,13,Partial Control,Fixed Copper used during Harvest Ready stage under Dry/Sunny conditions for Low Late Blight. Outcome: Partial Control. Recommended.
15946b85,5/2/2025,Potato,Early Blight,Harvest Ready,Dry/Sunny,High,Mancozeb (Dithane),Chemical,3.0 pts/acre,20,Failure,Mancozeb (Dithane) used during Harvest Ready stage under Dry/Sunny conditions for High Early Blight. Outcome: Failure. unsafe due to PHI (5 days).
012a0f35,12/24/2025,Tomato,Early Blight,Seedling,Cold,High,Copper Hydroxide,Organic,3.0 pts/acre,13,Partial Control,Copper Hydroxide used during Seedling stage under Cold conditions for High Early Blight. Outcome: Partial Control. Recommended.
89a64c09,1/16/2026,Grape,Esca (Black Measles),Vegetative,Hot,Critical,Pruning & Sanitation,Mechanical,3.0 pts/acre,101,Partial Control,Pruning & Sanitation used during Vegetative stage under Hot conditions for Critical Esca (Black Measles). Outcome: Partial Control. Recommended.
7d2479d6,4/3/2025,Potato,Late Blight,Harvest Ready,Hot,Low,Fixed Copper,Organic,2.0 pts/acre,10,Partial Control,Fixed Copper used during Harvest Ready stage under Hot conditions for Low Late Blight. Outcome: Partial Control. Recommended.
3beb9f6d,12/8/2025,Potato,Early Blight,Harvest Ready,Dry/Sunny,Moderate,Mancozeb (Dithane),Chemical,2.0 pts/acre,19,Failure,Mancozeb (Dithane) used during Harvest Ready stage under Dry/Sunny conditions for Moderate Early Blight. Outcome: Failure. unsafe due to PHI (5 days).
c710040a,2/5/2026,Apple,Apple Scab,Harvest Ready,Dry/Sunny,Moderate,Sulfur,Organic,2.0 pts/acre,8,Partial Control,Sulfur used during Harvest Ready stage under Dry/Sunny conditions for Moderate Apple Scab. Outcome: Partial Control. Recommended.
7369bbb6,11/9/2025,Potato,Late Blight,Seedling,Humid,Low,Fixed Copper,Organic,2.0 pts/acre,14,Partial Control,Fixed Copper used during Seedling stage under Humid conditions for Low Late Blight. Outcome: Partial Control. Recommended.
1bcf1445,9/27/2025,Apple,Cedar Apple Rust,Seedling,Dry/Sunny,Low,Myclobutanil,Chemical,2.0 pts/acre,36,Success,Myclobutanil used during Seedling stage under Dry/Sunny conditions for Low Cedar Apple Rust. Outcome: Success. Recommended.
dac603dd,1/13/2026,Potato,Late Blight,Seedling,Dry/Sunny,Low,Fixed Copper,Organic,2.0 pts/acre,13,Partial Control,Fixed Copper used during Seedling stage under Dry/Sunny conditions for Low Late Blight. Outcome: Partial Control. Recommended.
69233cfa,6/10/2025,Tomato,Late Blight,Seedling,Dry/Sunny,Low,Ridomil Gold,Chemical,2.0 pts/acre,56,Success,Ridomil Gold used during Seedling stage under Dry/Sunny conditions for Low Late Blight. Outcome: Success. Recommended.
d1c6aa96,12/19/2025,Tomato,Late Blight,Vegetative,Cold,Critical,Propamocarb,Chemical,3.0 pts/acre,42,Success,Propamocarb used during Vegetative stage under Cold conditions for Critical Late Blight. Outcome: Success. Recommended.
b66bf7a3,4/13/2025,Grape,Leaf Blight,Seedling,Dry/Sunny,Critical,Mancozeb,Chemical,3.0 pts/acre,20,Success,Mancozeb used during Seedling stage under Dry/Sunny conditions for Critical Leaf Blight. Outcome: Success. Recommended.
3c31923e,1/2/2026,Tomato,Bacterial Spot,Flowering,Humid,Critical,Agri-Mycin,Chemical,3.0 pts/acre,38,Partial Control,Agri-Mycin used during Flowering stage under Humid conditions for Critical Bacterial Spot. Outcome: Partial Control. Recommended.
44420586,7/6/2025,Grape,Leaf Blight,Flowering,Rainy,Critical,Copper Oxychloride,Chemical,3.0 pts/acre,21,Partial Control,Copper Oxychloride used during Flowering stage under Rainy conditions for Critical Leaf Blight. Outcome: Partial Control. Recommended.
ce0eb9e4,12/6/2025,Grape,Leaf Blight,Harvest Ready,Cold,Critical,Mancozeb,Chemical,3.0 pts/acre,22,Failure,Mancozeb used during Harvest Ready stage under Cold conditions for Critical Leaf Blight. Outcome: Failure. unsafe due to PHI (66 days).
4d6643fe,12/1/2025,Tomato,Early Blight,Vegetative,Hot,High,Azoxystrobin (Quadris),Chemical,3.0 pts/acre,40,Success,Azoxystrobin (Quadris) used during Vegetative stage under Hot conditions for High Early Blight. Outcome: Success. Recommended.
b0172e12,3/9/2025,Grape,Black Rot,Fruiting,Humid,Moderate,Lime Sulfur,Organic,2.0 pts/acre,11,Partial Control,Lime Sulfur used during Fruiting stage under Humid conditions for Moderate Black Rot. Outcome: Partial Control. Recommended.
9185c9c4,9/18/2025,Apple,Cedar Apple Rust,Vegetative,Dry/Sunny,Moderate,Myclobutanil,Chemical,2.0 pts/acre,36,Success,Myclobutanil used during Vegetative stage under Dry/Sunny conditions for Moderate Cedar Apple Rust. Outcome: Success. Recommended.
32592f1a,4/13/2025,Grape,Esca (Black Measles),Harvest Ready,Dry/Sunny,Low,Trichoderma species,Organic,2.0 pts/acre,37,Partial Control,Trichoderma species used during Harvest Ready stage under Dry/Sunny conditions for Low Esca (Black Measles). Outcome: Partial Control. Recommended.
75271fe9,7/17/2025,Apple,Black Rot,Flowering,Hot,High,Captan,Chemical,3.0 pts/acre,17,Partial Control,Captan used during Flowering stage under Hot conditions for High Black Rot. Outcome: Partial Control. Recommended.
5e6a8bac,11/3/2025,Grape,Leaf Blight,Flowering,Hot,Moderate,Copper Oxychloride,Chemical,2.0 pts/acre,16,Partial Control,Copper Oxychloride used during Flowering stage under Hot conditions for Moderate Leaf Blight. Outcome: Partial Control. Recommended.
1a1c7cf6,4/2/2025,Tomato,Bacterial Spot,Seedling,Humid,Moderate,Copper + Mancozeb,Chemical,2.0 pts/acre,23,Success,Copper + Mancozeb used during Seedling stage under Humid conditions for Moderate Bacterial Spot. Outcome: Success. Recommended.
93fe4b3c,10/27/2025,Apple,Cedar Apple Rust,Flowering,Cold,High,Propiconazole,Chemical,3.0 pts/acre,34,Success,Propiconazole used during Flowering stage under Cold conditions for High Cedar Apple Rust. Outcome: Success. Recommended.
c4d6f570,5/7/2025,Potato,Late Blight,Flowering,Dry/Sunny,High,Propamocarb,Chemical,3.0 pts/acre,44,Success,Propamocarb used during Flowering stage under Dry/Sunny conditions for High Late Blight. Outcome: Success. Recommended.
a4b39e81,10/1/2025,Tomato,Bacterial Spot,Seedling,Cold,Critical,Agri-Mycin,Chemical,3.0 pts/acre,33,Partial Control,Agri-Mycin used during Seedling stage under Cold conditions for Critical Bacterial Spot. Outcome: Partial Control. Recommended.
f06b87fe,4/19/2025,Potato,Late Blight,Flowering,Cold,High,Fixed Copper,Organic,3.0 pts/acre,20,Partial Control,Fixed Copper used during Flowering stage under Cold conditions for High Late Blight. Outcome: Partial Control. Recommended.
c8d634a6,5/3/2025,Apple,Apple Scab,Flowering,Cold,Low,Sulfur,Organic,2.0 pts/acre,10,Partial Control,Sulfur used during Flowering stage under Cold conditions for Low Apple Scab. Outcome: Partial Control. Recommended.
a869e6db,10/18/2025,Grape,Leaf Blight,Seedling,Humid,Critical,Copper Oxychloride,Chemical,3.0 pts/acre,19,Partial Control,Copper Oxychloride used during Seedling stage under Humid conditions for Critical Leaf Blight. Outcome: Partial Control. Recommended.
d7d87ae1,3/29/2025,Apple,Black Rot,Flowering,Cold,Low,Thiophanate-methyl,Chemical,2.0 pts/acre,37,Success,Thiophanate-methyl used during Flowering stage under Cold conditions for Low Black Rot. Outcome: Success. Recommended.
333b8c0e,10/16/2025,Apple,Black Rot,Fruiting,Humid,Critical,Lime Sulfur,Organic,3.0 pts/acre,11,Failure,Lime Sulfur used during Fruiting stage under Humid conditions for Critical Black Rot. Outcome: Failure. Recommended.
936ff87a,5/16/2025,Grape,Leaf Blight,Seedling,Cold,High,Mancozeb,Chemical,3.0 pts/acre,17,Partial Control,Mancozeb used during Seedling stage under Cold conditions for High Leaf Blight. Outcome: Partial Control. Recommended.
124b2ee3,12/20/2025,Tomato,Bacterial Spot,Fruiting,Humid,Critical,Copper + Mancozeb,Chemical,3.0 pts/acre,27,Success,Copper + Mancozeb used during Fruiting stage under Humid conditions for Critical Bacterial Spot. Outcome: Success. Recommended.
6824c465,8/4/2025,Tomato,Early Blight,Flowering,Cold,High,Chlorothalonil (Bravo),Chemical,3.0 pts/acre,21,Success,Chlorothalonil (Bravo) used during Flowering stage under Cold conditions for High Early Blight. Outcome: Success. Recommended.
ef11e793,2/27/2025,Potato,Late Blight,Harvest Ready,Dry/Sunny,Moderate,Propamocarb,Chemical,2.0 pts/acre,44,Failure,Propamocarb used during Harvest Ready stage under Dry/Sunny conditions for Moderate Late Blight. Outcome: Failure. unsafe due to PHI (5 days).
5fbc55e2,11/23/2025,Grape,Leaf Blight,Vegetative,Humid,Moderate,Copper Oxychloride,Chemical,2.0 pts/acre,23,Partial Control,Copper Oxychloride used during Vegetative stage under Humid conditions for Moderate Leaf Blight. Outcome: Partial Control. Recommended.
d9ad4eb1,8/2/2025,Potato,Late Blight,Harvest Ready,Rainy,Low,Ridomil Gold,Chemical,2.0 pts/acre,57,Failure,Ridomil Gold used during Harvest Ready stage under Rainy conditions for Low Late Blight. Outcome: Failure. unsafe due to PHI (5 days).
f98f4c90,11/9/2025,Grape,Esca (Black Measles),Harvest Ready,Hot,Low,Pruning & Sanitation,Mechanical,2.0 pts/acre,105,Partial Control,Pruning & Sanitation used during Harvest Ready stage under Hot conditions for Low Esca (Black Measles). Outcome: Partial Control. Recommended.
962db83a,8/19/2025,Apple,Cedar Apple Rust,Fruiting,Rainy,High,Myclobutanil,Chemical,3.0 pts/acre,43,Partial Control,Myclobutanil used during Fruiting stage under Rainy conditions for High Cedar Apple Rust. Outcome: Partial Control. Recommended.
5e9f3644,12/1/2025,Apple,Cedar Apple Rust,Seedling,Cold,Critical,Propiconazole,Chemical,3.0 pts/acre,26,Success,Propiconazole used during Seedling stage under Cold conditions for Critical Cedar Apple Rust. Outcome: Success. Recommended.
4e739fc5,8/2/2025,Tomato,Bacterial Spot,Seedling,Cold,Low,Bacteriophages,Organic,2.0 pts/acre,47,Partial Control,Bacteriophages used during Seedling stage under Cold conditions for Low Bacterial Spot. Outcome: Partial Control. Recommended.
81b3e087,6/29/2025,Grape,Black Rot,Fruiting,Dry/Sunny,Critical,Lime Sulfur,Organic,3.0 pts/acre,12,Failure,Lime Sulfur used during Fruiting stage under Dry/Sunny conditions for Critical Black Rot. Outcome: Failure. Recommended.
77c77c3e,6/13/2025,Potato,Early Blight,Fruiting,Rainy,High,Copper Hydroxide,Organic,3.0 pts/acre,11,Failure,Copper Hydroxide used during Fruiting stage under Rainy conditions for High Early Blight. Outcome: Failure. Recommended.
a90eb561,2/26/2025,Grape,Black Rot,Vegetative,Rainy,Critical,Captan,Chemical,3.0 pts/acre,17,Partial Control,Captan used during Vegetative stage under Rainy conditions for Critical Black Rot. Outcome: Partial Control. Recommended.
82f7314a,2/12/2026,Tomato,Bacterial Spot,Harvest Ready,Dry/Sunny,High,Agri-Mycin,Chemical,3.0 pts/acre,34,Partial Control,Agri-Mycin used during Harvest Ready stage under Dry/Sunny conditions for High Bacterial Spot. Outcome: Partial Control. Recommended.
8a2512e1,12/19/2025,Apple,Cedar Apple Rust,Vegetative,Cold,High,Propiconazole,Chemical,3.0 pts/acre,26,Success,Propiconazole used during Vegetative stage under Cold conditions for High Cedar Apple Rust. Outcome: Success. Recommended.
9bfa36ca,9/30/2025,Apple,Apple Scab,Flowering,Hot,Moderate,Myclobutanil,Chemical,2.0 pts/acre,40,Success,Myclobutanil used during Flowering stage under Hot conditions for Moderate Apple Scab. Outcome: Success. Recommended.
06e038df,5/13/2025,Tomato,Late Blight,Vegetative,Hot,High,Fixed Copper,Organic,3.0 pts/acre,20,Partial Control,Fixed Copper used during Vegetative stage under Hot conditions for High Late Blight. Outcome: Partial Control. Recommended.
2572e880,12/19/2025,Grape,Black Rot,Seedling,Humid,Low,Captan,Chemical,2.0 pts/acre,18,Success,Captan used during Seedling stage under Humid conditions for Low Black Rot. Outcome: Success. Recommended.
90ae7b41,11/3/2025,Tomato,Bacterial Spot,Vegetative,Humid,Moderate,Bacteriophages,Organic,2.0 pts/acre,45,Partial Control,Bacteriophages used during Vegetative stage under Humid conditions for Moderate Bacterial Spot. Outcome: Partial Control. Recommended.
26bc1fc0,10/5/2025,Potato,Late Blight,Harvest Ready,Cold,Low,Ridomil Gold,Chemical,2.0 pts/acre,50,Failure,Ridomil Gold used during Harvest Ready stage under Cold conditions for Low Late Blight. Outcome: Failure. unsafe due to PHI (5 days).
5e0f7eb2,5/31/2025,Potato,Late Blight,Flowering,Rainy,Critical,Propamocarb,Chemical,3.0 pts/acre,44,Partial Control,Propamocarb used during Flowering stage under Rainy conditions for Critical Late Blight. Outcome: Partial Control. Recommended.
de168c09,8/28/2025,Grape,Leaf Blight,Fruiting,Dry/Sunny,High,Mancozeb,Chemical,3.0 pts/acre,20,Partial Control,Mancozeb used during Fruiting stage under Dry/Sunny conditions for High Leaf Blight. Outcome: Partial Control. Recommended.
57d68978,12/14/2025,Potato,Early Blight,Seedling,Cold,Moderate,Mancozeb (Dithane),Chemical,2.0 pts/acre,16,Success,Mancozeb (Dithane) used during Seedling stage under Cold conditions for Moderate Early Blight. Outcome: Success. Recommended.
e0aa868c,10/20/2025,Potato,Late Blight,Harvest Ready,Rainy,Critical,Fixed Copper,Organic,3.0 pts/acre,19,Failure,Fixed Copper used during Harvest Ready stage under Rainy conditions for Critical Late Blight. Outcome: Failure. Recommended.
8f82583e,6/14/2025,Apple,Cedar Apple Rust,Harvest Ready,Humid,Critical,Myclobutanil,Chemical,3.0 pts/acre,43,Failure,Myclobutanil used during Harvest Ready stage under Humid conditions for Critical Cedar Apple Rust. Outcome: Failure. unsafe due to PHI (14 days).
8a33b75d,1/16/2026,Tomato,Early Blight,Flowering,Rainy,Critical,Mancozeb (Dithane),Chemical,3.0 pts/acre,15,Partial Control,Mancozeb (Dithane) used during Flowering stage under Rainy conditions for Critical Early Blight. Outcome: Partial Control. Recommended.
421091b8,6/17/2025,Tomato,Late Blight,Seedling,Cold,Low,Propamocarb,Chemical,2.0 pts/acre,40,Success,Propamocarb used during Seedling stage under Cold conditions for Low Late Blight. Outcome: Success. Recommended.
ca014a9a,3/31/2025,Apple,Cedar Apple Rust,Harvest Ready,Cold,Low,Myclobutanil,Chemical,2.0 pts/acre,42,Failure,Myclobutanil used during Harvest Ready stage under Cold conditions for Low Cedar Apple Rust. Outcome: Failure. unsafe due to PHI (14 days).
3bce51d2,10/25/2025,Potato,Late Blight,Fruiting,Hot,Moderate,Fixed Copper,Organic,2.0 pts/acre,11,Partial Control,Fixed Copper used during Fruiting stage under Hot conditions for Moderate Late Blight. Outcome: Partial Control. Recommended.
b06065de,10/9/2025,Potato,Late Blight,Flowering,Rainy,Moderate,Ridomil Gold,Chemical,2.0 pts/acre,58,Success,Ridomil Gold used during Flowering stage under Rainy conditions for Moderate Late Blight. Outcome: Success. Recommended.
350429a2,6/26/2025,Tomato,Bacterial Spot,Harvest Ready,Dry/Sunny,Moderate,Bacteriophages,Organic,2.0 pts/acre,46,Partial Control,Bacteriophages used during Harvest Ready stage under Dry/Sunny conditions for Moderate Bacterial Spot. Outcome: Partial Control. Recommended.
b1f0bacf,6/18/2025,Potato,Late Blight,Vegetative,Hot,Moderate,Propamocarb,Chemical,2.0 pts/acre,36,Success,Propamocarb used during Vegetative stage under Hot conditions for Moderate Late Blight. Outcome: Success. Recommended.
3e3dd244,7/5/2025,Apple,Cedar Apple Rust,Fruiting,Humid,Low,Myclobutanil,Chemical,2.0 pts/acre,34,Success,Myclobutanil used during Fruiting stage under Humid conditions for Low Cedar Apple Rust. Outcome: Success. Recommended.
20be1499,10/19/2025,Potato,Early Blight,Fruiting,Dry/Sunny,High,Copper Hydroxide,Organic,3.0 pts/acre,20,Partial Control,Copper Hydroxide used during Fruiting stage under Dry/Sunny conditions for High Early Blight. Outcome: Partial Control. Recommended.
1a839740,9/12/2025,Tomato,Late Blight,Harvest Ready,Rainy,Moderate,Fixed Copper,Organic,2.0 pts/acre,13,Partial Control,Fixed Copper used during Harvest Ready stage under Rainy conditions for Moderate Late Blight. Outcome: Partial Control. Recommended.
d93590f5,2/13/2026,Tomato,Bacterial Spot,Harvest Ready,Dry/Sunny,Moderate,Bacteriophages,Organic,2.0 pts/acre,49,Partial Control,Bacteriophages used during Harvest Ready stage under Dry/Sunny conditions for Moderate Bacterial Spot. Outcome: Partial Control. Recommended.
8ad2c12a,1/19/2026,Grape,Esca (Black Measles),Seedling,Hot,High,Trichoderma species,Organic,3.0 pts/acre,43,Failure,Trichoderma species used during Seedling stage under Hot conditions for High Esca (Black Measles). Outcome: Failure. Recommended.
99dc9442,9/23/2025,Tomato,Early Blight,Fruiting,Humid,Critical,Mancozeb (Dithane),Chemical,3.0 pts/acre,24,Success,Mancozeb (Dithane) used during Fruiting stage under Humid conditions for Critical Early Blight. Outcome: Success. Recommended.
6b1bc5a0,7/17/2025,Tomato,Late Blight,Harvest Ready,Dry/Sunny,Low,Fixed Copper,Organic,2.0 pts/acre,17,Partial Control,Fixed Copper used during Harvest Ready stage under Dry/Sunny conditions for Low Late Blight. Outcome: Partial Control. Recommended.
df40b1b5,9/22/2025,Apple,Apple Scab,Harvest Ready,Dry/Sunny,Low,Sulfur,Organic,2.0 pts/acre,12,Partial Control,Sulfur used during Harvest Ready stage under Dry/Sunny conditions for Low Apple Scab. Outcome: Partial Control. Recommended.
84a62025,4/14/2025,Potato,Early Blight,Fruiting,Cold,Moderate,Copper Hydroxide,Organic,2.0 pts/acre,11,Partial Control,Copper Hydroxide used during Fruiting stage under Cold conditions for Moderate Early Blight. Outcome: Partial Control. Recommended.
77d0ec94,7/14/2025,Grape,Esca (Black Measles),Seedling,Rainy,High,Pruning & Sanitation,Mechanical,3.0 pts/acre,100,Partial Control,Pruning & Sanitation used during Seedling stage under Rainy conditions for High Esca (Black Measles). Outcome: Partial Control. Recommended.
67c218f8,10/16/2025,Grape,Esca (Black Measles),Fruiting,Hot,Moderate,Trichoderma species,Organic,2.0 pts/acre,36,Partial Control,Trichoderma species used during Fruiting stage under Hot conditions for Moderate Esca (Black Measles). Outcome: Partial Control. Recommended.
8e45c3fa,12/31/2025,Potato,Early Blight,Vegetative,Rainy,Low,Mancozeb (Dithane),Chemical,2.0 pts/acre,19,Partial Control,Mancozeb (Dithane) used during Vegetative stage under Rainy conditions for Low Early Blight. Outcome: Partial Control. Recommended.
d4b0e225,6/8/2025,Grape,Black Rot,Flowering,Humid,Critical,Lime Sulfur,Organic,3.0 pts/acre,17,Failure,Lime Sulfur used during Flowering stage under Humid conditions for Critical Black Rot. Outcome: Failure. Recommended.
84656f3f,10/20/2025,Potato,Early Blight,Flowering,Hot,Low,Bacillus subtilis,Organic,2.0 pts/acre,34,Partial Control,Bacillus subtilis used during Flowering stage under Hot conditions for Low Early Blight. Outcome: Partial Control. Recommended.
12c3ee44,8/15/2025,Potato,Early Blight,Seedling,Hot,Critical,Copper Hydroxide,Organic,3.0 pts/acre,17,Failure,Copper Hydroxide used during Seedling stage under Hot conditions for Critical Early Blight. Outcome: Failure. Recommended.
b3ad10f6,5/30/2025,Potato,Early Blight,Harvest Ready,Humid,Low,Copper Hydroxide,Organic,2.0 pts/acre,11,Partial Control,Copper Hydroxide used during Harvest Ready stage under Humid conditions for Low Early Blight. Outcome: Partial Control. Recommended.
3fcfd1da,2/11/2026,Apple,Black Rot,Vegetative,Rainy,Critical,Captan,Chemical,3.0 pts/acre,19,Partial Control,Captan used during Vegetative stage under Rainy conditions for Critical Black Rot. Outcome: Partial Control. Recommended.
9e6f70fc,10/19/2025,Tomato,Early Blight,Flowering,Rainy,High,Bacillus subtilis,Organic,3.0 pts/acre,33,Failure,Bacillus subtilis used during Flowering stage under Rainy conditions for High Early Blight. Outcome: Failure. Recommended.
01b3fa4c,5/13/2025,Apple,Apple Scab,Flowering,Humid,Moderate,Myclobutanil,Chemical,2.0 pts/acre,39,Success,Myclobutanil used during Flowering stage under Humid conditions for Moderate Apple Scab. Outcome: Success. Recommended.
cd42c1d6,5/22/2025,Grape,Leaf Blight,Harvest Ready,Hot,Critical,Copper Oxychloride,Chemical,3.0 pts/acre,23,Partial Control,Copper Oxychloride used during Harvest Ready stage under Hot conditions for Critical Leaf Blight. Outcome: Partial Control. Recommended.
dc9881db,12/22/2025,Potato,Early Blight,Fruiting,Humid,Moderate,Azoxystrobin (Quadris),Chemical,2.0 pts/acre,50,Success,Azoxystrobin (Quadris) used during Fruiting stage under Humid conditions for Moderate Early Blight. Outcome: Success. Recommended.
8b480558,4/21/2025,Apple,Apple Scab,Vegetative,Dry/Sunny,Moderate,Myclobutanil,Chemical,2.0 pts/acre,43,Success,Myclobutanil used during Vegetative stage under Dry/Sunny conditions for Moderate Apple Scab. Outcome: Success. Recommended.
f48647a5,11/10/2025,Apple,Cedar Apple Rust,Fruiting,Cold,High,Propiconazole,Chemical,3.0 pts/acre,29,Success,Propiconazole used during Fruiting stage under Cold conditions for High Cedar Apple Rust. Outcome: Success. Recommended.
06a4add2,10/14/2025,Potato,Late Blight,Harvest Ready,Hot,Critical,Ridomil Gold,Chemical,3.0 pts/acre,57,Failure,Ridomil Gold used during Harvest Ready stage under Hot conditions for Critical Late Blight. Outcome: Failure. unsafe due to PHI (5 days).
3a3fb26c,5/15/2025,Tomato,Late Blight,Seedling,Cold,Low,Ridomil Gold,Chemical,2.0 pts/acre,55,Success,Ridomil Gold used during Seedling stage under Cold conditions for Low Late Blight. Outcome: Success. Recommended.
9780a217,4/29/2025,Potato,Early Blight,Harvest Ready,Cold,Critical,Copper Hydroxide,Organic,3.0 pts/acre,14,Failure,Copper Hydroxide used during Harvest Ready stage under Cold conditions for Critical Early Blight. Outcome: Failure. Recommended.
9372f710,7/10/2025,Potato,Early Blight,Fruiting,Humid,Moderate,Chlorothalonil (Bravo),Chemical,2.0 pts/acre,24,Success,Chlorothalonil (Bravo) used during Fruiting stage under Humid conditions for Moderate Early Blight. Outcome: Success. Recommended.
a2f08fd2,9/9/2025,Tomato,Early Blight,Fruiting,Hot,Moderate,Copper Hydroxide,Organic,2.0 pts/acre,17,Partial Control,Copper Hydroxide used during Fruiting stage under Hot conditions for Moderate Early Blight. Outcome: Partial Control. Recommended.
b7bf402e,9/21/2025,Tomato,Bacterial Spot,Flowering,Cold,Critical,Agri-Mycin,Chemical,3.0 pts/acre,35,Partial Control,Agri-Mycin used during Flowering stage under Cold conditions for Critical Bacterial Spot. Outcome: Partial Control. Recommended.
09d1e195,7/9/2025,Grape,Leaf Blight,Vegetative,Rainy,Moderate,Copper Oxychloride,Chemical,2.0 pts/acre,18,Partial Control,Copper Oxychloride used during Vegetative stage under Rainy conditions for Moderate Leaf Blight. Outcome: Partial Control. Recommended.
b0edc472,10/23/2025,Grape,Black Rot,Harvest Ready,Hot,Critical,Lime Sulfur,Organic,3.0 pts/acre,10,Failure,Lime Sulfur used during Harvest Ready stage under Hot conditions for Critical Black Rot. Outcome: Failure. Recommended.
4a600255,4/23/2025,Potato,Early Blight,Flowering,Hot,High,Chlorothalonil (Bravo),Chemical,3.0 pts/acre,23,Success,Chlorothalonil (Bravo) used during Flowering stage under Hot conditions for High Early Blight. Outcome: Success. Recommended.
70ba1f9c,12/10/2025,Tomato,Late Blight,Flowering,Hot,Moderate,Propamocarb,Chemical,2.0 pts/acre,41,Success,Propamocarb used during Flowering stage under Hot conditions for Moderate Late Blight. Outcome: Success. Recommended.
3c5539c5,1/18/2026,Tomato,Late Blight,Fruiting,Hot,High,Propamocarb,Chemical,3.0 pts/acre,44,Success,Propamocarb used during Fruiting stage under Hot conditions for High Late Blight. Outcome: Success. Recommended.
900c0e42,2/12/2026,Apple,Cedar Apple Rust,Fruiting,Humid,Critical,Myclobutanil,Chemical,3.0 pts/acre,41,Success,Myclobutanil used during Fruiting stage under Humid conditions for Critical Cedar Apple Rust. Outcome: Success. Recommended.
df12fa9f,4/10/2025,Potato,Late Blight,Seedling,Dry/Sunny,High,Propamocarb,Chemical,3.0 pts/acre,38,Success,Propamocarb used during Seedling stage under Dry/Sunny conditions for High Late Blight. Outcome: Success. Recommended.
b38c4dd5,9/24/2025,Apple,Black Rot,Harvest Ready,Cold,Moderate,Thiophanate-methyl,Chemical,2.0 pts/acre,36,Success,Thiophanate-methyl used during Harvest Ready stage under Cold conditions for Moderate Black Rot. Outcome: Success. Recommended.
32a39416,5/25/2025,Apple,Apple Scab,Harvest Ready,Rainy,Critical,Sulfur,Organic,3.0 pts/acre,10,Failure,Sulfur used during Harvest Ready stage under Rainy conditions for Critical Apple Scab. Outcome: Failure. Recommended.
881da7db,7/11/2025,Apple,Apple Scab,Vegetative,Humid,Low,Myclobutanil,Chemical,2.0 pts/acre,33,Success,Myclobutanil used during Vegetative stage under Humid conditions for Low Apple Scab. Outcome: Success. Recommended.
5dcd48e1,11/20/2025,Apple,Apple Scab,Flowering,Rainy,High,Myclobutanil,Chemical,3.0 pts/acre,35,Partial Control,Myclobutanil used during Flowering stage under Rainy conditions for High Apple Scab. Outcome: Partial Control. Recommended.
25e90428,1/10/2026,Grape,Leaf Blight,Fruiting,Rainy,High,Mancozeb,Chemical,3.0 pts/acre,18,Partial Control,Mancozeb used during Fruiting stage under Rainy conditions for High Leaf Blight. Outcome: Partial Control. Recommended.
f4d275e5,11/27/2025,Potato,Early Blight,Flowering,Cold,Low,Azoxystrobin (Quadris),Chemical,2.0 pts/acre,49,Success,Azoxystrobin (Quadris) used during Flowering stage under Cold conditions for Low Early Blight. Outcome: Success. Recommended.
2be246b0,9/24/2025,Grape,Black Rot,Fruiting,Rainy,Critical,Thiophanate-methyl,Chemical,3.0 pts/acre,29,Partial Control,Thiophanate-methyl used during Fruiting stage under Rainy conditions for Critical Black Rot. Outcome: Partial Control. Recommended.
0ad447c1,10/15/2025,Grape,Leaf Blight,Seedling,Cold,Low,Copper Oxychloride,Chemical,2.0 pts/acre,21,Partial Control,Copper Oxychloride used during Seedling stage under Cold conditions for Low Leaf Blight. Outcome: Partial Control. Recommended.
b23847d9,6/25/2025,Tomato,Early Blight,Flowering,Hot,Moderate,Chlorothalonil (Bravo),Chemical,2.0 pts/acre,29,Success,Chlorothalonil (Bravo) used during Flowering stage under Hot conditions for Moderate Early Blight. Outcome: Success. Recommended.
c2536ee2,5/27/2025,Tomato,Early Blight,Vegetative,Humid,Moderate,Mancozeb (Dithane),Chemical,2.0 pts/acre,22,Success,Mancozeb (Dithane) used during Vegetative stage under Humid conditions for Moderate Early Blight. Outcome: Success. Recommended.
14a783eb,6/7/2025,Tomato,Early Blight,Flowering,Humid,Moderate,Mancozeb (Dithane),Chemical,2.0 pts/acre,24,Success,Mancozeb (Dithane) used during Flowering stage under Humid conditions for Moderate Early Blight. Outcome: Success. Recommended.
36c48db3,7/20/2025,Apple,Apple Scab,Harvest Ready,Cold,Moderate,Sulfur,Organic,2.0 pts/acre,14,Partial Control,Sulfur used during Harvest Ready stage under Cold conditions for Moderate Apple Scab. Outcome: Partial Control. Recommended.
a2d609ab,9/2/2025,Potato,Early Blight,Flowering,Hot,Critical,Mancozeb (Dithane),Chemical,3.0 pts/acre,23,Success,Mancozeb (Dithane) used during Flowering stage under Hot conditions for Critical Early Blight. Outcome: Success. Recommended.
eb33f3b5,5/7/2025,Apple,Apple Scab,Fruiting,Cold,Moderate,Captan,Chemical,2.0 pts/acre,20,Success,Captan used during Fruiting stage under Cold conditions for Moderate Apple Scab. Outcome: Success. Recommended.
11266204,10/20/2025,Apple,Black Rot,Vegetative,Cold,High,Lime Sulfur,Organic,3.0 pts/acre,8,Failure,Lime Sulfur used during Vegetative stage under Cold conditions for High Black Rot. Outcome: Failure. Recommended.
1ab74bba,5/5/2025,Grape,Black Rot,Vegetative,Dry/Sunny,Moderate,Captan,Chemical,2.0 pts/acre,26,Success,Captan used during Vegetative stage under Dry/Sunny conditions for Moderate Black Rot. Outcome: Success. Recommended.
b0e207bb,10/22/2025,Potato,Late Blight,Harvest Ready,Cold,Critical,Fixed Copper,Organic,3.0 pts/acre,15,Failure,Fixed Copper used during Harvest Ready stage under Cold conditions for Critical Late Blight. Outcome: Failure. Recommended.
0419b5f4,10/7/2025,Potato,Early Blight,Vegetative,Rainy,Critical,Bacillus subtilis,Organic,3.0 pts/acre,28,Failure,Bacillus subtilis used during Vegetative stage under Rainy conditions for Critical Early Blight. Outcome: Failure. Recommended.
249283ad,7/15/2025,Tomato,Late Blight,Seedling,Hot,High,Propamocarb,Chemical,3.0 pts/acre,36,Success,Propamocarb used during Seedling stage under Hot conditions for High Late Blight. Outcome: Success. Recommended.
9d487d84,2/19/2025,Grape,Leaf Blight,Flowering,Dry/Sunny,Low,Mancozeb,Chemical,2.0 pts/acre,23,Success,Mancozeb used during Flowering stage under Dry/Sunny conditions for Low Leaf Blight. Outcome: Success. Recommended.
b02c23bd,3/9/2025,Tomato,Bacterial Spot,Vegetative,Rainy,Low,Copper + Mancozeb,Chemical,2.0 pts/acre,26,Partial Control,Copper + Mancozeb used during Vegetative stage under Rainy conditions for Low Bacterial Spot. Outcome: Partial Control. Recommended.
31ed01f8,3/12/2025,Potato,Early Blight,Harvest Ready,Cold,High,Azoxystrobin (Quadris),Chemical,3.0 pts/acre,41,Success,Azoxystrobin (Quadris) used during Harvest Ready stage under Cold conditions for High Early Blight. Outcome: Success. Recommended.
e35baf33,12/15/2025,Grape,Black Rot,Flowering,Humid,Critical,Lime Sulfur,Organic,3.0 pts/acre,9,Failure,Lime Sulfur used during Flowering stage under Humid conditions for Critical Black Rot. Outcome: Failure. Recommended.
94f4a243,12/15/2025,Apple,Apple Scab,Vegetative,Humid,Critical,Captan,Chemical,3.0 pts/acre,17,Success,Captan used during Vegetative stage under Humid conditions for Critical Apple Scab. Outcome: Success. Recommended.
22d5da85,9/24/2025,Grape,Leaf Blight,Fruiting,Hot,Critical,Copper Oxychloride,Chemical,3.0 pts/acre,17,Partial Control,Copper Oxychloride used during Fruiting stage under Hot conditions for Critical Leaf Blight. Outcome: Partial Control. Recommended.
e5850e8a,5/9/2025,Apple,Cedar Apple Rust,Fruiting,Rainy,Low,Myclobutanil,Chemical,2.0 pts/acre,34,Success,Myclobutanil used during Fruiting stage under Rainy conditions for Low Cedar Apple Rust. Outcome: Success. Recommended.
d592ed98,11/22/2025,Apple,Black Rot,Flowering,Cold,Moderate,Thiophanate-methyl,Chemical,2.0 pts/acre,30,Success,Thiophanate-methyl used during Flowering stage under Cold conditions for Moderate Black Rot. Outcome: Success. Recommended.
6361069e,8/23/2025,Potato,Late Blight,Harvest Ready,Rainy,Moderate,Propamocarb,Chemical,2.0 pts/acre,39,Failure,Propamocarb used during Harvest Ready stage under Rainy conditions for Moderate Late Blight. Outcome: Failure. unsafe due to PHI (5 days).
135254,3/24/2025,Apple,Cedar Apple Rust,Harvest Ready,Rainy,High,Propiconazole,Chemical,3.0 pts/acre,27,Failure,Propiconazole used during Harvest Ready stage under Rainy conditions for High Cedar Apple Rust. Outcome: Failure. unsafe due to PHI (14 days).
86d74ac5,3/11/2025,Tomato,Late Blight,Vegetative,Dry/Sunny,Low,Propamocarb,Chemical,2.0 pts/acre,44,Success,Propamocarb used during Vegetative stage under Dry/Sunny conditions for Low Late Blight. Outcome: Success. Recommended.
9d972acc,3/18/2025,Apple,Black Rot,Seedling,Humid,Moderate,Lime Sulfur,Organic,2.0 pts/acre,10,Partial Control,Lime Sulfur used during Seedling stage under Humid conditions for Moderate Black Rot. Outcome: Partial Control. Recommended.
c1172f30,5/9/2025,Tomato,Bacterial Spot,Fruiting,Rainy,Low,Copper + Mancozeb,Chemical,2.0 pts/acre,27,Partial Control,Copper + Mancozeb used during Fruiting stage under Rainy conditions for Low Bacterial Spot. Outcome: Partial Control. Recommended.
02359b65,10/18/2025,Tomato,Late Blight,Fruiting,Dry/Sunny,Moderate,Propamocarb,Chemical,2.0 pts/acre,36,Success,Propamocarb used during Fruiting stage under Dry/Sunny conditions for Moderate Late Blight. Outcome: Success. Recommended.
097c03f3,10/22/2025,Tomato,Early Blight,Fruiting,Dry/Sunny,High,Mancozeb (Dithane),Chemical,3.0 pts/acre,25,Partial Control,Mancozeb (Dithane) used during Fruiting stage under Dry/Sunny conditions for High Early Blight. Outcome: Partial Control. Recommended.
4878c889,9/27/2025,Potato,Early Blight,Flowering,Cold,Critical,Chlorothalonil (Bravo),Chemical,3.0 pts/acre,24,Success,Chlorothalonil (Bravo) used during Flowering stage under Cold conditions for Critical Early Blight. Outcome: Success. Recommended.
e7e8c370,3/24/2025,Apple,Black Rot,Harvest Ready,Dry/Sunny,Critical,Captan,Chemical,3.0 pts/acre,26,Success,Captan used during Harvest Ready stage under Dry/Sunny conditions for Critical Black Rot. Outcome: Success. Recommended.
576ead72,11/29/2025,Grape,Esca (Black Measles),Harvest Ready,Humid,High,Trichoderma species,Organic,3.0 pts/acre,45,Failure,Trichoderma species used during Harvest Ready stage under Humid conditions for High Esca (Black Measles). Outcome: Failure. Recommended.
6ddbd74c,3/23/2025,Apple,Black Rot,Vegetative,Cold,Moderate,Lime Sulfur,Organic,2.0 pts/acre,8,Partial Control,Lime Sulfur used during Vegetative stage under Cold conditions for Moderate Black Rot. Outcome: Partial Control. Recommended.
22b5ad4f,4/30/2025,Grape,Black Rot,Fruiting,Dry/Sunny,High,Thiophanate-methyl,Chemical,3.0 pts/acre,31,Success,Thiophanate-methyl used during Fruiting stage under Dry/Sunny conditions for High Black Rot. Outcome: Success. Recommended.
c1863d88,7/26/2025,Apple,Apple Scab,Flowering,Rainy,Moderate,Myclobutanil,Chemical,2.0 pts/acre,39,Success,Myclobutanil used during Flowering stage under Rainy conditions for Moderate Apple Scab. Outcome: Success. Recommended.
6f6edffe,4/12/2025,Tomato,Bacterial Spot,Seedling,Dry/Sunny,High,Copper + Mancozeb,Chemical,3.0 pts/acre,23,Partial Control,Copper + Mancozeb used during Seedling stage under Dry/Sunny conditions for High Bacterial Spot. Outcome: Partial Control. Recommended.
033e71ef,1/16/2026,Apple,Black Rot,Vegetative,Humid,Moderate,Captan,Chemical,2.0 pts/acre,26,Success,Captan used during Vegetative stage under Humid conditions for Moderate Black Rot. Outcome: Success. Recommended.
ee11a965,7/7/2025,Apple,Apple Scab,Flowering,Hot,Critical,Myclobutanil,Chemical,3.0 pts/acre,38,Success,Myclobutanil used during Flowering stage under Hot conditions for Critical Apple Scab. Outcome: Success. Recommended.
2d93b8e4,10/15/2025,Grape,Leaf Blight,Seedling,Dry/Sunny,Low,Mancozeb,Chemical,2.0 pts/acre,23,Success,Mancozeb used during Seedling stage under Dry/Sunny conditions for Low Leaf Blight. Outcome: Success. Recommended.
ad1493c3,9/19/2025,Tomato,Early Blight,Flowering,Hot,Low,Mancozeb (Dithane),Chemical,2.0 pts/acre,16,Success,Mancozeb (Dithane) used during Flowering stage under Hot conditions for Low Early Blight. Outcome: Success. Recommended.
bbdd4ba2,6/16/2025,Potato,Early Blight,Vegetative,Humid,Low,Bacillus subtilis,Organic,2.0 pts/acre,32,Partial Control,Bacillus subtilis used during Vegetative stage under Humid conditions for Low Early Blight. Outcome: Partial Control. Recommended.
0acc27f5,7/3/2025,Tomato,Late Blight,Harvest Ready,Dry/Sunny,High,Propamocarb,Chemical,3.0 pts/acre,39,Failure,Propamocarb used during Harvest Ready stage under Dry/Sunny conditions for High Late Blight. Outcome: Failure. unsafe due to PHI (5 days).
f37dd955,5/31/2025,Apple,Apple Scab,Seedling,Dry/Sunny,Low,Captan,Chemical,2.0 pts/acre,21,Success,Captan used during Seedling stage under Dry/Sunny conditions for Low Apple Scab. Outcome: Success. Recommended.
ef529a59,6/1/2025,Tomato,Late Blight,Flowering,Rainy,Critical,Propamocarb,Chemical,3.0 pts/acre,38,Partial Control,Propamocarb used during Flowering stage under Rainy conditions for Critical Late Blight. Outcome: Partial Control. Recommended.
01cb8ba4,12/26/2025,Grape,Esca (Black Measles),Harvest Ready,Dry/Sunny,Low,Trichoderma species,Organic,2.0 pts/acre,42,Partial Control,Trichoderma species used during Harvest Ready stage under Dry/Sunny conditions for Low Esca (Black Measles). Outcome: Partial Control. Recommended.
ff102980,11/10/2025,Tomato,Bacterial Spot,Harvest Ready,Hot,Critical,Bacteriophages,Organic,3.0 pts/acre,50,Failure,Bacteriophages used during Harvest Ready stage under Hot conditions for Critical Bacterial Spot. Outcome: Failure. Recommended.
59758c2f,4/14/2025,Tomato,Bacterial Spot,Seedling,Cold,Moderate,Copper + Mancozeb,Chemical,2.0 pts/acre,21,Success,Copper + Mancozeb used during Seedling stage under Cold conditions for Moderate Bacterial Spot. Outcome: Success. Recommended.
7b175d45,6/9/2025,Apple,Apple Scab,Flowering,Dry/Sunny,Low,Captan,Chemical,2.0 pts/acre,21,Success,Captan used during Flowering stage under Dry/Sunny conditions for Low Apple Scab. Outcome: Success. Recommended.
c557a5d9,3/19/2025,Apple,Apple Scab,Fruiting,Dry/Sunny,High,Sulfur,Organic,3.0 pts/acre,13,Partial Control,Sulfur used during Fruiting stage under Dry/Sunny conditions for High Apple Scab. Outcome: Partial Control. Recommended.
